,Total,y1,y2,y11,y12,y21,y22,Bottom1,Bottom2,Bottom3,Bottom4,Bottom5,Bottom6,Bottom7,Bottom8,Bottom9,Bottom10,Bottom11,Bottom12,Bottom13,Bottom14,Bottom15,Bottom16,Bottom17,Bottom18,Bottom19,Bottom20,Bottom21,Bottom22,Bottom23,Bottom24,Bottom25,Bottom26,Bottom27,Bottom28,Bottom29,Bottom30,Bottom31,Bottom32,Bottom33,Bottom34,Bottom35,Bottom36,Bottom37,Bottom38,Bottom39,Bottom40,Bottom41,Bottom42,Bottom43,Bottom44,Bottom45,Bottom46,Bottom47,Bottom48,Bottom49,Bottom50,Bottom51,Bottom52,Bottom53,Bottom54,Bottom55,Bottom56,Bottom57,Bottom58,Bottom59,Bottom60,Bottom61,Bottom62,Bottom63,Bottom64,Bottom65,Bottom66,Bottom67,Bottom68,Bottom69,Bottom70,Bottom71,Bottom72,Bottom73,Bottom74,Bottom75,Bottom76,Bottom77,Bottom78,Bottom79,Bottom80,Bottom81,Bottom82,Bottom83,Bottom84,Bottom85,Bottom86,Bottom87,Bottom88,Bottom89,Bottom90,Bottom91,Bottom92,Bottom93,Bottom94,Bottom95,Bottom96,Bottom97,Bottom98,Bottom99,Bottom100,Bottom101,Bottom102,Bottom103,Bottom104,Bottom105,Bottom106,Bottom107,Bottom108,Bottom109,Bottom110,Bottom111,Bottom112,Bottom113,Bottom114,Bottom115,Bottom116,Bottom117,Bottom118,Bottom119,Bottom120,Bottom121,Bottom122,Bottom123,Bottom124,Bottom125,Bottom126,Bottom127,Bottom128,Bottom129,Bottom130,Bottom131,Bottom132,Bottom133,Bottom134,Bottom135,Bottom136,Bottom137,Bottom138,Bottom139,Bottom140,Bottom141,Bottom142,Bottom143,Bottom144,Bottom145,Bottom146,Bottom147,Bottom148,Bottom149,Bottom150,Bottom151,Bottom152,Bottom153,Bottom154,Bottom155,Bottom156,Bottom157,Bottom158,Bottom159,Bottom160,Bottom161,Bottom162,Bottom163,Bottom164,Bottom165,Bottom166,Bottom167,Bottom168,Bottom169,Bottom170,Bottom171,Bottom172,Bottom173,Bottom174,Bottom175,Bottom176,Bottom177,Bottom178,Bottom179,Bottom180,Bottom181,Bottom182,Bottom183,Bottom184,Bottom185,Bottom186,Bottom187,Bottom188,Bottom189,Bottom190,Bottom191,Bottom192,Bottom193,Bottom194,Bottom195,Bottom196,Bottom197,Bottom198,Bottom199,Bottom200
2008-01-02,1536.0181999999998,757.3217999999999,778.6963999999998,360.5689999999999,396.7527999999999,410.6807,368.01570000000004,8.137,2.191,4.7163,10.6297,7.9553,3.6665,6.3572,4.463,8.3916,5.9118,6.2673000000000005,10.276700000000002,11.066500000000001,10.3043,5.2236,5.2776000000000005,6.5379000000000005,8.6691,8.100700000000002,6.259,8.690100000000001,5.2386,4.0892,4.5425,7.9551,6.4324,12.4843,12.502300000000002,3.4242999999999997,3.3362,7.4023,7.286499999999999,8.328899999999999,6.801399999999999,4.3167,9.569700000000001,7.5600000000000005,5.4877,4.0892,10.0808,5.636100000000001,6.6963,6.947,3.6963,6.1029,18.0695,7.020900000000001,13.205400000000001,6.2949,6.8794,8.645900000000001,7.2288,11.0663,5.1687,9.367899999999999,9.186499999999999,10.257200000000001,6.3369,3.3297,6.7183,5.8568,5.873099999999999,7.378,5.817,8.5812,6.306000000000001,8.3916,3.4221,5.433,5.873099999999999,9.5694,6.2734000000000005,10.4101,3.229,6.4429,5.9808,22.8054,10.6022,9.8919,3.6914000000000002,9.085700000000001,11.5461,10.6704,7.3864,6.702,5.8617,6.202299999999999,5.6314,6.2818,8.131699999999999,7.424999999999999,5.1279,6.8131,12.5752,12.866,12.9397,9.3802,8.8979,8.403500000000001,5.6902,4.9404,6.2562,12.1775,3.5511999999999997,4.1083,9.1433,5.687,7.1264,8.107000000000001,9.611,6.6204,6.8357,12.236899999999999,10.5292,8.57,9.583400000000001,7.7226,31.3307,8.3916,5.1813,7.1369,4.9322,7.6525,7.7264,8.0205,7.7291,2.1376,5.8244,3.8594999999999997,6.6394,6.518599999999999,23.4652,9.2431,9.7432,9.945,6.7006000000000006,8.834299999999999,5.8628,7.5022,8.8227,8.7235,6.8425,8.445500000000001,8.358899999999998,6.117,7.7629,7.0688,7.7799,9.3078,4.2676,8.861,4.731199999999999,3.5528999999999997,7.1114999999999995,6.280499999999999,7.413,8.8234,9.2945,5.037,8.3641,10.8386,7.0577,4.1051,6.6584,5.0367999999999995,7.807200000000001,8.1495,6.4041999999999994,6.268699999999999,7.5602,6.5762,8.2501,5.7749,8.8247,6.603899999999999,9.665099999999999,8.5337,7.9699,5.0825,8.2334,5.4199,9.0234,1.7063,10.2866,5.895899999999999,8.415099999999999,8.967400000000001,9.536100000000001,6.956300000000001,8.6877,5.5609,5.2466,9.3058,8.7667,5.873099999999999,11.3673,8.8627,8.1654,6.5542,8.5484
2008-01-03,1619.2435,790.8155999999999,828.4279,389.4333999999999,401.38220000000007,431.6907999999999,396.7371,8.9488,8.151700000000002,4.8137,10.6054,7.5788,4.092499999999999,7.5115,4.8773,8.5548,6.1084,6.5051000000000005,13.0714,12.3492,9.950800000000001,5.6365,5.4864999999999995,8.6113,9.6721,10.9952,5.9863,9.6908,6.0789,4.3952,4.743,8.2873,6.808400000000001,12.9406,11.4906,3.4439,3.2471,7.5504,7.5186,8.8111,7.058300000000001,4.3058,9.622499999999999,7.947099999999999,6.277500000000001,4.237699999999999,10.6111,10.8519,6.9763,7.2505,6.229299999999999,6.2771,9.3233,7.347700000000001,16.0601,6.7091,7.8349,13.1969,7.4268,9.8279,5.2637,11.1417,9.0908,10.670000000000002,6.4809,3.4749,7.041300000000001,5.7232,5.9546,6.9973,7.555199999999999,8.7747,6.0760000000000005,8.5548,4.0928,6.0905,5.9546,9.7733,6.4261,13.224400000000001,3.7706,6.7521,6.6225,8.2644,11.46,10.3312,4.9426,9.618500000000001,12.1686,10.8964,8.6951,7.3257,6.024,6.0293,5.9771,6.1646,8.431899999999999,7.7485,5.216,6.7997,12.3743,12.467300000000002,12.1739,7.9459,9.6437,8.7352,5.9907,4.5417000000000005,6.3602,12.901,3.7904999999999998,4.4581,7.3458000000000006,5.7814,8.9427,8.5972,13.066400000000002,6.7911,7.027699999999999,12.7795,12.5342,9.5433,9.6954,7.631500000000001,28.7852,8.5548,5.158799999999999,7.810699999999999,5.1194,9.882299999999999,8.2162,7.7666,8.582799999999999,2.3617,5.730499999999999,3.9292999999999996,6.7728,6.8050999999999995,19.9301,12.9328,9.9515,10.001299999999999,7.4159999999999995,9.2798,7.3283,8.567599999999999,9.6501,9.9815,7.1365,8.7831,8.916,6.494199999999999,8.2967,7.4149,7.9855,9.8216,4.5394,9.3654,4.649,3.6148000000000002,7.1225,6.5031,7.6889,9.1319,10.7426,5.4201,8.874500000000001,11.7103,7.307899999999999,4.5419,7.0411,5.463699999999999,8.1427,8.0617,4.1842,7.0304,9.1131,6.9297,8.5664,7.125699999999999,8.607000000000001,6.8934,9.7855,12.504600000000002,7.6609,5.2609,8.5429,5.5271,9.5504,1.7393,10.900500000000001,6.2646,8.6836,8.8112,18.7855,6.9294,8.772300000000001,5.339,5.3748000000000005,9.731000000000002,12.0854,5.9546,11.8716,9.141300000000001,8.2749,7.983499999999999,7.4303
2008-01-04,1423.6573999999994,684.3215999999998,739.3357999999996,329.09939999999995,355.2222,387.17019999999985,352.16560000000004,8.1359,4.7902000000000005,4.6435,10.710600000000001,6.82,3.2859,6.2178,4.4229,8.7141,5.075099999999999,5.7237,6.2632,11.9784,8.8259,4.5808,4.8963,6.2669999999999995,8.379100000000001,9.3629,5.805299999999999,9.2902,5.8629999999999995,4.0858,4.2347,7.6607,6.4566,8.5537,5.7608999999999995,3.5545,3.0991,6.5289,7.3007,8.2081,6.4228000000000005,3.5297,9.1834,7.7314,5.2598,4.2873,9.6629,5.555400000000001,8.117,7.835,3.487,5.8055,8.138399999999999,6.722799999999999,9.2761,6.0724,6.517,7.6446,7.2951999999999995,4.8171,4.6722,7.811399999999999,8.849900000000002,8.9344,9.473700000000001,3.0232,6.166,5.6015,6.146800000000001,5.1943,5.413399999999999,8.8946,5.1825,8.7141,3.5513,4.8213,6.146800000000001,10.2628,6.0962,9.300899999999999,3.4977,6.9350000000000005,5.082699999999999,4.752,8.8429,9.7066,2.8613,9.3427,12.086200000000002,10.9431,6.9131,6.4126,5.5688,3.7787,7.4482,8.1857,7.1341,9.790199999999999,5.235199999999999,6.227,11.357099999999999,10.3538,10.4481,5.9356,9.1839,7.952400000000001,5.2333,4.0083,5.9699,11.508700000000001,7.206999999999999,4.252,7.487,5.1686,4.9624999999999995,9.4457,8.962200000000001,8.7814,6.9352,12.5146,7.5739,5.7097,8.3709,7.1613999999999995,25.2491,8.7141,4.468999999999999,7.0398,5.0358,7.514,7.4229,7.2635,7.8612,2.0534999999999997,3.807,2.4224,7.2095,6.0659,18.4615,8.8171,9.6403,9.1251,5.6955,7.9811,5.9024,7.8923,8.2163,9.462,6.815300000000001,8.6274,7.9134,6.1513,7.334099999999999,9.1388,7.4308000000000005,9.481,4.937799999999999,8.3803,3.9819,2.2744999999999997,5.5193,4.6972000000000005,7.0394000000000005,8.7133,8.523499999999999,5.100999999999999,7.8340000000000005,10.598600000000001,7.2711,4.0785,6.096499999999999,4.9533000000000005,7.5243,8.7149,10.2628,5.7801,6.7074,6.4971,7.9437999999999995,6.0129,5.93,5.9993,9.6797,7.592,7.9993,4.8085,7.9633,4.6311,9.3214,1.8726,10.938,5.6677,7.865900000000001,9.738400000000002,7.491099999999999,9.8026,6.2302,5.1114999999999995,5.1326,9.6746,8.9663,6.146800000000001,9.7029,8.5609,7.8705,6.228700000000001,6.734000000000001
2008-01-05,1096.3324999999995,529.1278999999998,567.2045999999998,249.33459999999994,279.79330000000004,296.2565,270.94809999999995,6.470000000000001,1.5121,3.2586000000000004,6.9428,5.1279,2.4789,4.630599999999999,2.9227,6.9428,4.380000000000001,4.560700000000001,4.6825,8.9861,6.933800000000001,3.4457999999999993,3.3379,4.3584,6.3071,7.2488,4.6642,6.344,3.6752,3.6654999999999998,3.0236,6.5161,3.6841,9.1081,4.958900000000001,2.5939,2.5627,5.5672,6.0625,6.0039,4.6762,2.5111,6.7661999999999995,7.0641,3.8918,3.5703000000000005,6.8339,4.0349,4.465999999999999,5.7816,3.1109,4.1178,8.5398,4.5103,6.7373,4.777,4.9879999999999995,5.9064,5.9608,4.167,3.7939,5.7149,6.6969,7.683799999999999,7.0383000000000004,2.5869,4.5198,4.6259999999999994,4.777,4.3965,3.9676,6.4709,4.8104,6.9428,1.8543,4.0206,4.777,7.0383000000000004,9.5129,6.7271,2.3350999999999997,5.6485,4.7387,5.7476,7.228300000000001,7.2203,2.6723,6.4735,7.757099999999999,7.4883999999999995,5.3889000000000005,4.8332999999999995,4.4597,3.5763000000000003,5.2561,4.2973,6.4274,6.856300000000001,4.4589,5.153,10.5082,6.1518999999999995,8.876999999999999,5.2711,7.267200000000001,5.7446,3.9661999999999997,3.6072999999999995,5.0221,7.436999999999999,2.7695,2.2830999999999997,5.1564,4.4875,4.1714,6.4652,6.1889,4.4546,6.4877,9.676,6.0280000000000005,5.1919,7.4069,5.389,24.525499999999997,6.9428,3.5113999999999996,5.437,3.9851,5.4717,5.2354,5.3119,4.5891,1.4403000000000001,3.6612,2.5103999999999997,6.5913,4.6852,15.754399999999999,6.3156,7.472099999999999,8.2339,4.2523,6.0015,3.9032,6.2606,5.6362000000000005,6.1189,6.084899999999999,6.733599999999999,5.7925,4.258900000000001,5.3492,5.8834,6.5969,6.4309,3.0567,6.5284,3.1407,3.1738,4.5439,4.7745,5.2471,6.8464,6.322500000000001,3.7981,5.6998999999999995,8.049,5.1598999999999995,2.9733,4.7618,4.0626999999999995,6.2691,6.1984,7.0383000000000004,5.0396,4.9633,5.037100000000001,6.6632,4.4498,5.859,4.6789,6.8942,6.3111,6.66,2.5909,6.179600000000001,3.4554000000000005,6.170400000000001,0.7158000000000001,7.016800000000001,5.1289,6.7641,6.8281,7.976099999999999,5.3515,5.5225,2.9545,3.8832000000000004,6.7228,6.500900000000001,4.777,7.6188,7.4227,5.523199999999999,4.879300000000001,5.8216
2008-01-06,974.5525999999999,475.1732999999999,499.37929999999994,231.48600000000005,243.68730000000002,264.9305,234.44879999999995,5.5741000000000005,1.4916,2.9172,8.989700000000001,5.126200000000001,2.192,3.7184999999999997,2.6075,5.8507,4.0062,3.6283000000000003,3.7132,8.267,9.6397,2.876,2.8605,3.6819999999999995,5.3552,6.896000000000001,4.3294,6.518699999999999,3.2203,3.4895,2.8004000000000002,5.6433,3.2431,9.1747,4.6532,2.6475,3.0365,5.361000000000001,5.3176,5.2431,4.4207,2.279,5.9863,6.1124,3.1827,3.5924,6.7399,3.7655999999999996,4.1222,5.6439,3.0318,3.823,6.5992,4.0799,5.3316,4.8154,3.8901000000000003,5.3369,5.9552,3.7847000000000004,3.2935999999999996,5.0316,6.3641,6.9414,5.6854,2.1968,3.6881000000000004,3.8579999999999997,4.0254,4.4884,3.3078000000000003,5.9881,4.515700000000001,5.8507,1.6266,3.2753,4.0254,5.7496,5.3035,6.2356,1.6703,4.5088,3.4933000000000005,6.0205,6.7075,6.272500000000001,2.4316,5.4966,6.967700000000001,6.7741,4.0921,3.9342,3.767,3.6433,3.7844,4.2543999999999995,5.7582,5.2531,4.3091,4.8614,9.8414,5.2074,7.9387,5.058199999999999,6.6118,5.2644,3.2373999999999996,3.2962999999999996,4.1402,7.2289,2.4608,2.0459,5.0521,4.267,3.7495000000000003,5.2255,5.2638,4.157500000000001,4.2656,7.8643,4.9406,4.4002,6.9365,4.664,23.215400000000002,5.8507,2.9612,4.5883,3.6241999999999996,4.6683,4.8681,4.4878,3.9468,1.2973,3.3524000000000003,2.3755,5.7576,3.7491000000000003,15.5104,5.48,6.431,7.940899999999999,3.9507000000000003,5.0717,3.5234999999999994,5.6523,4.5234,5.4959,5.7177,6.075200000000001,5.277,4.9323999999999995,4.3276,5.0966000000000005,6.340400000000001,6.2035,2.6789,5.7804,2.7354,2.1542,4.3774,4.137499999999999,4.2004,6.1537999999999995,5.3221,3.3999999999999995,4.5982,6.9033999999999995,4.5655,2.6117999999999997,3.8458999999999994,3.2223,5.496,5.787,5.7496,3.6281999999999996,4.3203,4.3858,5.8595999999999995,3.8616,3.9561,3.7477,6.0123,6.5653999999999995,6.009599999999999,2.1812,6.2668,3.1201,5.423,0.8724000000000001,6.184900000000001,4.6507000000000005,6.377800000000001,6.2642999999999995,4.4054,4.9001,5.0327,2.5862,3.6739,5.5844,5.7265999999999995,4.0254,6.4069,6.9933000000000005,5.1315,4.0133,5.2404
2008-01-07,1671.2372,808.6483,862.5889,384.32109999999994,424.32719999999995,445.18409999999994,417.40479999999997,8.481,2.1344000000000003,7.5349,11.0056,7.6703,4.370399999999999,6.3722,6.2337,7.933000000000001,6.4484,6.436300000000001,8.616,10.633600000000001,11.3209,6.2691,5.6697,8.2387,9.606099999999998,10.0624,6.2722999999999995,10.6115,6.1068999999999996,4.092499999999999,4.9834,7.6609,7.1934,12.1452,13.7072,3.4968000000000004,9.445900000000002,7.1713,7.617900000000001,9.197,7.6030999999999995,3.4323,9.911200000000001,7.863900000000001,6.8652,4.219799999999999,10.538599999999999,7.044700000000001,7.3697,10.4723,3.6776999999999997,6.619199999999999,10.961400000000001,7.232200000000001,12.0729,6.0098,7.6882,9.8294,8.9926,11.3129,5.428700000000001,9.8888,10.561399999999999,11.0831,6.453100000000001,3.5244999999999993,6.8597,6.455,5.5933,6.4923,5.7322,10.8633,5.855700000000001,7.933000000000001,3.9266,5.5433,5.5933,8.558399999999999,6.8704,13.0915,3.7977000000000003,6.761399999999999,6.4518,10.7271,10.3271,11.0224,6.0487,11.4166,14.434899999999999,11.8915,7.6739999999999995,6.912000000000001,7.1992,8.447700000000001,7.7652,7.562500000000001,8.2315,10.796599999999998,5.067,6.8565,12.8104,14.149799999999999,13.1325,12.297699999999999,11.0156,9.1604,5.9269,11.5238,6.4377,12.0521,3.8240999999999996,4.6302,7.517199999999999,5.7204999999999995,8.1757,10.575099999999999,10.8173,7.2345999999999995,7.202499999999999,11.461300000000001,12.740400000000001,8.781300000000002,9.6671,7.7155000000000005,32.044200000000004,7.933000000000001,5.1034,7.9656,5.114,8.5847,8.6297,8.8161,9.6769,2.4913,5.889199999999999,3.8739999999999997,6.9917,6.732200000000001,21.2626,10.649000000000001,10.232399999999998,11.2954,11.9721,9.7443,6.2895,7.8763000000000005,8.5011,9.4803,7.3952,8.5281,8.587499999999999,7.1407,9.833300000000001,7.968400000000001,7.776,9.9038,4.8257,8.9865,4.5485,3.5058,6.592699999999999,6.4054,7.527100000000001,11.433200000000001,11.7698,5.616199999999999,8.947600000000001,11.124500000000001,9.2761,4.4313,6.715,5.3586,7.912699999999999,10.8403,8.558399999999999,6.9316,7.9620999999999995,6.8834,8.3622,7.1636999999999995,8.6333,6.7615,11.9814,8.6408,8.7699,7.0137,8.6928,8.0786,10.4844,4.8542,11.9262,5.9245,8.2774,12.626,9.6205,12.128400000000001,8.8958,5.797700000000001,5.4329,9.804,12.6516,5.5933,11.900200000000002,8.722100000000001,9.8354,8.9466,8.558900000000001
2008-01-08,1672.9890000000005,808.3918000000002,864.5972000000003,385.4943,422.8975,444.8145000000001,419.7827,11.2988,2.0455,4.7152,10.452499999999999,7.5486,10.250200000000001,6.5029,5.3858999999999995,8.2845,6.1975999999999996,7.1074,9.7196,13.8779,10.783199999999999,7.0849,5.7671,6.5424,9.8126,10.1517,5.8843,9.068999999999999,6.697,4.0573999999999995,5.0013000000000005,8.299399999999999,7.362,12.1176,11.7815,3.3790999999999998,3.7003,7.090400000000001,7.5421,8.8906,7.7881,3.314,9.5174,8.0254,7.4552000000000005,4.2166999999999994,10.7325,7.398300000000001,7.0054,7.468300000000001,3.7293,6.3926,10.3431,7.2369,12.2414,6.3952,11.834,13.3876,7.457700000000001,10.3763,5.1442,8.5863,9.272,10.4067,10.2533,3.5105000000000004,6.932,6.6598999999999995,5.765700000000001,6.1979999999999995,5.7217,9.5275,5.7489,8.2845,4.2474,9.395499999999998,5.765700000000001,8.9999,7.2275,13.7542,3.9647000000000006,6.8736,5.9597,10.405199999999999,11.704999999999998,12.7291,5.812899999999999,10.164200000000001,12.7325,12.1495,8.0534,7.0438,7.5621,6.1257,6.8994,6.9338999999999995,8.383000000000001,9.0572,5.071,6.8268,12.9849,12.397200000000002,13.221300000000001,11.583699999999999,9.1589,9.1935,7.2823,5.8612,6.5011,12.5405,3.9876000000000005,4.7125,8.014199999999999,5.7631,7.2288,9.4022,12.1947,6.9274000000000004,7.062200000000001,12.6777,13.4229,8.0791,9.5601,7.854900000000001,29.9602,8.2845,5.0231,8.515699999999999,5.040699999999999,9.3665,8.7203,8.4571,9.301400000000001,2.4898000000000002,5.6541999999999994,3.8237999999999994,6.9952,7.330699999999999,22.1858,11.918,11.166699999999999,10.7828,9.953499999999998,9.9693,6.5776,8.8499,8.4449,9.7513,6.9954,8.7943,10.807500000000001,6.6873000000000005,10.098600000000001,8.084299999999999,8.1535,10.1521,4.6883,9.2255,5.0417,3.5614,6.4425,6.5914,7.8229999999999995,9.5092,12.5848,5.5352,9.0255,11.901600000000002,7.502800000000001,6.697800000000001,6.755199999999999,5.6805,7.952400000000001,8.43,8.9999,10.8853,7.5686,7.0341,8.741299999999999,7.1666,9.111699999999999,7.363300000000001,10.282399999999999,11.467699999999999,7.3457,5.9101,8.8272,6.731199999999999,11.5547,1.5427,12.8193,8.9266,8.6343,8.8026,13.557300000000001,8.392999999999999,8.9836,5.951,5.4658999999999995,11.308,11.3867,5.765700000000001,13.892,9.457,8.4895,9.3366,7.820600000000001
2008-01-09,1639.2996000000003,801.7826000000001,837.517,393.5683999999999,408.2142000000001,445.7647,391.7523,8.9418,1.9281000000000001,4.8378,10.1629,7.7455,3.9221,6.5613,6.1469000000000005,8.3916,6.5193,7.022,9.429,12.308,14.919900000000002,6.1721,5.4712,7.1419,9.1651,11.7086,6.273,9.3657,7.6,4.8279000000000005,5.1072999999999995,7.8832,7.073,12.9479,13.678700000000001,4.0794,3.9638999999999998,8.9553,7.999,15.036100000000001,7.3968,3.7868,9.8866,7.8157,6.0977,4.3198,11.062,9.2086,7.343,7.988899999999999,4.251399999999999,6.657699999999999,9.6562,7.265000000000001,13.076300000000002,6.2332,8.2372,9.6464,8.9735,11.235,5.4232000000000005,9.049900000000001,9.539,9.4758,9.5694,3.5713,7.090199999999999,6.546500000000001,5.873099999999999,6.8216,6.3363000000000005,9.411999999999999,7.1508,8.3916,3.7521000000000004,5.7281,5.873099999999999,9.5694,7.3582,12.3444,3.4002,6.6270999999999995,6.6914,10.0651,8.4067,10.3943,3.9856999999999996,8.3948,12.1526,14.6311,8.508,7.6341,8.1939,6.3729000000000005,7.0006,7.1503,7.527200000000001,9.673399999999999,5.4817,6.7454,12.3137,10.674299999999999,10.285799999999998,12.9153,8.8197,9.2291,6.2089,5.2009,6.5212,13.0368,4.185499999999999,5.6153,7.652699999999999,7.6146,7.3102,9.947300000000002,20.0736,7.225899999999999,6.9781,12.236899999999999,10.977599999999999,8.6698,8.782700000000002,7.6411,24.2031,8.3916,5.272,7.5951,5.0908,8.1178,8.695599999999999,7.4197,9.2064,2.6552,5.989000000000001,3.9306,7.4181,6.8641,20.7363,18.5045,10.0933,10.6582,9.374600000000001,9.2024,6.4562,8.7347,8.970500000000001,9.659,6.9337,8.7186,8.5548,5.6593,9.136800000000001,8.280000000000001,8.862400000000001,12.085,4.6251,8.800600000000001,4.6699,3.6942,7.3686,6.6648000000000005,7.8577,8.959100000000001,11.3565,5.579300000000001,9.1146,11.0258,7.7444999999999995,4.4099,6.9775,5.3729,8.3413,8.3676,9.5694,7.4811,7.9323999999999995,7.0292,8.5869,6.1663,7.629700000000001,6.822900000000001,10.2961,9.732199999999999,7.916399999999999,5.0727,9.281099999999999,6.3987,9.3073,2.0973999999999995,10.9846,5.8411,7.876500000000001,9.4787,9.7618,7.788200000000001,8.9835,5.9078,5.3853,9.5479,10.781,5.873099999999999,12.752299999999998,9.3445,8.623999999999999,7.176,8.0214
2008-01-10,1675.0918000000001,820.5552000000002,854.5365999999998,394.6343999999999,425.92079999999993,442.32790000000006,412.2087,9.0943,1.9675000000000002,4.8092999999999995,8.9139,7.5977,4.2598,6.735700000000001,5.4365,8.5548,7.55,12.068200000000001,9.4902,12.1665,15.134,7.1998,5.6864,8.391100000000002,9.6308,11.844999999999999,5.351,9.3694,6.4251,4.4665,4.8581,8.4073,7.0827,12.9638,12.8596,3.6740000000000004,4.645099999999999,7.159,5.6716,9.102500000000001,7.3681,3.6192,9.360700000000001,8.589099999999998,8.105799999999999,4.2309,11.2485,8.502500000000001,7.7909,7.008900000000001,3.7847,8.2469,11.7066,7.5157,13.3248,6.2658000000000005,9.3981,13.906400000000001,7.7141,10.711400000000001,5.3967,8.8966,9.3139,10.5633,11.3816,3.6372999999999998,7.0809,6.5737000000000005,5.9546,6.6396999999999995,6.0125,8.9183,6.1383,8.5548,4.4709,6.6597,5.9546,9.7733,6.9723,15.5727,3.841,6.9923,6.066400000000001,10.380500000000001,11.4822,12.6183,5.272,9.5481,13.5968,11.8259,9.133399999999998,7.148899999999999,6.5713,6.368,6.8195,6.2811,7.3893,8.132,4.9937000000000005,7.045,13.499799999999999,12.0184,13.785200000000001,13.050799999999999,8.622900000000001,10.1016,6.5388,6.3216,5.1611,12.999500000000001,4.6937999999999995,4.558999999999999,7.4217,6.4034,7.831,9.2983,10.2162,8.244,6.8987,12.7795,19.0893,8.6266,7.7953,8.031099999999999,22.741799999999998,8.5548,5.3709,7.8147,5.2812,8.3566,9.8885,8.2908,9.2303,2.8064,6.0107,3.8673,7.2890999999999995,6.9908,23.7761,10.0208,10.372700000000002,12.1466,10.0455,9.7518,7.7435,8.7508,9.4792,10.169599999999999,6.0042,8.191099999999999,10.899299999999998,6.0513,8.8285,7.913399999999999,7.799900000000001,10.8467,4.6729,9.0882,4.7932999999999995,3.723,6.6800999999999995,6.6992,8.1776,9.940000000000001,11.6284,5.4763,9.2244,11.231300000000001,7.2394,4.961,7.0267,5.5669,8.098,8.2624,9.7733,8.6953,7.6962,7.0755,8.4408,7.4072,8.845200000000002,7.0154000000000005,8.275,11.679300000000001,7.6293,5.5077,8.6557,5.914999999999999,10.711200000000002,1.8085,11.8086,5.768599999999999,7.498099999999999,9.1283,15.964500000000001,8.794699999999999,9.0555,5.7136,5.5425,11.033800000000001,11.981100000000001,5.9546,14.5518,8.7047,8.4992,10.329299999999998,8.933
2008-01-11,1812.2145000000003,870.2066000000001,942.0079000000002,425.09499999999986,445.11160000000007,487.29420000000005,454.7137,10.394400000000001,2.5755,5.079599999999999,10.9551,8.1793,4.3044,7.154599999999999,5.638299999999999,8.7141,6.5877,7.068299999999999,13.850299999999999,12.2466,17.391799999999996,7.4521999999999995,5.843299999999999,8.873800000000001,13.8018,8.686399999999999,5.9984,9.0606,7.1110999999999995,4.1373,5.3605,8.5863,7.5636,11.093399999999999,14.8474,3.5698999999999996,3.4048999999999996,7.444599999999999,7.8855,9.4564,7.8212,4.9262,9.9898,8.6618,6.836099999999999,4.4065,11.3119,6.9792,8.2326,7.2467,3.8788,8.2701,20.748199999999997,7.952400000000001,17.1015,10.809800000000001,9.604800000000001,9.219100000000001,7.6738,13.0429,5.6021,9.000900000000001,10.1252,11.3783,10.2628,3.7874,7.3232,6.9347,6.146800000000001,7.072099999999999,6.3557,9.6965,6.190799999999999,8.7141,5.024299999999999,6.6263,6.146800000000001,10.2628,7.6376,14.2099,6.1914,7.3763000000000005,7.3523,12.883099999999999,9.0442,12.885200000000001,5.344099999999999,10.4901,13.6313,12.4988,11.0081,7.4828,7.321199999999999,6.7523,7.1703,7.0024999999999995,9.3154,8.977599999999999,5.2758,7.4251,13.526,12.8663,14.444799999999999,14.028200000000002,9.4832,9.9573,6.9438,4.8325,6.7913,13.5455,4.0838,4.842700000000001,8.3504,5.9523,9.3721,10.7009,10.541699999999999,8.5095,7.973300000000001,12.5146,13.355800000000002,10.2879,10.053799999999999,8.487100000000002,34.6378,8.7141,5.956799999999999,13.405100000000001,5.4350000000000005,10.8882,9.199,8.667200000000001,9.5305,2.4679,6.408899999999999,4.0895,7.519299999999999,7.3484,22.2829,10.4653,11.0968,11.1649,8.912799999999999,10.744499999999999,6.715800000000001,8.979000000000001,10.8035,10.2654,7.4982,9.1369,9.3142,7.0226,9.0232,9.1543,10.2628,25.0638,4.9244,9.768,5.216,3.7377000000000002,7.1006,6.9838000000000005,8.1569,12.2943,13.4006,7.0587,9.3637,12.442599999999999,7.3498,4.8578,7.2732,26.3114,8.272499999999999,8.5746,10.2628,9.031,7.7557,9.9675,8.8353,7.3919999999999995,9.4037,7.2999,10.1384,9.663499999999999,7.8767,7.799799999999999,9.0058,6.5268999999999995,10.5629,1.7686,12.563600000000001,5.5969,10.245000000000001,9.438500000000001,16.9519,7.4998000000000005,9.4857,6.1312,5.8899,10.586400000000001,10.546,6.146800000000001,15.6583,10.736,8.772300000000001,8.2616,8.751100000000001
2008-01-12,1303.647,616.6622,686.9848000000001,298.5039999999999,318.1582,367.4362000000001,319.5486,6.8383,2.4822,3.7548,9.223199999999999,6.644299999999999,3.1014999999999997,5.340400000000001,3.6086,6.9428,4.9399999999999995,7.508699999999999,5.5204,6.9428,7.9831,4.507,3.9511,5.260699999999999,7.5626999999999995,7.620799999999999,5.0087,8.053899999999999,4.4125,3.8236000000000003,3.652,6.859500000000001,4.4186,10.886,5.9709,2.8724,15.4175,6.398200000000001,6.4116,6.7506,6.0208,3.6662,7.361699999999999,7.4335,4.4696,3.8933999999999997,7.627000000000001,4.6416,5.5653,6.2092,3.4164,5.025,7.4849,5.343500000000001,7.9719999999999995,5.945,5.7595,7.230500000000001,6.303,5.8433,4.1814,6.491299999999999,8.2308,8.6433,7.0383000000000004,3.0459000000000005,5.3833,5.2919,4.777,5.9656,4.5863,7.7246,5.4503,6.9428,2.3187,4.6906,4.777,7.0383000000000004,6.668900000000001,7.6013,2.3078000000000003,5.4041999999999994,5.1485,10.2909,8.1744,8.7285,3.1656,7.306800000000001,8.9614,8.5665,6.023199999999999,5.4282,5.0001999999999995,5.4746,5.0786999999999995,5.452500000000001,6.949599999999999,8.5312,4.652200000000001,5.8991999999999996,11.6891,7.0244,9.9518,6.794499999999999,8.401299999999999,6.8203000000000005,4.7082,19.1369,5.6801,11.977400000000001,3.0387,2.7215,6.16,5.1067,9.1872,9.442,7.328200000000001,5.4867,6.4683,9.676,6.8704,9.9966,8.006499999999999,6.286199999999999,29.8625,6.9428,4.292,6.3629999999999995,4.4657,6.862500000000001,6.231,6.012700000000001,5.1696,1.7107,4.962999999999999,3.2329999999999997,6.1466,5.36,16.693,7.4813,9.0648,9.3172,5.599600000000001,7.1828,4.7857,7.0028999999999995,6.8946000000000005,7.209099999999999,6.3713,7.4078,6.4423,5.948,6.291,6.5583,6.9886,6.5854,3.428,8.5907,3.8619,2.7791000000000006,5.7523,5.6459,6.0549,8.9818,7.472100000000001,4.5281,6.739999999999999,10.1966,5.635400000000001,3.3022,5.3649000000000004,4.4923,6.6926,7.5846,7.0383000000000004,5.2803,5.5325,5.9075999999999995,7.0952,5.1272,5.6813,5.6129,7.6773,7.386299999999999,6.3576,2.9981,7.168100000000001,4.5248,7.2827,0.7805,8.0381,4.1622,7.4497,11.0875,12.212899999999998,6.372,6.7737,3.6368,4.510199999999999,7.4383,10.2057,4.777,10.3655,8.490200000000002,6.728,5.382099999999999,6.7926
2008-01-13,1111.4870999999998,546.8715,564.6156,271.4416,275.42990000000003,296.7756999999999,267.8399,6.0134,3.9267000000000003,3.327,9.0856,6.7563,2.5612,4.1013,3.0214,5.8507,4.378299999999999,18.1649,4.426,7.9091000000000005,7.8239,3.4817999999999993,3.2459999999999996,4.1585,6.1414,7.3079,4.685499999999999,8.4544,3.4772,3.6237000000000004,3.0286,5.904299999999999,3.7743,10.585799999999999,5.021800000000001,2.8391,5.0464,6.5511,5.599400000000001,5.8823,5.0337,3.2569,6.428699999999999,6.4658999999999995,3.4515,3.8798999999999997,7.4551,4.2883000000000004,4.5991,5.6308,3.4484999999999997,4.2012,6.3138000000000005,4.7043,6.341700000000001,5.3126,4.4743,6.367999999999999,6.2303999999999995,4.393,3.6249000000000002,6.571699999999999,7.5572,7.6573,5.7496,2.4185999999999996,4.3903,4.3637,4.0254,6.938599999999999,3.9935,7.1242,5.6006,5.8507,1.8204000000000002,3.7047,4.0254,5.7496,5.676,6.6975999999999996,1.8386,4.729900000000001,3.9307,10.450899999999999,7.085,7.2951,2.7013,6.2357000000000005,7.8563,8.0345,4.696,4.5632,4.2238,5.1448,3.9861,5.0978,6.2378,5.6302,4.5183,5.445600000000001,11.0975,5.8476,5.8518,5.920299999999999,7.0808,5.7048,3.6940999999999997,3.9548000000000005,4.6677,7.5461,2.5488999999999997,2.363,5.342700000000001,4.7225,5.4182999999999995,5.5920000000000005,6.1413,4.6253,5.3377,7.8643,5.528900000000001,6.342300000000001,7.4711,5.1468,26.6312,5.8507,3.4233999999999996,5.2748,4.0989,5.521199999999999,5.2678,5.009399999999999,4.442,1.5279000000000003,4.3476,2.6394,5.086499999999999,4.182599999999999,16.8885,6.445800000000001,7.124600000000001,9.1556,5.808,5.521800000000001,4.3597,6.116099999999999,5.4886,5.962200000000001,5.9511,6.5997,5.7599,5.200699999999999,5.2091,5.5847,6.4828,6.327299999999999,2.8724,6.4276,3.0818000000000003,2.5603,5.9258,4.5905,4.6726,6.879899999999999,6.164,3.8963,5.5374,7.627700000000001,4.812799999999999,2.8794,4.409800000000001,3.6908000000000003,5.8716,6.877999999999999,5.7496,4.1088000000000005,5.0141,4.9023,6.1813,4.1896,4.4358,4.668,9.0689,6.8904,5.700899999999999,2.6089,6.6707,3.7837000000000005,6.5978,0.9865,7.4505,3.3161,6.588799999999999,7.5818,6.192,5.881200000000001,6.0375,2.986,4.3314,6.304600000000001,6.5344,4.0254,7.1044,7.503000000000001,8.210899999999999,4.2369,6.0914
2008-01-14,1602.6514999999995,779.7668999999999,822.8845999999996,371.3533,408.41360000000014,435.18689999999987,387.6977,8.8505,2.4224,4.7739,10.2722,7.9529000000000005,3.9958,6.366199999999999,6.1915000000000004,7.933000000000001,5.8339,6.1137999999999995,8.7468,10.1478,13.1364,6.2059,5.5496,7.307,9.034600000000001,9.6284,5.987299999999999,9.0863,7.320400000000001,4.032,5.0276,7.8963,7.4368,12.1999,9.7514,3.4776,5.7332,7.2881,8.230599999999999,9.951799999999999,7.558999999999999,3.4017999999999997,10.1856,7.8758,6.606400000000001,4.1033,10.831299999999999,6.679600000000001,7.1893,7.285399999999999,3.6214000000000004,6.3946000000000005,11.2076,7.0949,12.476499999999998,6.8828,8.0761,11.447300000000002,8.9379,9.1962,5.2842,9.2371,9.3599,10.1752,8.558399999999999,3.4313999999999996,7.0281,6.6506,5.5933,6.7646,6.2393,9.6395,6.619200000000001,7.933000000000001,4.0409,5.599,5.5933,8.558399999999999,7.112399999999999,13.3828,3.6111,6.639100000000001,6.3098,11.821299999999999,9.9827,10.3445,6.183999999999999,12.4074,13.055299999999999,10.6849,7.9682,7.084700000000001,7.0914,7.774900000000001,6.805199999999999,6.979,8.1473,10.168700000000001,5.109500000000001,6.6998999999999995,13.8539,11.962200000000001,8.775300000000001,8.397300000000001,8.6985,9.2123,6.263199999999999,4.6116,6.5427,12.007000000000001,3.8171,4.746700000000001,8.250499999999999,5.760400000000001,6.0423,11.526499999999999,12.8799,7.0284,6.9137,11.461300000000001,11.527500000000002,7.2537,9.570500000000001,7.643800000000001,31.5778,7.933000000000001,5.0925,7.4176,4.8657,8.3407,8.5512,8.3156,9.450099999999999,2.4824,5.737399999999999,3.8607,6.9238,6.6762,22.1141,11.2659,11.410499999999999,11.992999999999999,10.1969,9.4266,6.4498,8.1721,8.915299999999998,9.520100000000001,7.1505,8.552399999999999,8.521099999999999,6.411100000000001,9.4801,8.288799999999998,8.0444,9.881799999999998,4.5841,8.9006,4.6053999999999995,3.4767,6.7744,6.1771,7.4114,8.9067,11.3381,5.6635,9.179499999999999,11.112400000000001,7.4078,4.449299999999999,6.9192,5.5174,8.065299999999999,8.265899999999998,8.558399999999999,7.6041,7.7401,6.7621,8.468,6.889399999999999,9.1598,6.970300000000001,10.554200000000002,8.8616,9.2405,6.009500000000001,8.6915,6.3889,9.230599999999999,1.9089,10.3373,4.9045000000000005,8.5482,9.0317,8.6074,7.6549,8.6165,6.0651,5.2497,9.4092,10.363800000000001,5.5933,11.8325,8.8367,8.785,7.8814,8.771899999999999
2008-01-15,1748.5227000000004,848.1900000000002,900.3327000000003,411.50880000000006,436.68120000000005,466.9657,433.3669999999999,9.8787,2.4939,7.2289,9.843,8.228,6.4097,6.6575999999999995,7.429100000000001,8.2845,7.0922,6.557,13.6245,16.741500000000002,11.734100000000002,7.11,5.6775,8.3361,9.853000000000002,9.7198,6.0794,9.851299999999998,6.327399999999999,4.0823,5.1253,8.2133,8.2318,12.7793,14.615499999999999,3.6661,8.946200000000001,7.3665,7.917999999999999,8.6826,8.0587,3.4667000000000003,11.2111,8.088700000000001,7.438,4.2642,10.9586,6.398899999999999,7.2821,9.7397,3.6359,6.625299999999999,10.7701,7.3111,15.8292,6.2392,9.4072,14.4969,7.5698,12.055000000000001,5.402900000000001,9.3785,9.9544,12.037700000000001,6.54,3.6388000000000003,7.1861,7.1037,5.765700000000001,6.6152999999999995,8.0364,10.125,6.248,8.2845,4.225300000000001,5.7982,5.765700000000001,8.9999,7.3617,12.776299999999999,3.9412,6.9236,6.8066,11.3582,10.4756,11.429699999999999,5.4196,9.571,14.601400000000002,13.0703,9.6589,9.583400000000001,7.8169,8.3094,7.3415,7.301200000000001,8.3658,11.6013,5.257199999999999,7.0804,14.144,11.3398,11.1848,13.4708,9.3643,9.3466,6.5519,11.1894,6.5604,12.704799999999999,3.9703999999999997,6.0115,7.5106,5.944000000000001,7.185,11.8458,10.6573,7.173400000000001,8.0515,12.6777,15.7842,8.2292,10.1008,8.174800000000001,29.866100000000003,8.2845,5.3865,8.1806,4.9353,9.364999999999998,8.6356,7.7661999999999995,10.7423,2.5688000000000004,6.161,4.0432999999999995,9.241900000000001,6.91,25.292099999999998,10.363900000000001,11.877300000000002,12.0775,12.2777,11.481100000000001,6.9328,8.3934,8.9648,9.9016,7.2548,8.8138,9.9041,6.8442,9.3321,8.8096,8.0701,9.6796,4.8373,9.2895,4.7352,3.6830999999999996,6.711,6.5662,8.183700000000002,12.5964,13.4945,5.5969,9.518699999999999,11.695599999999999,9.578199999999999,5.1626,7.0238000000000005,5.729,8.1477,10.4021,8.9999,8.6807,7.668000000000001,7.149900000000001,8.6358,7.3385,8.983600000000001,6.934900000000001,11.456399999999999,9.0944,8.2304,6.223599999999999,8.9725,6.6402,10.9335,2.3377,12.6822,5.083,8.5946,12.1928,15.4368,11.2621,9.5508,6.3834,5.8247,11.6855,11.974400000000001,5.765700000000001,13.0078,9.0378,9.3664,9.6884,9.4364
2008-01-16,1754.3192000000006,837.6323000000004,916.6869000000002,403.3062000000001,434.32610000000005,479.5452,437.1417000000001,9.564900000000002,2.7266,4.9907,10.198799999999999,7.705,5.513,6.734299999999999,7.198799999999999,8.3916,6.1727,16.3609,10.4469,10.034,13.836200000000002,7.6754999999999995,5.8012,8.303,10.268699999999999,9.724799999999998,6.130800000000001,9.8357,6.9448,4.1227,5.0629,8.209200000000001,7.6862,10.513,12.509,3.5496,5.6076999999999995,7.4857,7.801900000000001,8.7669,8.387699999999999,5.081899999999999,12.6792,8.9046,7.2044999999999995,4.277900000000001,11.162300000000002,6.5911,7.523,7.5327,3.6682,6.8584,10.717600000000001,7.42,13.4083,6.468100000000001,9.547,13.7137,9.4696,10.4774,5.482200000000001,9.3194,9.7279,10.7482,6.5446,3.6797,7.2684999999999995,6.889799999999999,5.873099999999999,6.7618,6.2496,9.7048,6.220000000000001,8.3916,4.2,6.1349,5.873099999999999,9.5694,7.6327,14.057200000000002,3.7586000000000004,6.8351,6.1127,11.024899999999999,10.365400000000001,11.8225,6.030200000000001,9.757,13.7639,14.5077,9.3201,7.288600000000001,6.9990000000000006,7.6172,8.6257,7.5562,8.308399999999999,12.4005,5.164899999999999,6.9369,13.5897,12.547800000000002,12.812899999999999,9.8676,10.633600000000001,9.9073,6.782500000000001,6.978,6.7026,12.2711,4.0695,4.7455,7.3477,6.781,9.2894,12.2338,10.191200000000002,7.4754000000000005,7.362799999999999,12.236899999999999,13.645600000000002,10.2668,9.8738,9.091000000000001,32.2913,8.3916,5.4781,8.276299999999999,5.0371,9.5611,9.0974,8.424900000000001,11.1373,2.6494999999999997,6.2082999999999995,6.844100000000001,8.811,7.053699999999999,29.123399999999997,9.972199999999999,12.8364,12.0015,15.5613,10.2491,6.7491,8.543000000000001,9.126,10.3318,7.3945,8.8615,9.530999999999999,8.0595,9.821100000000001,8.3316,8.0901,10.235,4.9033,10.5288,4.9864,3.7364999999999995,6.855600000000001,6.6744,8.348099999999999,9.206500000000002,12.3049,5.657299999999999,9.610999999999999,12.502,8.8445,5.146599999999999,7.0589,5.889799999999999,8.1817,8.799900000000001,9.5694,8.9486,7.6997,7.1533,8.6878,7.311699999999999,8.1435,7.0838,10.7695,10.808,9.0423,6.4533000000000005,9.0262,7.082199999999999,10.1982,1.7892000000000001,13.598500000000001,5.3872,8.795100000000001,11.1177,20.776,9.258700000000001,9.201500000000001,6.7314,5.6299,10.5027,13.588999999999999,5.873099999999999,16.1601,9.1143,8.873000000000001,9.0572,9.3767
2008-01-17,1833.1673999999998,906.5127999999999,926.6546000000001,449.9258999999999,456.58689999999996,485.2028000000002,441.45180000000005,10.7516,6.1996,5.0577000000000005,8.5601,7.9404,4.6934000000000005,6.9333,6.8663,8.5548,6.4803,6.9380999999999995,12.1808,8.5548,12.804,7.784000000000001,5.7649,9.3997,10.5903,10.6978,6.023,9.5205,6.9129000000000005,4.139200000000001,5.2714,8.4839,8.7636,11.8351,13.610899999999999,3.7526,3.4083,7.4578,7.902,9.2509,8.159500000000001,40.0232,11.948,10.1405,8.1719,4.3683,11.5761,11.207799999999999,7.9852,8.0759,5.3698,8.0982,10.822600000000001,7.6731,14.8464,7.7196,10.6558,18.403000000000002,8.9314,10.8827,5.6721,9.326899999999998,10.0987,11.1956,6.5247,3.8042,7.4575,7.016500000000001,5.9546,6.851799999999999,6.8147,9.8325,6.0998,8.5548,4.1978,7.5059000000000005,5.9546,9.7733,7.6917,16.1525,3.9285999999999994,7.1358999999999995,8.9794,11.9831,10.7636,11.399000000000001,6.685899999999999,9.9132,15.139199999999999,14.328500000000002,10.7407,7.8785,7.2059999999999995,7.1886,7.8183,7.420100000000001,8.8878,11.968399999999999,5.2593000000000005,7.200399999999999,14.5563,12.465900000000001,12.084,14.315999999999999,9.4113,10.0954,7.1362,4.791,6.7792,12.5486,4.7296,5.0949,8.8457,6.0844000000000005,8.9604,11.900300000000001,10.2828,8.107,7.3999,12.7795,17.7751,10.047400000000001,10.209200000000001,9.3428,31.1416,8.5548,5.540699999999999,8.923,5.220000000000001,10.0312,9.3129,9.3338,11.372,2.7804,6.4300999999999995,4.2872,8.0227,7.1924,24.865,10.2422,13.501100000000001,12.5747,12.835999999999999,10.3285,10.824000000000002,8.6915,9.1643,10.9195,7.5588999999999995,8.9974,12.014399999999998,7.024999999999999,9.9682,8.232199999999999,8.0473,10.5062,5.0858,10.1086,4.9996,3.87,6.9571000000000005,6.818300000000001,8.4901,10.002200000000002,12.5366,5.996500000000001,9.7866,12.238700000000001,8.3069,4.8328,7.236700000000001,5.957699999999999,8.3253,9.129,9.7733,10.0633,7.834499999999999,7.3714,8.8238,7.786,9.71,7.5228,10.648200000000001,11.2607,8.4417,6.9007,9.1541,7.0754,12.453599999999998,1.6902,13.7529,6.4789,8.958100000000002,10.306500000000002,17.3063,8.6955,9.7071,6.5455000000000005,6.1187,10.178,11.103000000000002,5.9546,16.1207,9.2514,8.7741,10.4226,9.6755
2008-01-18,1844.3063,930.1267000000001,914.1795999999998,471.06720000000007,459.05949999999996,465.05779999999993,449.1218000000002,11.4372,10.245000000000001,5.3152,6.9716000000000005,7.0112000000000005,5.9376999999999995,5.106,4.3193,6.2888,6.146800000000001,8.456900000000001,16.1374,11.4991,11.7995,10.9186,13.93,8.1569,7.2054,10.4408,11.021,4.9159999999999995,7.6978,7.7832,20.540799999999997,8.7344,16.792500000000004,4.8764,5.258900000000001,12.6223,6.3161000000000005,10.2628,4.4542,13.9078,10.291,15.8714,7.9537,7.629300000000001,12.5579,14.608,8.7121,20.0039,9.7018,8.6014,8.7141,7.175599999999999,13.6892,6.158,7.1089,6.0761,3.7072,9.781799999999999,6.261900000000001,4.5333,6.2618,8.0144,5.8186,9.564499999999999,5.9940999999999995,5.593400000000001,10.232800000000001,32.5086,9.9463,6.0701,9.135100000000001,5.5574,6.146800000000001,8.05,5.321,6.5655,4.9203,5.1511,7.01,6.979100000000001,18.7811,10.0882,8.7141,11.0265,8.4552,6.5123,12.5146,5.2187,9.2644,8.6201,11.9101,17.3946,7.6901,13.247499999999999,8.2786,8.0771,7.7743,3.6708,12.708200000000001,15.9818,7.8131,7.0893999999999995,17.0931,7.0196,6.146800000000001,11.756,10.795300000000001,9.3335,9.9051,12.7516,5.4686,5.9581,7.8059,6.4799,7.3999,7.9060999999999995,4.8998,9.476799999999999,7.3643,7.286899999999999,13.5687,17.4378,12.5146,14.5746,7.106200000000001,5.6951,6.1671,14.773900000000001,9.309000000000001,9.9947,7.664999999999999,14.8021,7.285,7.9633,5.2299,8.7141,7.2393,9.5982,6.1097,8.5548,11.984100000000002,11.279499999999999,7.8659,5.634399999999999,7.7195,11.2718,10.8155,10.4835,7.9239,3.2477,14.660499999999999,11.417,6.722099999999999,8.0135,10.2628,16.4413,12.9752,9.9287,7.9573,6.083900000000001,4.4249,5.1208,7.9847,11.5918,13.686,6.6265,8.1611,6.146800000000001,7.4197,10.9677,9.6658,5.5801,9.2967,7.1258,10.2628,15.0847,11.2015,11.2832,8.7264,8.64,20.277500000000003,4.557799999999999,6.3206,8.6005,7.698599999999999,5.2861,9.7562,8.6868,3.8089999999999997,6.9913,9.859300000000001,7.530500000000001,2.7985,13.8235,8.083,11.2746,11.862400000000001,7.2174,8.9817,8.7769,10.9034,4.6922,15.0176,10.2628,9.8503,15.3911,7.8453
2008-01-19,1276.8030000000003,615.3224,661.4806000000002,316.39200000000005,298.9304,341.5710000000001,319.9096,9.3596,8.699000000000002,6.4008,10.1723,7.012899999999999,3.1676,6.291799999999999,4.4835,6.9428,5.2173,6.2307999999999995,5.4868,7.803399999999999,6.719,4.6297,3.9112999999999998,5.486000000000001,6.2214,4.777,6.2806999999999995,7.306,6.2009,3.7546999999999997,6.5817,5.0294,9.064599999999999,9.9408,4.777,7.172499999999999,7.046199999999999,6.2867999999999995,7.8117,6.8845,3.3381,7.937599999999999,2.4694,7.4063,2.6826,8.1281,4.6371,8.363800000000001,8.3501,6.6648000000000005,6.2097,5.1526,5.1639,5.655600000000001,8.4422,6.7253,5.9143,8.511,3.1010999999999997,6.9704,4.3345,4.777,7.228399999999999,9.0685,5.8398,4.4519,5.5356000000000005,4.777,4.777,6.1937999999999995,4.6206000000000005,6.9428,5.7784,6.9428,2.3794,4.8161,9.645800000000001,6.7437000000000005,6.7334,6.9288,9.3178,4.0906,6.4032,4.6626,9.666900000000002,3.4917999999999996,4.702,7.328,4.7646999999999995,7.6632,2.6624999999999996,5.9814,4.3499,5.8597,8.1129,5.476100000000001,6.9794,6.8332999999999995,6.2385,8.5663,4.8417,5.8759999999999994,5.5366,6.771100000000001,7.8354,4.9694,2.8516,4.866300000000001,5.2324,9.851,8.2751,5.230700000000001,9.2397,5.1427,9.676,7.6212,7.423700000000001,4.062099999999999,6.774400000000001,5.428699999999999,7.0271,3.9957000000000003,5.096,3.7561000000000004,6.723800000000001,3.6417,6.1902,6.612400000000001,6.9428,6.1617,4.1982,9.4064,5.2338000000000005,13.307100000000002,8.8249,7.6147,8.0067,6.2107,6.9428,4.325200000000001,7.660400000000001,9.6911,5.4848,4.196899999999999,5.051200000000001,7.1555,12.0161,8.7246,6.5942,7.228699999999999,13.050699999999999,8.296800000000001,8.607000000000001,6.793900000000001,3.2191,4.777,3.9810000000000003,7.8228,4.1694,7.8002,6.5383000000000004,5.893599999999999,8.5661,8.7808,9.376100000000001,5.638,4.232,5.8651,5.9647,6.5364,8.3744,6.6836,4.478,7.6926,4.6232,5.4979,6.4141,6.140000000000001,7.1732,4.2768,5.260199999999999,3.9848999999999997,8.5899,5.5952,7.1754999999999995,4.9651,5.8452,4.6235,8.0357,4.2191,6.3669,8.313,3.1372,8.7024,13.730600000000003,6.1905,7.0906,3.597,7.6068999999999996,7.3921,4.2389,3.7559,8.6306,7.0383000000000004,4.9852,5.377599999999999,6.924300000000001
2008-01-20,1022.8226,506.0634999999999,516.7591000000001,258.40299999999996,247.66049999999996,266.20329999999996,250.5558,7.476299999999999,6.09,5.2387,9.5627,6.3956,2.4976,4.7402,3.6561999999999997,5.8507,4.4895,4.979699999999999,4.8211,6.273999999999999,4.988,3.6407,3.0522,4.0371,4.8256,4.0254,4.600200000000001,5.6778,4.7709,3.5463999999999998,5.046100000000001,4.1872,7.304100000000001,10.2135,4.0254,5.3944,6.267799999999999,4.881799999999999,6.392899999999999,5.616899999999999,2.7103,6.9226,1.9671,6.368499999999999,2.0253,6.029,3.9288,5.1019,6.8168999999999995,7.027200000000001,5.367100000000001,4.008800000000001,4.6825,4.5388,6.1651,5.8265,4.3499,7.7787999999999995,2.5091,6.0471,3.5633999999999997,4.0254,5.4726,7.8108,5.1951,3.4780999999999995,4.3233999999999995,4.0254,4.0254,6.5344,3.7687999999999997,5.8507,5.4163,5.8507,1.7873999999999999,3.99,7.5702,5.651,5.5729999999999995,4.9493,6.378,2.9782,4.6285,3.8397999999999994,9.4251,2.7811000000000003,3.8774,5.9115,4.0291999999999994,5.9052,2.2248,5.421800000000001,3.3556,4.7372000000000005,6.6815,4.364,5.553700000000001,5.8381,5.0069,6.1907,4.5269,4.7738000000000005,4.422499999999999,6.5,6.886,3.9726,2.254,3.8896,4.0716,6.4244,5.1584,4.152100000000001,7.4685999999999995,4.6145,7.8643,5.896199999999999,5.8863,3.4160999999999997,5.357799999999999,3.8422,5.470000000000001,3.4139999999999997,3.9724,2.9661999999999997,5.3559,2.8118999999999996,5.4465,5.1204,5.8507,4.8862,3.0101000000000004,7.4146,4.3395,9.4266,7.9351,6.1499999999999995,6.567,4.8431999999999995,5.8507,3.4514,5.7753000000000005,8.718499999999999,4.4945,3.3098,4.1907,5.997299999999999,10.7181,6.2386,5.7730999999999995,5.677,8.2418,5.187799999999999,3.8983000000000003,5.3871,3.0215,4.0254,3.224,6.3664000000000005,3.0351,6.0358,6.235899999999999,4.611800000000001,7.2247,6.9075,5.9256,4.650499999999999,3.3223,5.3006,4.8926,5.0686,6.3897,4.1174,3.2858,6.6494,3.5964000000000005,4.0306999999999995,5.186400000000001,4.8023,6.1125,3.5733000000000006,3.8396,2.8557999999999995,6.666399999999999,4.4889,6.036,4.458399999999999,4.555700000000001,3.8595,7.0489,3.8279,5.3737,6.7575,2.7146,7.3955,4.8064,5.7064,5.9206,2.8970000000000002,5.8165,6.4461,3.3842000000000003,2.6965,6.4925,5.7496,3.6712999999999996,3.7918,5.977200000000001
2008-01-22,1661.3149999999996,789.4559999999998,871.8589999999999,403.4245999999999,386.0313999999999,450.37620000000004,421.48280000000005,11.7386,4.1936,6.7631,12.054199999999998,8.0503,4.2983,7.1194999999999995,5.676,8.2845,6.1009,6.6184,6.9301,9.1511,12.349800000000002,6.658,4.4093,7.228200000000001,7.896899999999999,5.765700000000001,8.112400000000001,10.871,8.532699999999998,4.2103,8.8525,6.104900000000001,12.242700000000001,11.1405,5.765700000000001,10.1838,9.1655,8.025500000000001,11.9992,9.0275,4.9464999999999995,11.3232,4.2476,9.8139,5.4392,6.2071000000000005,6.8260000000000005,4.9887,13.6069,8.2193,8.860400000000002,6.709899999999999,6.115600000000001,7.159599999999999,14.707299999999998,8.2802,10.4525,8.615,6.4747,7.8019,5.5458,5.765700000000001,7.2624,10.4268,6.6765,5.9116,7.0296,5.765700000000001,5.765700000000001,7.1312,9.2322,8.2845,6.592499999999999,8.2845,3.8636,6.0952,11.197799999999999,9.0551,7.5077,6.4565,10.8788,6.9359,6.2264,7.0589,11.0554,8.799700000000001,6.527299999999999,10.855,7.165699999999999,10.573500000000001,3.1332,6.6144,9.0566,7.9054,13.8087,5.856999999999999,8.564699999999998,7.1006,5.161199999999999,11.711,5.063,6.267200000000001,6.438700000000001,7.929800000000001,10.5796,13.257900000000001,4.7636,6.1015999999999995,7.2845,12.4004,12.245299999999999,7.0556,13.4314,5.7268,12.6777,8.9042,12.749299999999998,4.8326,7.0635,8.8296,13.4804,5.0105,8.077300000000001,6.2639,8.7383,6.1831000000000005,7.4077,7.9513,8.2845,9.2698,3.3404999999999996,10.4833,10.3594,15.5198,10.1918,12.4032,10.367899999999999,11.427,8.2845,4.9836,11.2759,12.660999999999998,7.8862000000000005,6.451600000000001,6.5602,9.069700000000001,15.2921,13.622900000000001,7.173,9.1358,15.5544,8.8916,8.0489,7.7561,3.0585,5.765700000000001,4.8423,9.4041,5.049900000000001,9.9808,7.6465,6.5673,11.3055,8.694600000000001,12.142299999999999,7.9822999999999995,11.465,6.930400000000001,8.6289,7.680699999999999,7.835,12.0922,5.7593,8.3442,4.1978,9.5553,12.1699,6.993399999999999,8.817699999999999,3.3575,9.1388,7.6319,12.0444,5.8221,9.795300000000001,5.778899999999999,10.579699999999999,10.7573,9.4224,5.9241,8.5445,11.5963,3.9233000000000002,12.6207,11.8214,7.6691,9.301400000000001,6.025499999999999,7.0976,9.3147,6.3155,4.3322,12.438600000000001,8.9999,8.162700000000001,4.8962,8.9277
2008-01-23,1623.3174,779.4401,843.8772999999999,396.65799999999996,382.7821,432.96530000000007,410.9119999999999,12.142199999999999,4.7065,7.010000000000001,10.5122,7.536900000000001,4.2479,7.2131,5.667599999999999,8.3916,6.3644,6.5097,7.072100000000001,9.5718,14.805599999999998,6.6815999999999995,4.4599,8.842600000000001,8.1358,5.873099999999999,7.5049,10.553899999999999,8.8247,4.271,9.570500000000001,6.4695,11.482800000000001,10.747900000000001,5.873099999999999,10.003499999999999,8.865400000000001,7.975199999999999,11.463,8.6669,3.9636,9.7572,4.1518,8.3488,5.4647,6.548,5.5009,5.4244,13.0174,8.0842,8.0199,6.7712,6.1242,7.1615,13.2694,8.799,8.2349,9.3444,5.988199999999999,11.0899,5.535500000000001,5.873099999999999,7.3027,10.9078,6.84,6.1241,7.0568,5.873099999999999,5.873099999999999,6.4479999999999995,7.3759999999999994,8.3916,6.0095,8.3916,5.1799,6.0666,11.361699999999999,8.651200000000001,7.7358,6.627700000000001,10.0707,6.9306,6.0619,9.3546,11.9455,5.8742,6.4837,9.5773,5.8885,10.6953,3.2090000000000005,6.879299999999999,7.9437999999999995,11.0835,12.5069,6.065799999999999,8.714500000000001,7.023899999999999,4.9826,12.014899999999999,4.846,8.9831,6.4516,7.8206,9.77,6.843,4.713,6.3508,7.4924,12.354099999999999,12.1497,7.3014,13.1652,5.758100000000001,12.236899999999999,8.9382,9.3797,4.665,7.176200000000001,9.8875,14.9064,4.9415,7.9443,6.0373,8.2825,5.7357,7.5139000000000005,8.1235,8.3916,8.2571,3.6094,10.697299999999998,9.721,15.2315,10.8524,9.281100000000002,9.761000000000001,9.995000000000001,8.3916,4.8408,10.2027,10.7872,7.5105,5.2035,6.5588,8.400500000000001,13.105500000000001,12.0116,7.3454999999999995,8.9389,14.7301,9.3263,7.455500000000001,8.2904,3.0509,5.873099999999999,4.8042,10.5085,4.7225,9.664100000000001,6.7003,6.4966,12.0038,9.1826,11.9504,7.6746,10.5565,6.8193,7.9178,8.120700000000001,7.8823,9.691500000000001,5.6463,9.3706,4.2259,7.5421,12.5972,7.1198999999999995,8.5418,5.1213,9.7414,7.696699999999999,10.8089,5.8652,10.3403,5.7289,7.065300000000001,6.3777,9.178199999999999,6.298,8.0399,11.192499999999999,3.8011999999999997,12.0612,10.213099999999999,8.250399999999999,9.4149,6.1249,7.264200000000001,8.9016,8.2112,4.5464,11.9898,9.5694,8.511800000000001,4.8523,8.809999999999999
2008-01-24,1706.8871000000004,820.9603,885.9268000000004,416.52979999999997,404.43049999999977,453.03860000000014,432.8882,12.520199999999999,5.229,6.8729000000000005,9.9986,7.4343,9.7759,8.386600000000001,5.7168,8.5548,6.1714,6.7559000000000005,8.4323,9.581299999999999,13.528199999999998,6.4294,4.6194,7.5593,8.6913,5.9546,7.7216,9.0069,8.8028,4.287999999999999,10.2243,6.8849,12.5017,11.3706,5.9546,11.826199999999998,8.567699999999999,8.305900000000001,12.1982,9.1143,3.691,10.4177,4.3512,11.819600000000001,5.6236,7.734399999999999,5.6190999999999995,7.1141,13.4208,8.1691,8.0615,7.0463000000000005,6.246700000000001,7.4338999999999995,13.775400000000001,8.681099999999999,8.3444,9.838799999999999,5.9099,10.7715,5.5078,5.9546,7.2323,10.6586,6.4954,6.941199999999999,7.140599999999999,5.9546,5.9546,6.66,7.0469,8.5548,5.9187,8.5548,4.632299999999999,6.4561,11.4877,8.496200000000002,8.1563,7.8036,11.3796,6.904999999999999,6.208399999999999,7.2996,10.401299999999999,6.4354,6.7099,10.1099,8.8558,9.654499999999999,3.1731,6.6633000000000004,10.981200000000003,9.7985,13.682400000000001,6.8202,8.568100000000001,6.9734,5.8712,14.361699999999999,5.2024,9.862400000000001,6.5481,8.2381,10.7348,15.9471,4.9178,6.1652000000000005,7.7248,12.4163,10.6368,7.5815,11.509,5.5817,12.7795,9.462800000000001,9.4269,5.1053,7.1143,9.563400000000001,13.4041,4.916,8.7788,9.4053,8.3117,7.423900000000001,7.326500000000001,9.549800000000001,8.5548,9.461300000000001,4.6544,10.615599999999999,10.3356,16.1443,9.9224,9.590900000000001,11.2153,10.043700000000001,8.5548,5.1601,10.555,10.912799999999999,9.4453,5.8817,7.485799999999999,8.5889,13.2667,12.898699999999998,7.467600000000001,9.927800000000001,15.931000000000001,11.2272,7.5076,9.6539,3.0286,5.9546,4.8686,10.418000000000001,4.7413,10.8073,6.6279,6.7336,12.7153,9.3688,12.6126,8.3555,10.492799999999999,7.088,8.07,12.788,8.3904,10.5144,6.386100000000001,8.646700000000001,4.289000000000001,7.6875,7.9905,7.3004,8.5645,5.1843,10.6144,8.877500000000001,11.3321,5.9718,11.2209,5.759,9.8635,11.3995,9.4849,5.9546,7.8674,11.840700000000002,3.8167,12.3318,12.2827,7.9555,9.1503,6.141,7.223199999999999,11.055,6.5134,4.0135,14.3986,9.7733,8.794,5.3585,8.121500000000001
2008-01-25,1776.4381000000005,837.8013000000003,938.6368000000002,430.57239999999996,407.22890000000007,486.45939999999996,452.17740000000003,12.651,8.7347,7.5394000000000005,11.9506,7.8212,4.3095,10.3672,6.1236,8.7141,7.024,7.321000000000001,8.0885,9.6171,13.443100000000001,6.1295,4.7104,8.582999999999998,7.2728,6.146800000000001,8.5313,8.7182,8.502600000000001,4.5579,11.1572,6.0556,12.0723,12.226500000000001,6.146800000000001,12.376,8.408199999999999,8.436399999999999,9.296899999999999,9.8035,3.4756,9.494700000000002,4.331300000000001,9.6736,5.4389,8.9774,5.838100000000001,8.7878,19.3367,8.6593,8.0449,7.3903,7.0106,7.6876,16.3208,8.709399999999999,8.558500000000002,14.9877,6.129199999999999,12.417300000000001,5.3924,6.146800000000001,7.4671,11.5182,6.9645,5.8177,7.305200000000001,6.146800000000001,6.146800000000001,6.5863000000000005,6.1564000000000005,8.7141,6.1755,8.7141,4.9129000000000005,6.5558,12.0351,8.2227,7.7507,10.9787,12.550999999999998,6.9015,7.3929,7.3149999999999995,6.2794,5.8939,6.4155,10.8997,8.6805,9.5648,3.0604,7.3171,7.8942000000000005,6.9154,13.394,7.095599999999999,9.422099999999999,8.2468,5.9465,14.4932,7.8286999999999995,5.9078,7.3696,8.0226,10.291,14.0323,4.8553999999999995,6.6052,9.133600000000001,12.68,15.2655,8.305,15.817499999999999,5.9997,12.5146,9.5124,12.6088,5.1227,8.112400000000001,8.9724,12.075600000000001,5.116199999999999,7.7555000000000005,5.4468000000000005,7.6784,5.612399999999999,7.280799999999999,9.5377,8.7141,8.715,6.8515999999999995,10.996500000000001,10.667200000000001,17.9934,12.0291,12.5044,22.526699999999998,8.1817,8.7141,5.4764,12.481399999999999,12.0547,8.149799999999999,5.5449,6.909699999999999,9.4697,21.4767,13.7425,7.5512,10.519400000000001,15.4443,8.3204,6.7696000000000005,9.2305,3.1687000000000003,6.146800000000001,4.9557,9.719199999999999,5.1659,11.288599999999999,7.6022,6.712700000000001,11.759,12.066300000000002,11.9409,8.3745,12.569099999999999,7.6372,9.021700000000001,14.9359,9.594899999999999,10.1731,6.581900000000001,8.5932,4.9656,7.569500000000001,8.1613,7.749700000000001,8.7517,5.1238,10.624999999999998,6.7901,10.171700000000001,6.5054,10.265,6.3651,8.7545,5.4687,9.678799999999999,9.7286,7.7568,12.9794,3.8909000000000002,14.305,22.722300000000004,8.851,9.105,6.0202,8.570500000000001,9.5685,7.0681,4.0228,14.8397,10.2628,7.1648,6.2362,8.4026
2008-01-26,1212.5913,588.3889999999997,624.2023000000004,301.4797999999999,286.9092000000001,323.5319,300.6704,9.196200000000001,6.3731,5.7949,8.9832,6.498,3.0263,6.5695000000000014,4.3806,6.9428,4.8262,5.4314,5.3932,7.3001000000000005,5.8276,4.4627,3.4964000000000004,5.0792,6.2673999999999985,4.777,5.882200000000001,6.462400000000001,6.042599999999999,3.8773999999999997,6.496,4.821,8.731300000000001,10.891300000000001,4.777,7.632299999999999,6.6259,5.6498,7.7935,6.677099999999999,3.2191,7.63,2.3954,7.2311,4.1472999999999995,6.5152,4.5702,5.8278,8.1603,6.730300000000001,5.945,5.1167,5.2326,5.2659,8.4922,6.6738,5.3412999999999995,8.9037,3.0454000000000003,6.728,3.9949000000000003,4.777,6.0273,8.3681,5.6829,4.232900000000001,4.962999999999999,4.777,4.777,5.4639,4.4028,6.9428,5.8202,6.9428,2.296,4.8114,9.358799999999999,6.0847999999999995,6.6643,5.6333,7.5985,3.8698999999999995,5.5771999999999995,4.5485,11.936999999999998,3.5057,4.548299999999999,7.1573,4.5595,7.198600000000001,2.2428,5.860200000000001,4.1472,6.2717,8.0557,5.334099999999999,6.5303,6.3452,5.4861,8.256599999999999,5.2184,4.8619,5.3226,6.4716,7.734299999999999,4.772600000000001,2.7991,4.715199999999999,5.0944,8.2339,5.8957,5.1089,8.1103,5.0193,9.676,7.2280999999999995,7.3536,3.5398999999999994,6.3973,5.215999999999999,6.6753,3.9288,5.0654,3.6516,6.154,3.4900000000000007,6.0954,6.3205,6.9428,5.812900000000001,3.8990000000000005,9.1394,5.2558,10.9587,8.8532,7.3641,15.0431,5.9894,6.9428,3.7052000000000005,6.976,10.0465,5.391900000000001,4.0674,5.0313,6.9513,12.4711,7.3295,6.4436,6.5633,10.1976,6.229,4.9901,6.7345,2.8651,4.777,3.5907,7.6501,3.7149,7.5191,5.7798,5.729100000000001,8.4953,8.1771,7.323300000000001,5.5083,4.0391,5.7572,5.7239,6.4713,7.301500000000001,5.074199999999999,4.1434,7.5375,4.0933,4.8829,5.678599999999999,5.867000000000001,6.8736,4.0453,4.5058,4.1222,7.471399999999999,5.4312000000000005,7.0564,4.8645,5.8802,4.757099999999999,7.7924,4.777,5.6896,8.3082,2.7303,8.9854,11.5311,5.794300000000001,6.1446,3.5332,6.7544,7.3655,4.3815,3.2097999999999995,9.1539,7.0383000000000004,4.8163,4.3651,6.8248999999999995
2008-01-27,1040.5984,513.7435000000002,526.8548999999999,260.4229,253.32059999999996,276.49580000000003,250.35909999999996,7.8234,5.4985,4.9716,9.0138,6.006600000000001,2.4303,4.4549,3.7516,5.8507,4.2925,4.8073999999999995,4.7694,6.6578,5.0832999999999995,3.4014999999999995,2.936,4.0138,4.9841999999999995,4.0254,4.5437,5.6411,4.827,3.5690999999999997,5.0695,4.1152,7.7116999999999996,11.776900000000001,4.0254,5.4337,6.1687,4.7774,6.4678,5.793000000000001,2.6259,6.905100000000001,1.9556000000000002,6.4216,3.8275,6.435799999999999,4.0008,5.7128,6.9079,5.7209,5.3654,4.074400000000001,4.7927,4.6194999999999995,5.9747,6.1372,4.2522,7.8306000000000004,2.5708,5.9879,3.4257999999999997,4.0254,5.4757,7.4709,4.993499999999999,3.4105999999999996,4.1988,4.0254,4.0254,5.1983,3.6209,5.8507,5.6634,5.8507,1.7856,4.0739,7.495100000000001,5.3749,5.5457,4.5822,6.478200000000001,2.8047,4.7639000000000005,3.9864000000000006,8.6423,2.8415999999999997,3.9244000000000003,6.059900000000001,4.334099999999999,5.8439,11.6227,5.3361,3.2560000000000002,4.052,7.300599999999999,4.2723,5.3019,5.9451,5.1005,6.311299999999999,4.5527999999999995,4.192200000000001,4.433,6.0812,7.109400000000001,4.0296,2.2622999999999998,3.6746999999999996,4.0973,7.8328,5.1046000000000005,4.0011,7.4609000000000005,4.4704999999999995,7.8643,5.768600000000001,6.158799999999999,3.1967999999999996,5.2384,3.7603,5.4136,3.4453,3.9737,2.8527,5.5419,2.7001,5.480600000000001,5.003500000000001,5.8507,4.794700000000001,3.3108999999999997,7.2217,4.5908,9.5348,7.9077,6.3322,15.670499999999999,4.8147,5.8507,3.3254,5.350899999999999,9.1289,4.5667,3.3018,4.3377,5.9686,11.1745,6.2712,6.0398,5.6114,8.144,4.9916,4.0305,5.4394,2.7687,4.0254,3.0994,6.493900000000001,2.8419,6.7768,5.6052,4.5958,7.410299999999999,6.789,5.8772,4.623799999999999,3.3750000000000004,5.5481,5.3463,5.0291,6.0372,4.1367,3.3203000000000005,6.6382,3.3557999999999995,3.9097,5.0799,4.656,6.0882000000000005,3.3915999999999995,4.245799999999999,2.8216,6.5542,4.5229,6.1739,4.4783,4.6541999999999994,3.7561999999999998,6.8374999999999995,3.9058,5.0872,7.0776,2.5526999999999997,8.1833,6.4781,4.497,5.5033,2.8754,5.434100000000001,6.3729,3.3807,2.4594,6.5069,5.7496,3.79,3.4503,6.084200000000001
2008-01-28,1611.5116999999998,769.9261000000001,841.5855999999997,403.1893000000002,366.7367999999999,439.26689999999996,402.31870000000004,11.834399999999999,7.196899999999999,6.297,10.234,7.5914,3.9374,6.9002,5.4179,7.933000000000001,5.9332,6.3736,6.7323,8.6678,11.008700000000001,6.6853,4.2263,6.4097,9.484,5.5933,7.2989,11.8788,9.1031,4.1059,8.7449,6.635,16.8852,13.9616,5.5933,8.2692,10.9528,7.749899999999999,14.119399999999999,8.4133,3.4229,9.1829,4.3747,7.948300000000001,5.3774,9.409199999999998,5.4546,10.1695,9.514399999999998,7.9447,7.6379,6.651400000000001,5.839,6.741499999999999,15.5206,8.5257,7.306899999999999,9.1496,5.8047,7.1653,5.5202,5.5933,6.9503,8.3561,6.5252,6.633,6.774900000000001,5.5933,5.5933,6.7864,5.8246,7.933000000000001,6.5465,7.933000000000001,3.7904,5.9025,11.167599999999998,12.2162,7.8779,6.281699999999999,11.7044,6.4991,5.7025,6.8102,10.760499999999999,5.701599999999999,6.333600000000001,9.307199999999998,5.541300000000001,12.020599999999998,2.9939,6.5022,9.0128,7.260199999999999,13.0046,5.7825999999999995,8.277899999999999,6.5886,5.5036000000000005,10.5688,4.7295,8.299999999999999,6.2757000000000005,7.740200000000001,10.2041,6.8152,4.8769,5.793800000000001,7.4463,11.4203,15.1965,7.752599999999999,16.0598,5.6748,11.461300000000001,8.644400000000001,9.334499999999998,4.9987,6.770300000000001,8.4713,13.6908,4.690100000000001,9.747800000000002,8.5487,7.6237,5.7798,7.3945,7.5741,7.933000000000001,7.0378,7.5211,10.2228,10.2379,16.4907,9.7075,9.035800000000002,10.0317,7.8261,7.933000000000001,4.8017,8.420200000000001,11.1391,7.775500000000001,9.5045,6.375500000000001,8.1386,13.3054,13.453,7.2612,8.8797,14.194600000000001,8.7261,6.9968,8.2736,3.2070000000000003,5.5933,5.1696,10.1389,4.5154,20.2407,7.0995,6.305899999999999,11.684899999999999,8.5718,10.7662,6.7016,9.011800000000001,6.543699999999999,8.268,9.0585,11.043500000000002,7.3622000000000005,5.4558,8.735600000000002,4.1859,6.628,11.0038,6.886699999999999,8.343900000000001,4.4576,8.3781,6.716100000000001,10.311399999999999,6.0163,10.357,5.5466999999999995,6.7614,5.6503,9.1338,5.4749,11.5335,11.2044,3.8575,10.217500000000001,8.511800000000001,9.7594,8.3034,6.256,6.6701999999999995,9.0674,5.854399999999999,4.0634999999999994,9.9166,8.558399999999999,8.3823,4.6834999999999996,8.123
2008-01-29,1651.226,772.8615,878.3645000000001,407.0743,365.7871999999998,473.21820000000014,405.1463,13.232000000000001,7.4655,6.4702,10.3446,7.3123,6.2699,8.2302,4.971,8.2845,9.4845,6.5293,7.412000000000001,9.0221,12.9011,6.4623,4.7161,7.815300000000001,7.820999999999999,5.765700000000001,7.5905,8.738199999999999,8.7667,4.1411999999999995,8.2238,6.7753,11.462299999999999,14.0839,5.765700000000001,5.5877,9.6876,8.238999999999999,9.7166,8.7012,3.6727000000000003,10.976299999999998,4.2989999999999995,8.0767,5.4165,8.7002,5.4158,8.5515,14.567499999999999,8.9878,8.6241,5.881600000000001,6.3271999999999995,7.1331999999999995,13.6859,9.645399999999999,9.1236,10.3309,8.588000000000001,8.3825,5.3225,5.765700000000001,7.0886,8.2845,6.532500000000001,6.2789,7.1378,5.765700000000001,5.765700000000001,6.5106,6.0775,8.2845,6.2002999999999995,8.2845,3.8727,5.2638,10.0236,9.949200000000001,7.5893,7.5499,12.8079,7.616999999999999,5.888400000000001,7.0109,9.4355,6.0102,4.3627,9.856100000000001,7.3132,9.248000000000001,3.0690000000000004,6.6403,10.0354,6.1396,13.662400000000002,4.7479,8.7819,6.7287,4.5,8.3759,4.9291,7.7822,6.5451999999999995,7.8178,10.4634,6.3542,4.8151,6.0461,6.986700000000001,12.1956,11.589699999999999,8.8655,12.395600000000002,5.8578,12.6777,9.7825,12.691099999999999,4.6473,6.7873,11.2118,14.857800000000001,4.8694,9.605699999999999,6.624600000000001,8.607,6.466900000000001,7.547600000000001,10.3503,8.2845,10.0806,5.7181,9.5311,9.6122,17.617400000000004,10.8993,12.1203,13.239799999999999,9.2774,8.2845,4.8557,10.5864,14.6894,7.1064,10.6306,5.6612,9.207899999999999,17.065,14.4854,7.166,9.057400000000001,17.0256,10.6589,7.4078,8.9035,2.8935000000000004,5.765700000000001,4.7226,9.5847,4.5915,9.7477,6.6622,6.3898,12.1716,8.7567,13.838000000000001,9.523,8.1125,6.8014,7.3386,7.1739999999999995,7.843500000000001,13.821200000000001,5.681699999999999,10.7722,3.9501999999999997,8.4718,8.1891,7.796900000000001,8.7456,3.8825,9.7,8.9541,11.8629,5.9431,10.777800000000001,6.1270999999999995,4.1688,5.6588,10.7424,5.0809,9.1966,8.0446,3.703,12.5142,14.3911,6.9129,8.9835,5.8871,6.9375,7.8611,6.2673000000000005,4.1126,6.7087,8.9999,11.1827,4.728,9.853200000000001
2008-01-30,1635.6425,778.1872000000002,857.4552999999997,392.77940000000007,385.4078,457.9532,399.5020999999999,12.9084,7.3646,6.644299999999999,8.4029,7.4078,5.1232999999999995,7.2035,5.4819,8.3916,6.079600000000001,6.8142,7.8058000000000005,9.860000000000001,13.404000000000002,6.4085,4.420999999999999,7.7744,7.9078,5.873099999999999,7.7046,9.496400000000001,8.4434,3.9629999999999996,9.288799999999998,8.283100000000001,11.4598,14.191099999999999,5.873099999999999,6.737500000000001,8.699200000000001,8.0501,9.7102,10.3366,3.585,10.0559,4.133,8.725200000000001,5.1265,5.4854,5.3811,4.0001,12.952199999999998,7.9184,7.7463,6.3715,5.6825,7.1686,13.845899999999999,8.702,8.3862,8.9085,8.4245,10.5241,6.028499999999999,5.873099999999999,6.6667,10.0921,6.530100000000001,8.4495,7.0632,5.873099999999999,5.873099999999999,6.5673,5.912599999999999,8.3916,5.9197999999999995,8.3916,3.9457999999999998,6.136900000000001,11.6088,8.7529,7.3527,6.962299999999999,13.325199999999999,7.728999999999999,6.051699999999999,6.6888000000000005,12.6473,5.8505,5.5158000000000005,11.8857,5.789199999999999,9.8058,3.0915,6.4102,8.705400000000001,9.686300000000001,13.0078,4.806500000000001,9.1859,6.7956,9.212499999999999,9.1399,4.3898,8.5199,6.767799999999999,7.8306,9.886000000000001,7.2972,5.1371,6.133800000000001,7.3188,12.378,9.759599999999999,7.6709,10.1937,5.8216,12.236899999999999,10.6271,11.8339,4.860199999999999,7.0991,10.317900000000002,14.4538,4.8382,7.8224,10.9078,7.1508,5.9509,7.569599999999999,11.511099999999999,8.3916,11.9749,6.1412,10.294599999999999,10.000599999999999,18.130200000000002,9.6462,11.6101,13.597800000000001,7.9846,8.3916,4.8878,10.1982,12.5426,7.388400000000001,5.1407,6.6486,8.4026,15.6538,14.182099999999998,6.645300000000001,9.0745,16.9486,8.7376,6.6864,8.622,2.9139000000000004,5.873099999999999,4.7875,10.8277,4.7263,9.7822,6.8202,6.5405999999999995,11.8013,9.3464,12.381,8.7314,11.5907,6.2247,7.7422,5.795400000000001,7.88,15.1167,5.6219,9.705499999999999,4.113,7.721399999999999,6.682499999999999,8.4097,8.522,5.0358,9.0024,7.2524999999999995,9.9187,6.2423,10.4119,5.430899999999999,4.8252999999999995,5.690900000000001,9.9218,6.3118,8.236,10.2848,3.785,11.962,11.2973,6.8819,8.8976,6.1594999999999995,7.1521,8.6174,6.3869,4.249599999999999,7.415299999999999,9.5694,8.0327,4.7883,9.659200000000002
2008-01-31,1767.3838000000005,842.513,924.8708000000004,433.04560000000004,409.4674,482.24210000000005,442.6287000000001,12.1043,8.4014,7.2379999999999995,13.704699999999999,7.4861,8.7993,9.7408,5.9889,8.5548,6.4323,6.864199999999999,8.1207,9.4923,14.200299999999999,6.703,4.6844,7.910399999999999,8.0368,5.9546,8.1085,9.2478,8.8345,4.3019,10.1619,6.866899999999999,12.4931,12.0242,5.9546,11.4326,9.1407,8.5792,9.644,9.0003,3.7022999999999997,9.9237,4.3301,9.0898,2.8446,10.7583,5.626799999999999,11.2686,16.2489,8.3442,8.9487,6.9741,7.895999999999999,7.3888,14.523299999999999,8.892800000000001,10.0771,9.761099999999999,7.773,11.2027,5.452299999999999,5.9546,7.257499999999999,11.1865,6.7339,6.6075,7.484,5.9546,5.9546,6.6341,7.0145,8.5548,6.1827,8.5548,4.443499999999999,6.4711,12.117600000000001,8.9877,7.872,9.820699999999999,12.5399,7.380400000000001,6.5973999999999995,7.2334,9.1027,7.6872,6.2097999999999995,10.1617,7.9683,9.2319,3.3419,6.8781,11.933700000000002,8.0134,11.9803,6.8516,9.159300000000002,7.2652,12.0901,13.284300000000002,6.3749,7.178,6.980099999999999,7.8498,9.7288,13.593900000000001,4.8755,6.4189,8.4035,12.8788,12.113199999999999,7.866499999999999,13.1584,6.1874,12.7795,9.512,12.245500000000002,7.417800000000001,7.3736999999999995,10.0903,15.538799999999998,5.0094,8.4928,6.438000000000001,8.5024,7.9536999999999995,7.6511,10.6258,8.5548,9.6358,6.147399999999999,11.0141,10.5809,18.1267,11.973299999999998,11.995099999999999,18.7529,9.374500000000001,8.5548,5.1068,11.4799,12.1112,7.7364,5.2158999999999995,6.91,9.850999999999999,14.494499999999999,14.108,7.9266,9.5959,17.024099999999997,9.136000000000001,7.5591,8.863600000000002,2.9724,5.9546,4.8283,9.5733,4.8405000000000005,10.5695,6.9704999999999995,6.9215,13.1899,9.603200000000001,13.909000000000002,8.9704,10.085100000000002,6.8862000000000005,7.5191,12.6653,8.2806,12.247499999999999,6.1937,9.3852,4.1789000000000005,9.520900000000001,7.391,7.4651,8.956399999999999,5.0826,9.5648,9.5765,10.284200000000002,6.3278,11.5979,6.3106,9.8948,5.620799999999999,10.0493,5.9546,8.442,11.634500000000001,3.8447999999999998,13.0291,20.5069,7.239000000000001,9.5032,6.360099999999999,7.6523,10.2548,6.717300000000001,4.4236,13.907399999999999,9.7733,10.3314,5.1154,8.3069
2008-02-01,1726.9505,825.0121,901.9383999999998,418.7565000000001,406.25559999999996,466.25199999999995,435.6863999999998,12.5638,8.398,7.8974,9.7836,8.0641,4.4110000000000005,9.7169,5.8403,5.8355999999999995,6.729099999999999,7.9924,7.2989,9.0603,13.4389,6.3893,4.7783,7.5020999999999995,7.7199,6.146800000000001,8.1801,9.1405,7.624,4.3813,9.48,6.4777000000000005,13.7789,12.4986,6.146800000000001,10.2644,8.7717,8.222000000000001,10.013200000000001,9.2129,3.7551,9.707699999999999,4.2589,9.053799999999999,5.7104,11.0643,5.702500000000001,12.1602,14.907600000000002,8.2315,8.1984,7.0714999999999995,6.3662,7.7143999999999995,13.433599999999998,8.363900000000001,9.2977,9.3018,5.8492999999999995,11.200700000000001,5.629200000000001,6.146800000000001,7.3534999999999995,11.610199999999999,6.8516,5.667400000000001,7.237,6.146800000000001,6.146800000000001,7.0012,6.2062,8.7141,6.5101,8.7141,4.053,6.3015,12.042,8.6603,7.897,9.3833,12.8604,6.828399999999999,7.1343,7.347699999999999,12.5213,5.871,6.2998,10.0746,9.6173,9.889199999999999,3.3063,6.8297,7.3172,8.7849,12.5457,6.4222,8.9316,7.2183,10.966999999999999,13.393199999999998,5.0129,8.413499999999999,6.8891,8.0715,10.2107,14.079799999999999,4.7941,6.4193,7.7994,13.2204,13.4985,7.1691,13.9963,5.9765999999999995,12.5146,9.9171,11.5311,5.1114,7.968,9.0815,12.559500000000002,4.9841,8.439900000000002,4.844,7.6350999999999996,5.5044,7.669699999999999,9.85,8.7141,11.8782,6.2776,11.2178,10.0401,18.1871,10.2055,10.9607,12.7698,8.3405,8.7141,5.3283000000000005,10.6674,11.975800000000001,8.0317,5.5847999999999995,6.7818,8.9438,14.379499999999998,12.1499,7.6367,9.232,19.881,12.203999999999999,6.856800000000001,9.0733,3.2629,6.146800000000001,5.12,10.0292,5.148499999999999,10.7677,7.0766,7.3454,11.5927,10.7263,14.2238,8.4316,12.459299999999999,7.0531,8.173,10.071,9.8341,14.6076,7.285500000000001,8.7639,4.7778,8.4618,7.4025,7.9393,8.745099999999999,4.969799999999999,8.9019,5.9558,10.6083,6.6326,10.186699999999998,5.731599999999999,7.1693,5.6491,9.796700000000001,6.146800000000001,8.1876,11.5764,3.9255999999999998,12.969299999999999,16.317899999999998,7.947500000000001,9.5442,6.3886,8.3104,10.0318,7.500299999999999,4.680300000000001,12.506799999999998,10.2628,8.2822,5.8606,8.729700000000001
2008-02-02,1292.7821999999996,622.0024999999998,670.7796999999998,321.4482,300.5543,344.9615,325.8182,10.1725,7.5584999999999996,6.3202,8.6016,6.6858,3.1201,6.0852,4.650099999999999,4.8205,5.2903,5.669499999999999,5.5554,7.8946,6.0998,4.5440000000000005,3.7976,5.3232,6.3342,4.777,6.160399999999999,7.0513,6.1434,3.9962999999999997,6.3653,5.083200000000001,12.588999999999999,10.287600000000001,4.777,7.164599999999999,6.8244,6.2956,8.0416,7.2288,3.2295999999999996,8.316600000000001,2.4246,7.580699999999999,4.472799999999999,9.1695,4.6408,10.0213,8.344,6.7073,6.4164,4.9852,5.2981,5.6173,10.2094,6.8027999999999995,5.9032,9.479500000000002,3.1631,7.1579999999999995,4.1787,4.777,6.1837,9.1972,5.764,4.3519,5.5176,4.777,4.777,5.9907,4.6324000000000005,6.9428,6.077400000000001,6.9428,2.3794,4.7388,9.2668,6.3827,7.025399999999999,6.114600000000001,9.597999999999999,4.1418,5.6559,4.587199999999999,8.925900000000002,3.4953,4.9094,7.728,5.4107,7.5158,2.5496,6.0019,4.252800000000001,5.2307,8.7948,5.3653,6.901999999999999,6.5248,9.4104,8.9526,5.302999999999999,5.2364999999999995,5.948,6.446999999999999,8.2289,4.8171,2.8024,4.8986,5.1419,9.985,8.0715,5.224,8.908,5.0607,9.676,7.3859,11.266800000000002,3.5612,6.2712,5.504,6.8671,4.0202,4.957,3.7272,6.379,3.5895,6.1928,6.480599999999999,6.9428,6.7843,4.2445,8.959299999999999,5.3398,13.6398,8.982299999999999,10.7815,10.9492,6.3566,6.9428,3.8258,7.1166,9.66,5.315799999999999,4.2784,4.9595,7.407399999999999,12.0051,8.841700000000001,6.619,7.9849000000000006,13.5836,6.3008,5.2006000000000006,7.2379999999999995,3.1064000000000003,4.777,3.6498,8.235800000000001,3.8718000000000004,10.4586,6.4323999999999995,5.6451,8.4729,8.7958,9.5434,5.4955,4.1137,6.0194,5.7533,6.6788,7.3778,10.0271,4.3894,8.2279,4.1293,5.4634,5.7154,5.980300000000001,7.2623999999999995,3.9568999999999996,4.7813,4.616900000000001,8.2748,5.8624,7.116,5.031000000000001,5.846,4.5866,8.249,4.777,6.0813999999999995,8.956900000000001,3.03,8.7577,17.632099999999998,4.9284,6.7279,3.5898,7.0232,7.537399999999999,4.5761,3.4875000000000003,8.5851,7.0383000000000004,5.0364,4.5713,7.071300000000001
2008-02-03,1001.0577000000001,490.8626999999998,510.19500000000033,255.00669999999997,235.8560000000001,265.2591,244.93589999999995,7.418399999999999,6.1625,4.946200000000001,8.115300000000001,5.895899999999999,2.4455,4.7008,3.3804999999999996,4.5557,4.2891,4.533099999999999,4.6655999999999995,6.428,4.9566,3.5469,2.8773999999999997,3.9337,4.6448,4.0254,4.3443000000000005,5.3850999999999996,4.5801,3.4991,4.9471,4.1274999999999995,7.036,8.9486,4.0254,5.236,5.996700000000001,4.652900000000001,6.2646999999999995,5.4729,9.670200000000001,6.6922999999999995,1.9633,6.2107,3.8854,6.0756,3.9391999999999996,5.2429,6.514999999999999,5.27,5.2371,3.8545,4.6274999999999995,4.3085,5.8271,5.5275,4.1221,7.086,2.4249,5.7996,3.4232,4.0254,5.2877,7.4893,5.1097,3.4029,4.0851,4.0254,4.0254,5.2394,3.4436999999999998,5.8507,5.520700000000001,5.8507,1.6626,3.7229,7.094799999999999,5.3618,5.4645,4.7301,6.3511,2.8744,4.2052,3.6427000000000005,8.0627,2.8033,3.6827,5.6967,3.7931,5.6716,1.9942,5.287100000000001,3.2152000000000003,4.205,6.5069,4.1182,5.2238,5.389200000000001,5.1875,6.013999999999999,4.5029,4.2341999999999995,4.3895,6.0924,6.696899999999999,3.6575999999999995,2.2314,3.6365,4.023,7.1143,4.9752,3.9497999999999998,7.228,4.5695,7.8643,5.5884,5.794,3.0944000000000003,5.1158,3.8286,5.362299999999999,3.4090000000000003,3.8693,2.8617,5.3558,2.6924,5.4137,4.937,5.8507,4.7402,2.9973,6.921500000000001,4.392899999999999,9.4161,7.7568,5.9161,9.8909,4.609299999999999,5.8507,2.8316999999999997,5.2871,8.4937,4.2468,3.2767,3.9211,5.950099999999999,10.5608,6.1587000000000005,5.8074,5.4214,8.3218,4.7589999999999995,3.9074999999999998,5.4317,4.8176,4.0254,3.0151,6.3111,2.8231,5.906499999999999,5.4439,4.2968,7.112900000000001,6.6495999999999995,5.9637,4.5100999999999996,3.074,5.1784,4.7831,4.837899999999999,5.8028,4.0542,3.3138,6.4008,3.3561000000000005,3.8365,4.9558,4.4499,5.9861,3.2592999999999996,3.9638,2.817,6.5114,4.4354,5.9348,4.4331,4.3947,3.6186,6.787100000000001,4.0254,5.071299999999999,6.540700000000001,2.6685,7.038,9.037700000000001,6.1129999999999995,5.5722000000000005,2.8733,6.0452,5.881799999999999,3.6582,2.3604,6.209399999999999,3.7585,3.6530000000000005,3.3353,5.8917
2008-02-04,1583.0308999999997,761.1755999999999,821.8552999999998,398.3127,362.8629,424.86159999999995,396.99369999999993,10.8861,7.420000000000001,6.3936,8.757200000000001,7.7178,5.066099999999999,7.1706,5.4283,5.4954,5.7637,6.4783,7.0052,8.9392,12.9128,6.1945,4.308,7.392399999999999,6.8846,5.5933,7.487100000000001,8.980699999999999,7.7987,4.1503000000000005,9.3686,6.5382,14.438400000000001,13.874600000000001,5.5933,9.0946,10.1098,7.7954,11.5628,8.4404,3.542,9.8466,4.0984,7.9984,5.3299,8.1312,5.2698,7.721100000000001,18.2196,8.195899999999998,8.155100000000001,6.491,5.903499999999999,7.0206,12.4521,9.5357,9.3618,9.1414,5.9818,8.4635,5.3789,5.5933,6.865600000000001,10.0692,6.4678,6.120699999999999,6.8568,5.5933,5.5933,6.877800000000001,5.8109,7.933000000000001,6.2318,7.933000000000001,3.8243,5.884399999999999,10.9045,10.622800000000002,7.1129999999999995,6.5519,9.5077,6.4534,6.002400000000001,6.6011999999999995,10.691099999999999,5.7579,5.844900000000001,9.4041,7.6532,8.9798,3.0185,6.765499999999999,8.208,6.3735,11.2559,5.4990000000000006,8.686,6.726,9.6542,10.9734,4.908199999999999,7.066699999999999,6.3618999999999994,7.889299999999999,9.407,6.8311,4.53,6.012599999999999,7.351100000000001,11.525799999999998,11.5153,8.0162,12.814600000000002,5.6645,11.461300000000001,8.7027,10.3018,4.9927,6.915699999999999,8.6772,12.140600000000003,4.7559,10.447299999999998,7.983,7.4852,5.5395,6.965999999999999,7.6061,7.933000000000001,7.1152999999999995,5.703600000000001,10.1826,10.0557,13.6436,10.066600000000001,9.8986,10.8978,7.8374,7.933000000000001,4.934200000000001,10.7286,11.4844,7.547499999999999,4.9744,6.3637,8.0976,13.4442,11.851500000000001,7.0901,8.8423,14.825300000000002,7.956300000000001,6.935700000000001,8.2401,2.9719,5.5933,4.8382000000000005,9.2396,4.5314,14.233699999999999,6.8021,6.288600000000001,11.249600000000001,9.0287,11.1079,6.6825,12.990699999999999,6.9693,8.6891,7.0226,7.8302,7.9657,5.5875,9.344100000000001,4.0314,8.6354,7.1543,6.9504,8.209,4.9161,8.6857,6.4923,9.7698,5.9581,9.886199999999999,5.66,6.678000000000001,5.5219000000000005,9.6172,5.5933,9.7974,10.904,3.9124,14.479599999999998,8.3541,8.940999999999999,8.8157,6.290900000000001,7.0595,8.6878,5.773200000000001,4.3789,10.755199999999999,8.3691,7.7743,4.707199999999999,8.671
2008-02-05,1700.5013,810.9045000000001,889.5967999999999,418.0775000000001,392.82699999999994,461.20640000000003,428.3904,13.0931,7.6855,6.5399,10.5909,7.603599999999999,9.0257,7.413600000000001,5.794600000000001,5.1859,5.8582,6.587599999999999,8.0439,9.2442,13.374200000000002,6.5615,4.4703,6.8429,7.924200000000001,5.765700000000001,7.7444,10.2922,8.4912,4.0881,8.7458,6.9592,13.7872,11.375,5.765700000000001,9.4437,9.9921,8.7091,10.3288,8.869200000000001,3.6719,11.081199999999999,4.3257,9.580300000000001,5.5613,9.0609,5.4874,9.0616,18.002000000000002,8.645499999999998,8.4116,6.7032,6.4961,7.260700000000001,13.4892,9.1247,9.917000000000002,9.4455,6.0565,10.0192,5.513999999999999,5.765700000000001,7.2169,10.2444,6.6317,6.6601,7.745,5.765700000000001,5.765700000000001,6.7841000000000005,6.687200000000001,8.2845,6.3998,8.2845,4.0298,6.1844,11.215399999999999,10.2787,7.5947000000000005,6.938,12.0174,6.9669,6.1084000000000005,6.7713,12.4556,7.702,6.625,10.177,8.431899999999999,12.232600000000001,3.1633000000000004,6.7737,10.2962,7.731399999999999,12.124500000000001,5.9653,8.9468,7.253500000000001,9.3155,11.764400000000002,5.0611999999999995,7.1768,6.6949000000000005,7.6051,9.9249,9.159099999999999,4.8708,6.197,7.235200000000001,12.7669,13.912799999999999,8.4845,15.1198,6.0066999999999995,12.6777,9.077300000000001,11.1706,4.9585,7.1864,9.5511,13.439,4.8216,10.638,7.7982,7.7033,6.9649,7.625699999999999,8.3454,8.2845,8.9721,6.295100000000001,10.3992,10.6423,17.6015,10.3897,10.737300000000001,12.1114,9.9958,8.2845,5.0758,7.8843,11.8392,8.1948,5.8404,6.656000000000001,8.524799999999999,14.3232,13.8172,7.153700000000001,9.9758,16.5714,9.5074,7.8339,9.0042,2.998,5.765700000000001,4.8466,11.3508,4.796099999999999,11.5676,6.8964,6.673300000000001,11.7094,9.998,12.2359,8.701,12.7212,6.9738,8.4757,9.802399999999999,7.7861,12.1179,5.7557,11.1342,4.0611,8.689200000000001,7.582400000000001,7.2935,8.5226,4.8393999999999995,10.1059,7.4852,12.529499999999999,6.1832,10.2718,6.4258,6.8203,5.7269,11.424699999999998,5.765700000000001,9.260000000000002,11.5892,3.8231,14.1949,12.125399999999999,9.1695,8.9572,6.5664,7.3807,9.8322,6.3951,4.4277,11.173,8.2085,8.559099999999999,4.8836,9.4221
2008-02-06,1667.1947999999998,799.6051000000002,867.5896999999997,410.8650000000001,388.74010000000004,446.1806,421.4091,11.566500000000001,7.9365000000000006,6.7298,10.0678,7.6824,6.1348,7.565199999999999,5.7167,5.2297,6.051,6.8173,7.7921,8.9435,13.8348,6.527699999999999,4.5916999999999994,8.225200000000001,6.8827,5.873099999999999,7.798299999999999,9.3087,8.2326,4.152,11.1278,6.7875,13.1286,11.9008,5.873099999999999,9.2859,9.3137,8.2158,9.7698,8.559899999999999,3.7289000000000003,9.972299999999999,4.3658,10.578600000000002,3.3781999999999996,9.39,6.0411,9.3376,17.146,8.2577,8.311499999999999,7.619299999999999,6.3045,7.4134,14.0615,8.4367,8.898900000000001,10.6456,6.270700000000001,9.0906,5.5633,5.873099999999999,7.1148,10.575700000000001,6.6815999999999995,6.0717,7.2313,5.873099999999999,5.873099999999999,6.7069,6.5168,8.3916,6.4913,8.3916,4.1092,6.2554,11.551599999999999,9.2363,7.4396,7.1997,9.7997,7.0600000000000005,5.768700000000001,6.8983,12.2241,7.7227,6.5316,9.543,6.4907,9.7943,3.2058,6.7982,8.845500000000001,7.194400000000001,13.145900000000001,6.5565,9.0351,7.0802000000000005,11.391,12.7182,4.916,7.357100000000001,6.700900000000001,7.9951,9.837600000000002,10.0806,4.894299999999999,6.222199999999999,8.3148,12.1388,12.7264,7.8388,14.103500000000002,5.888199999999999,12.236899999999999,9.1283,11.2294,4.941000000000001,7.2391,9.424600000000002,13.656099999999999,5.2863999999999995,8.709299999999999,6.123,8.0974,6.0958000000000006,7.6663,8.2117,8.3916,9.111,7.178,10.8411,11.5647,13.7241,10.469000000000001,10.741,10.6888,9.2093,8.3916,5.1258,10.6131,11.4459,7.8721000000000005,5.270700000000001,6.694000000000001,8.5919,13.8495,12.2647,7.4731000000000005,9.1529,15.5418,7.7012,7.073599999999999,8.1739,3.0233,5.873099999999999,4.8518,9.393699999999999,4.8083,11.5567,6.897100000000001,6.55,11.8528,9.2088,11.3682,7.7368999999999994,11.0204,6.7187,7.6692,11.864799999999999,8.1754,12.2546,5.9759,9.0971,4.149900000000001,8.2514,7.4042,7.342,8.6632,5.208,9.119,7.8331,11.076699999999999,6.237500000000001,10.625399999999999,5.757899999999999,6.9809,5.4259,9.913499999999999,5.873099999999999,8.683800000000002,11.357000000000001,3.8632999999999997,14.696900000000001,15.7601,6.9721,9.0346,6.8206,7.416900000000001,9.5945,6.251900000000001,4.4758,11.4437,10.3603,8.9068,4.9376,8.8229
2008-02-07,1719.9300000000003,813.4433000000001,906.4867,418.2660000000001,395.17729999999995,467.0228,439.4639,12.4398,7.805899999999999,7.0664,10.7552,8.371500000000001,7.0101,7.9125000000000005,5.836399999999999,5.4054,6.2809,7.140599999999999,7.870900000000001,9.2728,12.0335,6.6716999999999995,4.7409,7.9079,6.5916,5.9546,7.9762,9.590200000000001,6.907299999999999,4.2426,9.5825,6.8193,13.092300000000002,13.7517,5.9546,11.2259,9.5933,8.3457,11.2397,8.8154,3.5566,10.485199999999999,4.417999999999999,9.0213,5.7803,9.9264,5.4974,10.1445,16.7555,8.5214,8.661399999999999,7.0136,6.2036999999999995,7.3385,12.8721,8.5453,9.319500000000001,8.9627,6.5954,11.326799999999999,5.6167,5.9546,7.231199999999999,10.892999999999999,6.6487,6.3248,7.305300000000001,5.9546,5.9546,6.916599999999999,6.2379,8.5548,6.6442,8.5548,4.2051,6.3824000000000005,11.6403,9.588899999999999,7.1611,8.2463,10.3161,6.9287,6.2132,6.8841,9.7396,6.0557,6.7045,9.9743,6.4376,10.0411,3.3434,6.879999999999999,10.4109,8.5411,13.1434,6.6259,8.962,7.2941,11.3707,13.1535,5.032399999999999,8.0291,6.817499999999999,8.252500000000001,9.9701,10.1829,4.972099999999999,6.367,7.7945,13.1705,11.665899999999999,9.2274,12.9974,5.9167000000000005,12.7795,9.8569,10.4827,5.2875000000000005,7.509799999999999,9.2629,13.9847,5.2804,10.5327,8.040899999999999,8.1418,7.0207999999999995,7.723700000000001,10.957799999999999,8.5548,10.3756,7.627900000000001,10.8216,9.8197,14.3879,11.0584,10.1627,14.819700000000001,8.010200000000001,8.5548,5.3671,11.0431,10.7866,7.9409,5.6038,6.802399999999999,8.6553,13.2011,12.2785,7.3426,9.3485,17.655,13.300099999999999,6.9446,8.493500000000001,3.1334999999999997,5.9546,4.9768,10.4779,4.9475,11.4921,7.115,6.8335,11.9746,9.5366,13.4662,9.1363,8.6159,7.0206,8.9503,10.6893,8.7095,13.6595,6.2094000000000005,10.7322,4.9323,8.9895,7.5835,7.6189,8.8089,5.6562,9.5943,6.652200000000001,11.686399999999999,6.367900000000001,10.605099999999998,5.8703,9.4306,5.9773,10.426,5.9546,8.846900000000002,11.6361,3.9376000000000007,14.941,17.3493,8.1555,9.4242,6.4309,7.8366,9.2001,6.2823,4.7022,13.9236,9.342500000000001,8.576,5.3677,7.791
2008-02-08,1782.1468000000004,840.1218000000002,942.0250000000001,427.4387000000001,412.68309999999997,487.63349999999997,454.3914999999999,13.0241,8.079,8.0251,10.4113,8.2513,5.196300000000001,10.4413,5.8189,5.7258,6.8485,7.680100000000001,7.5173,9.1279,12.9329,6.5964,4.853300000000001,8.7431,6.9984,6.146800000000001,8.4168,8.865400000000001,6.8639,4.1648000000000005,9.7331,6.6591000000000005,12.7512,14.9593,6.146800000000001,10.7098,9.1936,8.5474,11.9225,9.7274,3.6624,9.7738,4.398199999999999,11.942900000000002,3.6873,10.5079,5.545999999999999,11.258,13.261,8.385200000000001,8.4879,7.2561,6.266500000000001,7.919499999999999,15.0075,8.894,10.105599999999999,9.3293,5.9587,13.133600000000001,5.789999999999999,6.146800000000001,7.3044,11.8566,6.588699999999999,5.7520999999999995,7.4619,6.146800000000001,6.146800000000001,7.1859,6.3465,8.7141,6.7125,8.7141,4.1370000000000005,6.335800000000001,11.854899999999999,9.2202,7.4763,11.4928,12.9693,6.7456,7.364599999999999,7.144400000000001,11.675699999999999,6.0222999999999995,5.5642,10.2644,8.3305,9.3841,3.3139,6.902000000000001,8.7032,11.8231,12.7836,6.6457,9.456700000000001,7.804599999999999,10.2255,13.2744,5.2758,9.8687,7.048400000000001,8.4641,10.0083,10.9085,4.9056999999999995,6.5751,7.9273,13.6294,19.670099999999998,8.4056,19.459799999999998,5.9921999999999995,12.5146,11.266,12.1272,5.606,8.081600000000002,8.9072,12.488,5.126,7.3607,5.0798000000000005,7.5642,6.0122,7.8177,12.7987,8.7141,10.895900000000001,6.1012,11.1307,9.3519,17.5727,10.0828,10.547,12.9289,8.265799999999999,8.7141,5.670999999999999,11.411500000000002,11.964500000000001,8.1967,5.8335,6.7191,9.0034,15.515400000000001,13.918400000000002,7.3445,9.221899999999998,19.6699,14.1036,6.968,8.7854,3.3529,6.146800000000001,5.0925,10.1369,5.3908,10.244299999999999,7.257200000000001,6.9498,11.5908,10.5904,15.695600000000002,11.2277,12.8362,7.078,7.757999999999999,10.3796,10.988399999999999,15.222900000000001,6.167700000000001,9.1863,5.0773,9.3729,8.8399,9.1638,8.8635,5.6163,9.2775,6.049300000000001,10.7078,6.471299999999999,10.0379,6.0275,7.619,5.709899999999999,10.500900000000001,6.4939,8.5916,10.8992,4.0348999999999995,12.4237,24.422200000000004,9.1829,9.6689,6.347300000000001,8.845100000000002,9.204,6.6113,5.1095,12.9022,7.4882,8.1812,6.418000000000001,9.532
2008-02-09,1312.3392999999996,638.8866999999997,673.4526000000001,326.9094999999999,311.9771999999999,340.55820000000006,332.8944000000001,9.628200000000001,7.929500000000001,6.4958,8.317,7.243499999999999,3.2933,6.460700000000001,4.5338,5.2193,5.2519,6.1675,5.5668999999999995,7.6709,6.3893,4.8958,3.8918,5.5183,6.3557,4.777,6.237299999999999,7.526599999999999,6.241,3.8674,6.5857,5.0957,9.9603,13.239799999999999,4.777,7.4125,7.1634,6.3742,8.1609,7.9002,3.3251,8.1617,2.5991999999999997,7.5607999999999995,2.9234999999999998,10.078,4.7892,11.405100000000001,8.6836,6.920800000000001,6.2844,5.293799999999999,5.245699999999999,5.8392,8.397,7.3255,5.9287,8.7583,3.2407000000000004,6.9983,4.4373000000000005,4.777,6.298400000000001,9.1463,5.8219,4.5516,5.556699999999999,4.777,4.777,6.3931000000000004,4.784800000000001,6.9428,6.5680000000000005,6.9428,2.4905999999999997,4.9411,9.7944,6.8948,6.798500000000001,6.5297,8.3196,4.4512,6.416799999999999,4.532399999999999,9.8002,3.616,4.8526,7.719099999999999,4.993,7.811000000000001,2.7062,6.005599999999999,4.5544,8.3044,8.8474,5.653700000000001,7.108499999999999,6.7654000000000005,11.1578,8.7867,5.646599999999999,6.6394,5.826599999999999,6.923999999999999,8.2275,5.076300000000001,3.0137,4.8256,5.218400000000001,9.6765,6.781700000000001,5.3097,8.886,5.2826,9.676,7.7311,8.5664,4.3073999999999995,6.918200000000001,5.8043,7.0837,4.1033,5.5133,3.8642000000000003,6.4152,3.8229,6.2639,7.1696,6.9428,6.6831,4.2786,9.5583,5.3099,11.480699999999999,8.8759,8.305,9.915,6.282,6.9428,4.3328999999999995,7.6190999999999995,9.5937,5.6065,4.3285,5.102,7.317699999999999,12.099,8.1777,6.4853000000000005,7.1998,13.0212,7.204400000000001,5.3517,7.1297999999999995,3.3657999999999997,4.777,4.052,8.0905,4.0131,8.819399999999998,6.772799999999999,5.7533,8.6705,9.1586,8.849,5.7279,4.2871999999999995,5.9972,6.5553,7.121700000000001,8.2712,7.433,4.6749,12.417099999999998,4.7178,5.4911,5.7607,6.259399999999999,7.227899999999999,4.364800000000001,4.9931,4.3244,8.068100000000001,5.826499999999999,7.297,5.057,6.069799999999999,4.796099999999999,8.6459,4.1551,6.4041,8.619299999999999,3.1566,8.700700000000001,17.9745,6.38,7.3008999999999995,3.6706999999999996,7.5958000000000006,7.6145,4.3826,3.9844999999999997,8.935200000000002,5.057,5.3737,5.0148,7.062100000000001
2008-02-10,1112.8827,548.9244000000001,563.9582999999999,275.85859999999997,273.0657999999999,291.95509999999996,272.0032,7.810500000000001,6.607999999999999,5.4780999999999995,8.3386,7.1464,2.7617,5.4597999999999995,3.8479,5.0616,4.5559,5.3397,4.9779,6.9243,5.2515,4.1376,3.3501999999999996,4.6204,5.214700000000001,4.0254,5.0537,5.993,5.154100000000001,3.7337,5.5405,4.4094,7.8495,11.845500000000001,4.0254,5.8355,6.548800000000001,5.2908,6.8238,5.516299999999999,3.0106,7.5853,2.1208,6.676,3.0885,7.0381,4.1562,6.766400000000001,7.3628,5.8995,5.6022,4.3581,4.8591,4.7921,6.5837,6.691199999999999,4.7378,7.8322,2.6814999999999998,6.1353,3.9175999999999997,4.0254,5.6157,7.9918,5.3703,3.8457,4.662599999999999,4.0254,4.0254,7.596,4.214700000000001,5.8507,6.5038,5.8507,2.3734,4.1886,8.052,6.1798,5.9001,5.375,9.1024,3.5838,4.9452,3.9955000000000003,11.2744,3.0646000000000004,4.1958,6.204,4.3774,6.184800000000001,2.371,5.5125,3.7546,6.7884,7.4377,4.6425,5.793200000000001,5.8901,6.5181000000000004,6.750500000000001,5.0607,7.4303,4.879899999999999,7.0658,7.257099999999999,4.3213,2.4505,4.0329999999999995,4.4126,8.593800000000002,5.349,4.4978,7.6747000000000005,4.9015,7.8643,6.2824,8.691500000000001,4.0419,5.6932,4.6403,5.7234,3.6056,4.4989,3.2816,5.6727,3.1549000000000005,5.82,5.540800000000001,5.8507,5.1274999999999995,3.3968999999999996,7.844,4.6291,11.8581,8.2101,6.6381,8.183,5.198,5.8507,3.7925,6.3123000000000005,9.4239,4.7555,3.5948,4.4138,6.433,11.3622,7.581200000000001,6.1945,5.9498,8.918,5.3171,4.2827,5.8528,3.4158,4.0254,3.5697,6.5771999999999995,3.3089,6.6237,6.875500000000001,4.683199999999999,7.5267,7.292199999999999,6.3795,4.9627,4.3313999999999995,5.5445,5.498799999999999,5.4393,6.7185,4.4643,3.7653000000000003,7.3533,3.7668999999999997,4.4261,5.2124,5.1038,6.4078,3.4505999999999997,4.3157,3.401,7.1403,4.834700000000001,6.3659,4.6821,4.8712,4.0923,7.623499999999999,3.908,5.8366999999999996,7.3649000000000004,3.005,7.7281,10.3331,5.447900000000001,6.367299999999999,3.0927999999999995,6.0678,6.5285,3.6834000000000002,3.1419,7.0162,4.425,4.4371,4.1241,6.456099999999999
2008-02-11,1643.6189,793.1958,850.4231000000001,411.60130000000004,381.5945,424.2076,426.2155000000002,10.9246,7.251199999999999,6.548,8.4007,7.8078,5.113299999999999,7.4067,10.230699999999999,5.2417,5.8727,6.754900000000001,7.1109,8.7469,12.2972,6.4539,4.2992,7.4571000000000005,6.6080000000000005,5.5933,7.4426,8.4725,6.8144,4.3672,8.711,6.5808,13.6536,14.197199999999999,5.5933,10.822299999999998,9.957,7.988100000000001,10.6926,8.9332,3.4947,11.4881,4.078200000000001,7.9171,8.090499999999999,11.7198,5.440899999999999,13.215399999999999,15.5259,8.071299999999999,7.9475,6.5625,5.991099999999999,7.2204,13.4939,9.0398,7.9596,9.133000000000001,5.9925,8.0543,5.416,5.5933,7.005500000000001,10.2535,6.4915,6.1048,7.0388,5.5933,5.5933,7.0672999999999995,6.088699999999999,7.933000000000001,6.4991,7.933000000000001,3.9345999999999997,8.7324,10.7919,10.2288,7.1411999999999995,6.8584000000000005,9.6157,6.728899999999999,5.8217,6.7909999999999995,12.0391,5.8081,5.4836,9.454699999999999,8.5625,9.0174,3.1284,6.5555,7.634399999999999,8.4036,13.309,6.0269,8.0106,7.1008,14.737100000000002,13.2836,5.6582,7.4173,6.289,8.0344,9.8128,6.798399999999999,4.5936,5.8705,7.1240000000000006,12.7589,7.4796000000000005,8.2567,9.777999999999999,5.7817,11.461300000000001,8.644,9.7545,5.2092,7.2166,9.807400000000001,10.7896,4.7788,10.6187,6.4773000000000005,7.8393999999999995,5.522,7.395700000000001,7.676499999999999,7.933000000000001,7.5065,5.6953,10.1829,10.1719,13.1303,9.4823,9.662700000000001,9.7254,8.4636,7.933000000000001,5.1722,10.212800000000001,10.603299999999999,8.0643,4.928,9.6963,8.314499999999999,13.9555,12.3953,7.2381,8.9509,15.5804,7.898499999999999,6.675,8.1661,3.1449999999999996,5.5933,7.4908,8.8794,4.6147,12.4938,6.9019,6.3462,10.551300000000001,9.358,11.6889,7.7656,9.1292,7.1117,8.899899999999999,9.6309,8.2888,9.228200000000001,5.5971,17.6517,4.2105,7.2583,7.8073,6.9437,8.459900000000001,5.564500000000001,8.237300000000001,6.4145,12.2185,6.4398,9.1583,5.646699999999999,9.2895,5.5983,13.411100000000001,6.6575,9.2602,10.4854,3.9566999999999997,14.0397,12.2665,12.058599999999998,8.93,6.1098,7.3797999999999995,12.3038,5.816699999999999,4.7158,13.5489,6.6771,7.948300000000001,4.9257,8.339500000000001
2008-02-12,1759.4690999999998,796.303,963.1660999999999,414.14050000000003,382.1625000000001,548.3607000000001,414.8054000000001,12.0582,7.504,6.641,8.2918,7.6072999999999995,7.5226,7.3657,6.2989,5.1267000000000005,5.934,6.769500000000001,7.8653,9.648100000000001,14.2586,6.4798,4.9946,8.3287,6.698500000000001,5.765700000000001,7.7842,9.9334,7.484500000000001,4.5131,9.872,6.8946000000000005,11.8839,13.538699999999999,5.765700000000001,9.5109,9.6192,8.0445,11.9211,9.3141,3.5857,10.2726,4.2829,10.561200000000001,7.352600000000001,8.521,5.487399999999999,8.2755,13.9304,8.3278,8.2524,6.8691,5.977,7.3468,15.489900000000002,9.5953,8.774000000000001,9.455100000000002,6.521100000000001,10.4292,5.4954,5.765700000000001,7.2418000000000005,10.379800000000001,6.6657,6.5503,7.1529,5.765700000000001,5.765700000000001,6.7568,5.9228,8.2845,6.3474,8.2845,4.2226,6.1541,11.2015,9.8558,7.2045,7.3866000000000005,10.1138,7.2674,5.8155,6.6672,12.8683,6.1664,6.3530999999999995,9.7603,6.424099999999999,9.821000000000002,3.1304000000000003,6.8614,10.180800000000001,8.2018,10.6148,5.839,8.7003,7.1302,10.1897,11.9404,5.6496,8.001399999999999,6.4763,7.730499999999999,9.287500000000001,7.2705,4.891299999999999,6.2336,7.5328,13.6902,7.9643,9.0234,10.0523,5.9144000000000005,12.6777,9.503599999999999,10.3141,5.1185,7.2334,9.5912,13.0556,4.8036,10.568200000000001,7.990600000000001,7.4277999999999995,6.7374,7.5619,9.3631,8.2845,8.883000000000001,5.9033,10.5242,10.5505,111.6449,9.8831,9.909099999999999,21.856499999999997,8.0047,8.2845,5.1030999999999995,11.285,11.107,9.9284,5.3279,6.4466,8.0323,13.643199999999998,10.7869,7.0351,9.181700000000001,15.8727,8.8865,6.7247,8.1928,3.0295,5.765700000000001,5.9256,10.067400000000001,4.6448,9.9076,7.1061,6.6964,11.281600000000001,9.164000000000001,11.965399999999999,8.9444,8.9848,6.7765,8.6091,8.193000000000001,8.506799999999998,10.7537,5.7741,10.312899999999999,4.2131,8.2547,9.3222,7.6236999999999995,8.6844,5.765700000000001,8.9242,6.1472999999999995,11.3723,6.0221,9.8716,5.7346,6.912799999999999,5.6875,10.327,6.0342,9.145199999999999,11.3412,3.9676,11.5383,15.624600000000001,9.8439,9.0349,6.3347999999999995,7.293,8.8383,6.038100000000001,4.477500000000001,11.4606,9.4272,8.3233,4.9727,8.5582
2008-02-13,1737.9053000000004,827.9763000000004,909.9289999999999,426.97040000000015,401.00590000000005,470.9355,438.99349999999987,11.801400000000001,7.6735,8.052699999999998,10.497300000000001,8.4506,7.0016,7.7681000000000004,6.3825,8.1969,6.866599999999999,6.9422,8.0717,9.0679,11.8095,6.8576,4.689299999999999,8.521799999999999,7.5584,5.873099999999999,8.093599999999999,9.9378,8.725,4.656000000000001,9.534500000000001,6.931,13.638300000000001,14.3756,5.873099999999999,10.8763,9.6107,8.2995,10.252600000000001,9.5764,3.6807,10.526900000000001,4.2702,11.0155,3.7343,9.2226,5.6879,9.071,14.0625,8.142299999999999,8.997399999999999,6.895099999999999,6.4107,7.6777999999999995,14.6698,10.2659,10.1767,8.956,6.2391,12.8935,5.725099999999999,5.873099999999999,7.3157000000000005,11.814499999999999,6.8024,6.6295,7.2771,5.873099999999999,5.873099999999999,6.928599999999999,8.271999999999998,8.3916,6.619400000000001,8.3916,5.0705,6.2316,11.6456,9.736799999999999,7.4655000000000005,7.1966,10.488599999999998,6.9655,6.059899999999999,6.8833,13.050899999999999,6.278700000000001,6.5764,10.0988,9.427499999999998,9.8552,3.3567,6.888199999999999,9.8703,8.500599999999999,11.6043,5.914199999999999,8.8029,7.260300000000001,10.07,12.323900000000002,5.6899,7.208699999999999,6.7,8.1676,9.7297,11.1522,4.8596,6.3649000000000004,7.5911,13.5754,13.559,8.5236,14.8951,5.9469,12.236899999999999,10.5931,12.532399999999999,5.2042,7.3690999999999995,9.308499999999999,13.942499999999999,5.062099999999999,9.5999,7.0734,8.567499999999999,6.4041,7.7311,10.7642,8.3916,10.0089,6.7019,10.9645,10.3426,14.3232,11.967099999999999,11.7299,10.457799999999999,11.6624,8.3916,5.1163,11.131699999999999,12.310200000000002,7.987399999999999,5.9578,6.6166,8.51,15.824399999999999,11.8915,7.3771,9.2028,17.0299,10.601099999999999,7.4018,8.311399999999999,3.142,5.873099999999999,4.863900000000001,9.829699999999999,4.8812,11.316399999999998,7.889100000000001,6.893400000000001,12.006,9.5929,13.034199999999998,9.7873,10.094,8.0039,8.1672,7.525,9.7837,12.356500000000002,6.046899999999999,9.821200000000001,4.6015,9.716999999999999,9.294500000000001,8.482500000000002,8.7661,5.873099999999999,9.349200000000002,6.79,11.7102,6.2492,10.662600000000001,7.167,8.8025,5.6251999999999995,10.0583,6.6524,9.0311,11.4611,3.9566999999999997,12.274999999999999,17.046799999999998,8.7611,9.6548,6.3163,7.601999999999999,8.984000000000002,6.3151,4.5716,13.504399999999999,9.9492,8.1598,5.1663,9.4083
2008-02-14,1861.8681000000001,879.7076000000002,982.1604999999998,448.82950000000005,430.8781,496.1431,486.0174,12.2348,8.5642,7.4339,9.1835,8.008700000000001,9.261899999999999,9.0653,6.1648,5.6279,6.5097,7.194699999999999,8.330499999999999,10.4721,15.4879,6.781499999999999,5.1539,11.2471,8.942899999999998,5.9546,8.1729,9.872399999999999,8.8016,5.0451999999999995,10.6243,7.174899999999999,12.6556,14.9898,5.9546,11.9877,11.2789,8.4266,12.4086,9.6089,3.8724,9.773499999999999,4.4948,11.685299999999998,3.5774,9.951699999999999,5.6176,10.1975,15.087900000000001,9.2401,9.556099999999999,7.0357,7.5702,7.7661999999999995,14.187400000000002,9.0349,11.5589,9.849,6.6339,11.7875,5.9039,5.9546,7.321599999999999,11.2978,6.8555,6.7104,7.430400000000001,5.9546,5.9546,6.859,7.8887,8.5548,6.7146,8.5548,5.5842,7.112500000000001,12.2132,12.3777,8.317599999999999,8.355,15.473700000000001,7.7084,6.8762,7.4122,11.128599999999999,9.7749,6.808999999999999,11.043800000000001,8.7651,9.8944,3.3665000000000003,7.0446,10.811,8.0571,12.4967,7.885800000000001,9.5989,7.310499999999999,11.0338,15.026299999999999,5.7326999999999995,8.6647,6.961899999999999,8.072099999999999,10.2432,14.5204,4.979699999999999,6.4811,7.958,14.3265,13.7584,9.303799999999999,15.142199999999999,6.4468,12.7795,10.1181,11.448799999999999,5.3046,8.444700000000001,10.0998,16.915799999999997,5.016000000000001,11.73,7.291499999999999,8.2757,7.3888,7.7719,10.8407,8.5548,10.639800000000001,6.7529,11.091199999999999,11.7616,17.7076,11.7387,11.1102,10.9138,11.9451,8.5548,5.3776,13.112400000000001,12.9436,8.158,5.5402000000000005,7.997400000000001,9.283999999999999,15.999,14.4755,7.6053,9.7528,18.087699999999998,10.0644,7.4112,8.642199999999999,3.0751999999999997,5.9546,5.0488,9.933399999999999,5.0474000000000006,11.0218,6.9384999999999994,6.947799999999999,11.909799999999999,11.3455,13.837299999999999,9.8614,10.565199999999999,7.2128,9.2288,15.9502,11.1286,15.005600000000001,6.2125,9.9694,4.5652,11.2515,9.7806,8.058399999999999,9.0649,5.9546,9.941999999999998,7.665900000000001,10.9682,6.5209,10.378,6.9245,10.3618,5.7546,10.2876,7.3008,11.5884,11.7835,4.2383999999999995,12.9616,25.2309,10.1484,9.801300000000001,7.0078,9.2944,11.3589,6.6495999999999995,4.6544,14.7247,14.4627,9.887899999999998,5.5555,9.7735
2008-02-15,1826.2265999999993,870.6225999999997,955.6039999999996,443.2434,427.3792000000001,486.7970999999999,468.8069,13.1328,8.828500000000002,9.827000000000002,8.948799999999999,8.238,4.378,11.618699999999999,5.8484,5.7067000000000005,8.009799999999998,8.341999999999999,7.0687,9.320799999999998,15.732599999999998,6.1749,4.9721,11.101199999999999,7.1683,6.146800000000001,8.6491,9.1572,7.995999999999999,4.3826,9.374500000000001,6.6655999999999995,12.6038,14.7513,6.146800000000001,11.4725,9.363800000000001,8.6401,10.2298,9.904300000000001,3.7298999999999998,9.4603,4.254,8.6049,5.821199999999999,10.093399999999999,10.3771,10.6813,14.361899999999999,8.8407,8.8773,7.077399999999999,6.2922,7.6362,17.3694,8.823999999999998,11.040700000000001,9.3184,5.6211,17.9318,5.7201,6.146800000000001,7.2842,13.7003,6.7805,6.1315,7.6584,6.146800000000001,6.146800000000001,7.453000000000001,6.4254,8.7141,6.7724,8.7141,4.188600000000001,6.3239,12.6016,9.5091,7.859899999999999,11.8692,16.3965,6.2737,8.9734,7.4229,10.963000000000001,5.807600000000001,6.532500000000001,11.1469,8.603,9.930499999999999,3.3279,6.874899999999999,8.4224,7.705400000000001,11.4526,6.799800000000001,10.3908,8.3538,11.0246,13.6015,5.6549,7.2812,9.1745,8.488199999999999,9.895,13.079099999999999,4.7846,6.5352,7.7003,13.8357,21.1892,8.6028,20.6871,5.913600000000001,12.5146,9.5973,12.0502,5.4645,8.933,8.284600000000001,12.888,6.6946,8.1646,4.7597000000000005,7.4032,5.9914000000000005,7.634600000000001,9.0927,8.7141,9.909500000000001,6.1589,11.4901,9.4422,17.2713,9.9822,10.9679,12.0151,8.3033,8.7141,5.8762,12.679599999999999,11.0834,8.1403,5.4649,6.7485,9.0716,13.68,13.597399999999999,7.320600000000001,10.2098,19.6314,17.384700000000002,6.6593,9.113,1.9262,6.146800000000001,5.1578,11.1804,5.6814,10.328800000000001,7.491800000000001,7.116899999999999,13.2548,11.822600000000001,15.195799999999998,8.273,10.871500000000001,7.094799999999999,8.1655,11.401,11.829,14.065199999999999,6.3651,12.0351,9.5096,10.174299999999999,15.177699999999998,7.652900000000001,8.945599999999999,6.146800000000001,9.2002,5.677,10.639299999999999,6.6064,10.832,5.382,7.5219000000000005,5.5998,9.6894,5.9594000000000005,9.0288,11.7865,4.1289,12.5611,24.668599999999998,7.9811000000000005,9.9396,6.1636999999999995,10.906500000000001,9.805900000000001,6.4618,4.4356,13.761,7.284199999999999,7.656700000000001,7.0233,8.3266
2008-02-16,1300.6131,629.2854999999998,671.3276000000001,316.0686,313.21689999999995,339.58970000000005,331.7378999999999,9.3557,8.454999999999998,6.4585,8.4365,7.2789,3.1802,6.528099999999999,4.432,5.1583,5.2216000000000005,6.7412,5.393700000000001,7.6487,6.821899999999999,4.6688,4.0919,5.812200000000001,6.2079,4.777,6.3218000000000005,7.131200000000001,6.086600000000001,3.764,6.6646,4.851,9.1908,9.966999999999999,4.777,7.156,7.129,6.194399999999999,7.965199999999999,7.6527,3.3658,8.0625,2.4093999999999998,7.4504,2.5153999999999996,8.1537,4.5771,8.407,8.3158,6.6331,6.2267,5.0553,5.1232999999999995,5.533799999999999,9.2807,7.3864,6.0527999999999995,8.447600000000001,2.9421999999999997,6.9688,4.3533,4.777,6.208400000000001,9.0885,5.8637999999999995,4.2966,5.4808,4.777,4.777,6.488300000000001,4.7299,6.9428,6.429600000000001,6.9428,2.3430999999999997,4.8019,9.6838,6.8311,6.974099999999999,6.694800000000001,7.9048,4.0625,13.309999999999999,4.5710999999999995,10.9199,3.3892999999999995,4.6262,7.2691,4.7166999999999994,7.5691,2.6632,5.939,4.4175,6.7608999999999995,8.2481,5.7354,6.8665,10.1403,7.6287,8.9769,5.6251,6.320499999999999,5.6764,7.365600000000001,7.942,4.974,2.7549,4.829599999999999,5.1988,10.1243,9.8858,5.0944,11.5302,5.1495,9.676,7.5714,7.3107,4.3668,9.7876,5.3248999999999995,6.9841999999999995,3.8939,5.2378,3.5591,6.0999,3.6791,6.1290000000000004,6.6554,6.9428,6.0686,4.1827000000000005,9.465799999999998,5.049199999999999,10.3322,8.7107,7.4263,9.5383,6.133,6.9428,4.6287,7.6865,9.901,5.4701,4.2524,5.0367999999999995,7.1541,12.2051,7.7052,6.3289,6.7775,11.0439,9.8569,4.9364,6.825,2.0419,4.777,4.0815,7.791,4.2391000000000005,7.798500000000001,6.665900000000001,5.8619,8.694899999999999,10.880199999999999,7.9232,5.567500000000001,4.2438,5.8225,5.9707,7.5976,10.6793,5.3778,4.6541,7.9598,4.9401,5.6922,6.4141,6.1363,7.184900000000001,4.777,4.9940999999999995,4.0968,7.8276,5.6434,7.2344,4.0563,5.8769,4.5676000000000005,8.1351,4.0829,6.459,8.2951,3.1461999999999994,8.611,16.9253,5.7346,7.1729,3.5646999999999998,15.6394,7.4376,4.2089,3.4350999999999994,8.628499999999999,4.9014,5.116,6.1019000000000005,6.972799999999999
2008-02-17,1080.9551999999999,535.1153,545.8399,270.1326,264.98269999999997,279.3788,266.46110000000004,7.8651,6.7170000000000005,5.4223,8.0727,7.1257,2.6567,5.5108999999999995,3.8313,5.016800000000001,4.562200000000001,5.7866,4.899100000000001,6.4622,5.2469,3.8808999999999996,3.8864,4.2885,5.1556,4.0254,4.9518,5.835699999999999,5.060599999999999,3.6197,5.463,4.1972000000000005,7.66,11.2872,4.0254,5.7725,6.3999999999999995,5.1716999999999995,6.6532,5.8184000000000005,2.7712,7.301300000000001,2.0365,6.696699999999999,1.6424999999999998,6.671099999999999,3.9967000000000006,6.160400000000001,7.1396999999999995,5.8565000000000005,5.562000000000001,4.2778,4.6414,4.7189,6.9211,6.5915,4.8186,7.867900000000001,2.5247,6.1107,3.6425,4.0254,5.5044,7.8689,5.2388,3.5824999999999996,4.5675,4.0254,4.0254,6.4725,4.0473,5.8507,6.468399999999999,5.8507,1.8844,4.2026,7.9139,5.9513,5.903700000000001,5.6236,6.659699999999999,3.3785,5.8681,3.8348,9.729099999999999,2.8926000000000003,4.1086,6.1207,4.1475,6.1044,2.3973,5.4361,3.6205,7.835399999999999,7.018800000000001,4.5925,5.752800000000001,6.429499999999999,6.2275,6.694,5.4272,6.2197,4.7973,6.8292,7.0892,4.2918,2.3266999999999998,3.8931999999999998,4.3453,9.2528,5.3635,4.3071,7.642499999999999,4.73,7.8643,6.2184,6.1673,3.9423,5.8463,4.261900000000001,5.6714,3.5118,4.3338,3.0560000000000005,5.4586,3.0427,5.5886,5.4529,5.8507,5.1315,3.1674,7.8545,4.420400000000001,9.0243,7.8652999999999995,6.3443000000000005,7.0853,5.1056,5.8507,3.9576,6.240200000000001,9.3658,4.819100000000001,3.5042000000000004,4.3499,6.2968,11.2786,6.5782,5.9639,5.8904,8.8589,5.4938,4.0606,5.6669,1.9212,4.0254,3.4566,6.571300000000001,3.3354,6.4679,6.6796,4.8097,7.538499999999999,9.3646,6.355,4.763199999999999,3.6115,5.4137,5.2149,5.4579,4.5562,4.4452,3.8148999999999997,7.0684000000000005,3.7805999999999997,4.4909,5.186400000000001,4.9773,6.3605,4.0254,4.5868,3.2052,6.943,4.6933,6.3064,3.4674000000000005,4.7887,4.0044,7.4942,3.9011,5.639399999999999,7.1714,2.8872,7.5836999999999986,9.434,5.5333,6.016400000000001,2.9882,6.609,6.453200000000001,3.6762,2.8003,6.9245,4.2607,4.1036,4.4852,6.215300000000001
2008-02-19,1688.6834,804.7054999999998,883.9779000000001,414.76109999999994,389.94440000000003,462.0342,421.94370000000004,11.8581,8.4809,6.9295,8.8993,8.2764,3.9370000000000003,8.037600000000001,5.5806,5.5383000000000004,6.2292,6.7629,7.0603,8.4179,13.9484,6.2069,4.5893,8.8104,7.8401,5.765700000000001,7.9627,8.702300000000001,8.5642,4.365,10.9403,6.1134,12.2908,14.2943,5.765700000000001,9.4275,9.9831,8.604899999999999,9.3868,9.0175,3.4994,10.1112,4.3211,8.2116,5.6533,9.3314,5.517799999999999,9.4851,18.222300000000004,8.049,8.8218,8.8782,6.3033,7.4155999999999995,13.892000000000001,9.2151,9.2456,9.9831,5.7453,10.1864,5.339300000000001,5.765700000000001,7.2725,10.8904,6.5755,5.288,7.5884,5.765700000000001,5.765700000000001,7.4418,8.1629,8.2845,6.942699999999999,8.2845,4.8166,6.0245,11.2259,10.189499999999999,7.643299999999999,7.4437999999999995,12.1996,6.506,6.5139000000000005,6.9466,10.9481,5.8303,6.6988,10.6521,9.3064,8.8906,3.2365000000000004,7.2533,6.4178999999999995,7.9098,12.4625,6.0762,8.9388,7.234,13.2,12.081000000000001,4.8309999999999995,6.7191,6.6132,8.0234,10.2499,6.6905,4.8889000000000005,6.3614999999999995,8.086300000000001,13.892,12.6781,6.7427,14.0996,5.7957,12.6777,10.103000000000002,13.0748,5.0389,7.2996,9.9852,11.2819,4.8966,7.828900000000001,5.3578,8.5576,5.027200000000001,7.6511,11.4483,8.2845,11.363900000000001,5.4405,10.423,9.9898,16.274900000000002,9.5266,12.5632,10.1465,9.3519,8.2845,5.0458,11.2271,11.7224,7.6739,5.2079,6.4852,8.674800000000001,14.241,13.3609,7.6905,9.6172,19.2549,14.1359,7.0804,8.5638,1.9354,5.765700000000001,4.8176000000000005,9.3995,4.9235,10.8303,7.7082,6.4451,10.962299999999999,9.1076,15.158299999999999,8.912600000000001,9.2082,7.0702,7.528599999999999,9.7972,5.897,14.8439,5.9544999999999995,9.6922,3.875,8.6766,12.1699,8.124699999999999,8.7508,5.765700000000001,10.203299999999999,6.4982999999999995,11.1899,6.113,9.401,7.6633,6.909699999999999,6.4292,10.1768,5.7135,9.4459,11.663,4.1213,14.4452,11.0628,7.6205,9.3134,5.952999999999999,7.4694,8.9104,6.109100000000001,4.3604,11.1831,7.5895,7.4018,5.168200000000001,9.0268
2008-02-20,1717.4602000000004,806.7330000000002,910.7272000000003,410.2579,396.4751000000001,465.99920000000003,444.72800000000007,11.8108,7.7509,6.9075,8.5073,7.7585,4.0047999999999995,7.4074,5.638199999999999,5.287100000000001,6.185099999999999,6.7966999999999995,6.923,8.6094,13.9388,6.1227,4.7034,6.6912,9.3895,5.873099999999999,7.6779,9.6739,9.6784,4.4039,9.6029,6.4795,13.521900000000002,11.401900000000001,5.873099999999999,10.3679,10.2243,8.4688,10.7006,9.836400000000001,3.5725,10.4817,4.362500000000001,8.1746,5.6181,9.903,5.8092999999999995,10.373899999999999,14.598099999999999,8.0729,8.3806,7.1562,7.490099999999999,7.625,12.621300000000002,8.9892,8.812100000000001,9.537700000000001,5.976699999999999,10.2065,5.446300000000001,5.873099999999999,7.1854,10.756599999999999,6.5567,5.8454,7.3949,5.873099999999999,5.873099999999999,6.8149999999999995,8.5531,8.3916,6.4649,8.3916,4.5274,6.0908,11.4116,10.6328,8.003900000000002,7.2073,10.088700000000001,6.7315,6.399900000000001,6.882099999999999,10.416300000000001,6.964300000000001,6.4411000000000005,11.9532,10.163599999999999,9.796,3.1858,6.7223,7.228800000000001,6.8661,13.4691,6.8226,8.201500000000001,7.0436,14.9398,13.7148,4.2514,7.1437,6.7620000000000005,8.403799999999999,11.0719,6.884200000000001,4.9115,6.245700000000001,7.4424,14.1431,9.9246,6.7504,11.8596,5.8001000000000005,12.236899999999999,10.8394,12.030899999999999,5.0821000000000005,7.195699999999999,8.8338,13.858900000000002,4.9349,10.5055,5.9873,8.255099999999999,5.3068,7.6251,12.3506,8.3916,11.7492,6.1455,10.6607,9.9631,13.671299999999999,13.1201,11.3706,19.8834,10.862,8.3916,5.0419,9.6305,10.585999999999999,7.7545,4.906899999999999,6.6724,9.4787,13.1434,13.3495,7.3956,9.3962,19.313699999999997,9.5136,7.0746,8.776,1.7997,5.873099999999999,4.8749,9.5135,4.7859,11.3096,6.9748,6.5072,12.485,9.2746,14.268700000000003,8.7599,8.5006,7.6947,9.2558,11.7057,5.6907000000000005,15.7044,5.8819,12.551900000000002,3.876,8.2772,12.5972,8.7561,8.7101,5.873099999999999,9.9604,7.2446,10.5802,6.1175,10.7747,8.379000000000001,7.293,5.7195,12.1969,5.8113,9.969100000000001,11.765699999999999,3.9269999999999996,12.8621,16.993699999999997,9.546199999999999,9.283999999999999,6.1739,7.3954,9.7128,5.830299999999999,4.4956,11.8721,9.9369,8.5229,5.0412,8.3674
2008-02-21,1637.1193999999996,777.6521,859.4672999999996,395.0924,382.55969999999996,450.6073999999999,408.8599000000001,11.816600000000001,7.748200000000001,7.1578,8.4373,7.781899999999999,4.6884999999999994,7.4468,5.8316,5.3362,6.371899999999999,6.8056,6.9174,8.4222,14.3975,6.1619,4.593400000000001,7.2547999999999995,6.958,5.9546,7.957599999999999,9.3328,8.144300000000001,4.3729,9.1753,6.0296,12.110500000000002,13.700099999999999,5.9546,8.794,9.1496,8.405999999999999,9.302,9.0469,3.5376,9.2422,4.405,8.3231,5.7098,8.0952,5.5783000000000005,7.622,14.2539,8.1736,8.2044,7.3439,6.1599,7.5619,12.8725,8.2192,8.2315,9.0167,5.738300000000001,11.342100000000002,5.3541,5.9546,7.2867999999999995,10.954699999999999,6.6388,5.370699999999999,7.4392,5.9546,5.9546,6.878,6.1395,8.5548,6.4309,8.5548,4.568999999999999,6.3237000000000005,11.735800000000001,9.0032,7.4814,6.892400000000001,10.5235,6.4847,6.8982,7.076600000000001,13.964599999999999,5.8168,6.3538,9.830300000000001,6.1514,9.7043,3.2226,6.8064,6.4281,6.8391,11.7984,6.4777000000000005,8.302299999999999,7.524,9.6037,12.4387,4.8545,6.3421,6.6606,7.4485,9.6984,10.8125,4.9292,6.165800000000001,6.9135,13.4068,14.794,7.3525,15.592600000000001,5.7584,12.7795,10.678799999999999,9.5501,4.8025,7.4559,8.823599999999999,10.3241,4.912800000000001,7.360900000000001,5.6891,7.8652,5.870100000000001,7.474299999999999,11.3078,8.5548,10.692,5.543200000000001,10.8773,9.6785,14.3456,9.8809,9.7274,9.3622,8.317900000000002,8.5548,5.0117,10.613,11.755999999999998,7.869,4.9904,6.7997000000000005,8.3003,14.2964,12.1588,7.3933,9.571100000000001,18.4372,15.265799999999999,6.5518,8.628499999999999,1.8096999999999999,5.9546,4.7872,9.5071,4.850499999999999,10.1215,6.8253,6.6594,10.729700000000001,9.7801,14.252500000000001,8.841,7.371499999999999,6.9884,7.3735,11.525,5.8618999999999994,13.3615,5.8628,8.6588,3.9194,7.5072,13.4951,8.7683,8.6473,5.9546,8.3509,6.1689,10.1369,6.0812,9.3152,5.4436,7.03,5.2215,9.407300000000001,6.182799999999999,8.5106,11.8199,3.8654,12.782499999999999,12.305200000000001,8.3103,9.428,6.083,7.796600000000001,9.158000000000001,6.0656,4.2047,10.444499999999998,7.069800000000001,7.411,5.3085,8.095600000000001
2008-02-22,1691.3555999999999,811.1597000000002,880.1958999999997,417.11740000000015,394.0423,442.4078999999999,437.78800000000007,12.7328,8.059000000000001,7.3819,8.5606,8.174900000000001,3.9050000000000002,7.861599999999999,5.6876,5.5751,4.7764,7.183,6.8759,9.2371,13.7573,6.112299999999999,4.7763,7.031299999999999,9.0816,6.146800000000001,7.9847,10.1309,9.2483,4.4024,9.9021,6.2896,14.0183,14.450600000000001,6.146800000000001,11.0431,9.3964,8.442900000000002,10.9939,9.448599999999999,3.6055,10.6014,4.4389,8.58,5.6465,9.0142,5.6317,8.3213,17.4986,8.2597,8.2555,7.2833,6.2739,7.764799999999999,13.9514,8.514000000000001,8.6616,9.3767,5.6196,10.4328,5.4380999999999995,6.146800000000001,7.2507,11.2534,6.938000000000001,5.5139000000000005,7.3556,6.146800000000001,6.146800000000001,7.246099999999999,6.3281,8.7141,6.696199999999999,8.7141,4.6493,6.3248,11.9449,9.6238,8.0281,8.3058,10.7487,7.1884,7.1461,7.2835,11.891199999999998,5.6737,5.998900000000001,10.1218,10.360399999999998,9.6158,3.1214,6.7705,5.871899999999999,6.932,11.692499999999999,7.4025,8.9109,7.391299999999999,11.1562,14.7367,5.1702,6.5451999999999995,6.953,8.0598,9.7669,8.3472,4.9911,6.3095,7.2915,13.973700000000001,12.0634,6.7128,13.3359,5.7718,12.5146,9.9133,9.9674,5.0851,7.5417000000000005,9.1315,12.0557,4.9215,7.2886,4.5937,8.580200000000001,4.786999999999999,7.6464,9.6247,8.7141,10.4659,5.248,11.035,10.001900000000001,14.3768,9.904499999999999,9.8662,10.1986,9.171199999999999,8.7141,5.2038,10.1273,11.2668,8.1216,4.9641,7.3583,8.6664,14.2826,11.4722,7.366,9.495299999999999,19.4209,8.4137,6.997,9.2796,1.9586,6.146800000000001,5.060599999999999,10.0028,5.1269,11.5735,7.502199999999999,6.5908999999999995,11.2697,10.0626,15.1261,7.089499999999999,5.7888,7.5085,8.7167,14.2284,6.1677,14.2246,6.1859,10.901299999999999,4.2049,8.086500000000001,14.970099999999999,7.9049000000000005,8.8174,6.146800000000001,8.6434,7.7295,11.4504,6.480600000000001,9.8733,6.3852,7.410000000000001,5.4064,10.607500000000002,5.207000000000001,9.0744,11.148299999999999,4.1472999999999995,14.249199999999998,14.034600000000001,8.3948,9.3856,6.077,8.1574,11.3659,6.264800000000001,4.3069,13.2255,7.3559,8.5516,5.860099999999999,8.7987
2008-02-23,1181.6824000000001,577.0527000000001,604.6297,294.33340000000004,282.7193,316.9509,287.6788,9.2798,6.257000000000001,5.8021,7.6594,6.4262999999999995,2.9179,5.274800000000001,4.3205,4.556800000000001,4.2866,5.329600000000001,5.2955000000000005,7.3709,6.5779,4.1638,3.5643000000000002,4.926699999999999,5.894,4.777,5.7403,6.796099999999999,5.7056000000000004,3.9038999999999997,6.259600000000001,4.7434,8.4072,11.6023,4.777,7.0965,6.6129999999999995,5.8274,7.610199999999999,6.628299999999999,3.2158999999999995,7.743,2.3141000000000003,7.3464,4.2702,7.608099999999999,4.449,6.0722000000000005,7.7454,6.7255,6.0169999999999995,4.8315,5.0826,5.148,7.5717,6.3969,5.4042,8.4619,2.8903,7.217099999999999,3.9298,4.777,6.0313,8.602,5.608499999999999,4.0618,5.1301000000000005,4.777,4.777,5.6464,4.4014999999999995,6.9428,5.9005,6.9428,2.3089,4.6582,8.8524,6.0128,6.7173,5.4612,7.6285,3.6416000000000004,5.461,4.6476,9.0805,3.2858,4.539199999999999,7.0600000000000005,4.6393,7.0298,2.2643,5.8568,3.8578,4.768,8.2574,5.1524,6.5144,6.4899000000000004,6.9482,8.374400000000001,5.4992,4.726999999999999,5.3517,6.2554,7.8701,4.7523,2.6580999999999997,4.6718,4.8689,9.5623,6.0531,4.9885,8.082600000000001,4.7971,9.676,7.0367,7.069700000000001,3.4184,5.9041,5.0662,7.2303999999999995,3.8067,4.7695,3.386,6.0357,3.2544999999999997,5.9942,6.1838999999999995,6.9428,5.6191,4.1025,8.6257,5.0794999999999995,10.2494,8.2888,7.248799999999999,14.3677,5.919099999999999,6.9428,3.6891999999999996,6.9837,9.4754,5.3046,3.9246999999999996,4.8794,6.9041,12.0066,7.4823,6.4138,7.206799999999999,10.052900000000001,6.0888,4.7985,6.443099999999999,1.6977000000000002,4.777,3.5798,7.6557,3.4619999999999997,7.136099999999999,6.0327,5.0501000000000005,8.4214,7.854700000000001,7.2621,5.3261,4.365600000000001,5.791,5.595,6.227100000000001,4.6114,4.8389,4.152100000000001,7.2867,3.4228000000000005,4.929,6.4141,5.7011,6.9763,4.777,4.6498,3.6302000000000003,7.5163,5.3337,7.019800000000001,3.9082,5.6248,4.1713000000000005,7.668000000000001,4.1928,5.6784,8.5073,2.8575999999999997,8.1719,9.967,6.0716,6.458999999999999,3.3891,6.3887,7.265599999999999,4.073,3.205,8.4395,4.6592,4.6634,4.2339,6.6447
2008-02-24,978.6205,481.18230000000005,497.4381999999999,248.4337,232.74859999999993,264.42799999999994,233.01020000000008,7.1777,5.0548,4.651,7.087000000000001,5.5919,2.3895999999999997,4.2173,8.5998,4.0916,3.4873000000000003,4.6719,4.676,6.290000000000001,4.7635000000000005,3.3056999999999994,2.9175999999999997,3.7146,4.551500000000001,4.0254,4.2623,5.3529,4.5486,3.532,5.137499999999999,3.8891000000000004,6.979900000000001,10.0212,4.0254,5.2858,6.0961,4.559200000000001,6.3282,5.3943,2.5629999999999997,6.366,1.8909,6.228,3.7619,6.5111,3.9095,4.484500000000001,6.895199999999999,5.4914000000000005,5.2564,4.0672,4.5683,4.2616,5.795300000000001,5.539,4.1677,7.0412,2.4147999999999996,5.8355999999999995,3.3492,4.0254,5.2265999999999995,6.7409,4.961200000000001,3.3202999999999996,4.0280000000000005,4.0254,4.0254,4.8131,3.5064,5.8507,5.4025,5.8507,2.2196,3.7904,7.3748000000000005,5.3215,4.5374,4.4581,6.0277,2.7226,4.1965,4.1842,7.133800000000001,2.6974,3.7941,5.7138,3.8632999999999997,5.569,1.8114,5.1349,3.0735,3.8892,6.722100000000001,4.1388,5.044600000000001,5.6837,4.3688,6.0421,5.4527,4.1555,4.2219,6.145199999999999,6.798500000000001,3.8762,2.1679,3.4536,3.9057000000000004,6.499099999999999,4.7736,3.7880000000000003,7.1047,4.411,7.8643,5.5136,5.5517,3.1414,4.8712,3.7375,5.267,3.3939,3.8487,2.701,5.3448,2.532,5.3346,4.8561,5.8507,4.5601,2.9141,7.0525,4.2665,8.5707,16.6813,5.7730999999999995,6.5443,4.7088,5.8507,3.0665,5.5152,8.8393,4.3484,3.0944000000000003,4.1209,5.7901,10.8243,5.9679,5.740500000000001,5.4619,7.958899999999999,4.7041,3.8041,5.2657,2.2114,4.0254,3.0227,6.013699999999999,2.7372,5.6358,5.1989,4.1605,7.0516,6.2921000000000005,5.6675,4.4633,3.1364,5.2379,4.7086,4.9423,3.7831,3.9635000000000007,3.2044,6.0887,2.8704,3.8058,5.186400000000001,4.4487000000000005,6.0169999999999995,4.0254,3.9954999999999994,2.7769000000000004,8.171499999999998,4.3344000000000005,5.9165,3.0652,4.4572,3.503,6.403600000000001,3.9128,5.0684000000000005,6.7422,2.3335,6.9666999999999994,4.8477,4.6254,5.2554,2.8347000000000007,5.0421,5.9769000000000005,3.2997999999999994,2.3223000000000003,6.2855,3.8567,3.6597000000000004,3.1591,5.5583
2008-02-25,1595.5744000000004,776.5383000000002,819.0361000000003,388.8525000000001,387.6858000000001,423.47489999999993,395.5612,10.8853,7.4504,6.895,8.624300000000002,8.0229,7.059699999999999,7.1587,6.0733999999999995,5.653700000000001,4.0628,6.456200000000001,6.8447000000000005,8.4207,13.2257,6.4376,4.3232,6.591900000000001,6.4969,5.5933,7.4249,10.043700000000001,7.5920000000000005,4.2139,8.526599999999998,6.1379,10.982,13.4895,5.5933,9.0705,10.2857,7.96,9.942599999999999,8.572099999999999,3.4425,11.5389,4.1216,7.8901,5.4785,9.0003,5.3311,8.613700000000001,14.127,7.8498,7.9506000000000006,6.5676,5.9574,7.0228,11.895,8.2097,7.7448,8.3759,21.957900000000002,9.8425,5.3864,5.5933,7.0214,10.041800000000002,6.5847,5.7086,7.0243,5.5933,5.5933,7.2367,6.4256,7.933000000000001,6.643,7.933000000000001,4.3236,5.9313,11.041599999999999,11.0076,5.08,6.4841,9.996599999999999,6.3995999999999995,6.089499999999999,6.9325,11.4778,5.7706,6.0728,9.6728,5.830299999999999,10.6676,2.9854000000000003,6.672000000000001,8.1675,7.013000000000001,13.2788,5.599,7.8955,6.7798,11.3269,11.07,5.8393,7.3225999999999996,6.302300000000001,7.8171,10.589500000000001,6.7337,4.6204,5.8384,6.8866000000000005,12.1646,7.5954,8.171,9.8171,5.6709,11.461300000000001,8.546499999999998,10.8353,4.8704,6.956100000000001,8.393699999999999,15.48,4.7173,10.390600000000001,6.3149,7.748899999999999,5.8547,7.419499999999999,7.842199999999999,7.933000000000001,7.505800000000001,5.0710999999999995,10.2773,9.7607,13.6315,9.5799,10.374600000000001,9.1965,8.3873,7.933000000000001,4.8693,9.2349,11.0323,7.456300000000001,4.865600000000001,6.4062,7.968999999999999,16.423499999999997,12.5211,7.1076999999999995,8.8168,14.997200000000001,9.6355,6.6834999999999996,8.0885,2.335,5.5933,6.8130999999999995,8.9936,4.5386,9.2607,6.9433,6.2737,10.9207,8.8949,11.3442,7.629200000000001,7.955,6.6676,9.005700000000001,7.3083,5.6785000000000005,8.1511,5.5815,12.878400000000001,3.6129999999999995,7.3048,7.1875,6.780899999999999,8.330400000000001,5.5933,8.893699999999999,5.879,11.640799999999999,5.9555,9.0602,5.1738,6.7805,5.6163,12.997399999999999,5.4749,10.204999999999998,10.790099999999999,3.8712,12.085799999999999,14.6142,9.551300000000001,8.8286,5.9016,7.0996000000000015,8.7379,5.7801,4.2286,10.993500000000001,7.1397,7.5209,4.861800000000001,9.0443
2008-02-26,1677.0516000000002,795.1907000000001,881.8609000000001,407.5062,387.68449999999996,460.09899999999976,421.7619,11.948699999999999,7.4497,6.9748,8.729199999999999,7.718,8.0632,7.509,8.782900000000001,5.346699999999999,4.5158000000000005,6.6526,7.6397,9.182400000000001,14.3202,6.4793,4.512,7.962,7.5733,5.765700000000001,7.9237,10.3305,8.0381,4.2877,8.6877,6.7628,11.857099999999999,12.948899999999998,5.765700000000001,10.9957,9.5338,8.2701,10.7438,9.0953,4.2669999999999995,9.9575,4.2931,8.814,5.664499999999999,8.3261,5.500400000000001,7.139200000000001,13.9179,8.4382,8.1917,6.5347,6.102500000000001,7.4809,14.0763,8.3203,8.1158,8.4074,8.7289,10.655000000000001,5.437899999999999,5.765700000000001,7.1705000000000005,10.412099999999999,6.7044,7.1006,7.102099999999999,5.765700000000001,5.765700000000001,6.691700000000001,6.8497,8.2845,6.4541,8.2845,4.053599999999999,6.1934,11.0112,9.663499999999999,6.885599999999999,7.3594,10.515799999999999,7.4108,7.1026,6.9061,12.8848,5.9042,6.590199999999999,9.8777,8.5917,10.1812,3.2544999999999997,6.813699999999999,9.7709,7.550700000000001,11.532399999999999,5.9346000000000005,8.546500000000002,7.3634,9.5427,12.2082,4.7963000000000005,7.6080000000000005,6.4855,7.925400000000001,9.517999999999999,7.3391,4.7823,6.241,6.4933000000000005,13.197,7.962899999999999,8.861799999999999,10.200800000000001,5.9465,12.6777,9.002400000000002,10.2617,4.9928,7.3025,10.1249,12.230599999999999,5.0016,10.386199999999999,7.5309,8.036900000000001,6.7766,7.6308,8.6931,8.2845,7.9753,5.6746,10.376,9.8088,14.3581,10.6535,9.783,29.960499999999996,9.203400000000002,8.2845,4.8633,9.9631,11.0857,7.6913,6.0333,7.256400000000001,8.3065,13.4889,11.669599999999999,7.3515999999999995,9.409699999999999,15.8624,13.5952,7.0764,8.2391,2.5822000000000003,5.765700000000001,5.9444,10.1166,4.769,10.4367,7.0952,6.4504,11.3925,10.668,11.8459,8.0501,12.2685,7.05,9.524899999999999,8.6064,5.6909,10.1914,5.764,9.3296,3.7432,7.726699999999999,8.3661,7.1806,8.6511,5.765700000000001,9.154699999999998,6.7293,11.1511,6.0125,9.931899999999999,5.4344,8.6424,5.7533,9.6452,5.9006,9.381900000000002,11.732800000000001,3.9244000000000003,12.9078,16.7619,10.5625,9.4143,6.2019,7.7956,10.9921,6.108700000000001,4.3305,13.2212,7.6514,8.1981,5.0877,8.4502
2008-02-27,1681.1422000000007,811.0185000000005,870.1237000000002,417.5508999999999,393.4675999999999,451.83840000000004,418.28529999999995,12.020499999999998,7.714,6.735399999999999,8.523700000000002,7.7834,10.070400000000001,7.5475,6.318300000000001,5.2829,5.253299999999999,6.743400000000001,8.4345,9.4114,14.1228,6.4767,4.5676000000000005,9.653599999999999,7.8857,5.873099999999999,7.8850999999999996,9.907499999999999,8.160499999999999,4.2672,9.0044,6.563700000000001,11.699100000000001,12.7113,5.873099999999999,9.8705,9.8315,8.1985,9.436900000000001,8.9124,3.6536999999999997,10.218499999999999,4.3116,9.4609,5.6532,9.440299999999999,5.5257,8.8817,13.3717,9.3776,9.404,6.799300000000001,6.876799999999999,7.7783,13.789399999999999,8.568100000000001,11.700199999999999,8.6844,8.9531,8.935099999999998,5.5394,5.873099999999999,7.3231,11.0694,6.7857,6.2443,7.2188,5.873099999999999,5.873099999999999,6.766500000000001,6.899699999999999,8.3916,6.4992,8.3916,4.5576,6.1884,11.351,10.0785,6.9682,7.2181,10.4795,7.0474,6.9399999999999995,7.09,13.238500000000002,6.236199999999999,6.583400000000001,9.744,8.0113,9.6127,3.1534,6.8858999999999995,9.9527,9.3386,11.0942,5.9937000000000005,8.7744,7.2227,10.2972,12.1787,5.049,7.314699999999999,6.741499999999999,8.1023,9.491900000000001,10.3679,4.8427999999999995,6.3449,6.918699999999999,12.6707,15.712599999999998,8.6874,16.6619,5.9466,12.236899999999999,9.1447,10.3977,5.147,7.4226,9.585,12.6957,4.9305,9.683,8.0406,7.6813,6.859,7.6575999999999995,7.958200000000001,8.3916,7.7094000000000005,6.0668,10.7405,10.3734,14.2521,11.849300000000003,9.963799999999999,9.7177,9.7101,8.3916,5.0012,11.8667,11.567499999999999,7.7803,5.888400000000001,6.591900000000001,8.5441,14.2534,10.861899999999999,7.2181999999999995,9.1465,15.5479,9.4892,6.945,8.2681,2.6445,5.873099999999999,4.8016000000000005,10.0283,4.8522,10.1608,6.9305,6.617800000000001,11.590700000000002,9.5867,11.6492,7.7718,9.5893,7.238899999999999,8.148,8.885200000000001,5.9168,8.4941,5.9655,10.343399999999999,3.7934,11.1235,7.680000000000001,7.2467,8.6873,5.873099999999999,8.7408,6.1429,11.363900000000001,6.1322,10.3026,5.6457,7.0924,5.7083,10.4466,6.2102,9.3568,11.912600000000001,3.9192,12.694399999999998,21.4418,7.5491,8.484599999999999,6.405899999999999,7.4925,9.117999999999999,5.972300000000001,4.5043,11.9252,9.1955,8.1234,5.0524000000000004,9.1785
2008-02-28,1814.1387,859.8787,954.2600000000001,438.99600000000004,420.88270000000006,488.89440000000013,465.36560000000003,12.3645,8.841000000000001,7.1693999999999996,8.696,7.9424,7.2879000000000005,8.6221,10.2455,5.3602,4.8530999999999995,7.0363999999999995,8.180399999999999,11.1853,15.9314,6.951699999999999,4.7091,9.1719,7.6562,5.9546,8.0357,10.870999999999999,8.441600000000001,4.4706,10.088,7.053000000000001,12.4843,11.3925,5.9546,11.8812,9.9834,8.5186,11.306600000000001,9.047999999999998,3.8346,10.2208,4.397,10.030899999999999,5.9284,10.7608,5.7216000000000005,11.7447,14.7036,8.582500000000001,9.0716,7.174799999999999,6.4169,7.5516000000000005,16.191699999999997,8.8348,10.1415,9.6963,9.267600000000002,10.8779,5.6974,5.9546,7.3725999999999985,10.683499999999999,6.7657,7.3019,7.552700000000001,5.9546,5.9546,6.8786000000000005,7.178000000000001,8.5548,6.6322,8.5548,4.8347,10.6064,14.4861,10.4012,7.065900000000001,8.6179,10.8909,7.223899999999999,6.3657,7.3173,12.363900000000001,6.4142,6.408200000000001,10.1654,7.9307,10.6787,3.3099,6.8629999999999995,10.5162,8.1895,12.282599999999999,7.3896,8.9506,7.4656,10.5398,15.361300000000002,5.751399999999999,7.616900000000001,6.7392,7.8801000000000005,9.975000000000001,14.427200000000001,4.975899999999999,6.2799,7.2668,14.1399,11.3072,10.1048,13.322000000000001,6.0523,12.7795,9.3586,11.5773,5.2754,7.4963,9.653599999999999,16.937400000000004,5.067,11.792000000000002,6.6766000000000005,7.9726,7.4259,7.6707,8.4069,8.5548,9.1038,6.3065999999999995,12.668,10.8915,14.6799,11.0335,10.709800000000001,11.4682,9.4154,8.5548,5.2597000000000005,11.6628,12.4151,7.844799999999999,5.3032,11.1159,8.5476,28.9359,12.9957,7.5336,9.547699999999999,16.6277,9.264499999999998,7.232200000000001,8.5341,2.6846,5.9546,7.4857,10.3047,5.0328,11.2418,6.8222,6.9255,12.4268,11.6465,12.6311,8.3013,9.437,6.9147,9.9071,14.211500000000001,6.1364,11.9235,6.130400000000001,11.6428,3.7972,9.4981,13.891,7.353999999999999,8.8291,5.9546,9.9877,7.8026,11.4608,6.2940000000000005,10.9784,6.3210999999999995,10.0863,5.8975,10.0679,6.583,9.6237,11.4438,4.007,13.770999999999999,20.3209,10.9673,9.5685,6.4153,7.7186,13.4182,6.1988,4.4963999999999995,14.686399999999999,11.8114,9.4212,5.5434,9.514299999999999
2008-02-29,1805.5149999999999,861.2205,944.2944999999999,440.2504,420.9701000000001,490.4711,453.8234,13.455900000000002,8.248999999999999,7.5832999999999995,8.946000000000002,8.273599999999998,4.8614,10.304400000000001,6.586,5.726,4.6812000000000005,7.8063,7.2536,9.0212,16.487499999999997,6.4625,4.9889,10.8332,7.4749,6.146800000000001,8.43,9.177399999999999,8.8249,4.5028,10.354300000000002,6.9725,16.2257,14.9428,6.146800000000001,10.836500000000001,9.5007,8.612,10.147,11.0958,4.7721,9.5157,4.2872,8.7752,2.9495999999999998,10.526900000000001,5.694599999999999,10.8636,15.913799999999998,8.486,9.3635,7.5038,6.3362,7.9209000000000005,16.1129,8.7774,11.540099999999999,9.3636,8.6523,10.107,5.9079,6.146800000000001,7.342300000000001,11.6538,6.910900000000001,6.2599,7.564500000000001,6.146800000000001,6.146800000000001,7.3187999999999995,6.9847,8.7141,6.886299999999999,8.7141,4.5758,6.4104,12.5979,9.679,7.3412,10.2437,16.8291,6.8618,7.7113,7.1978,12.6981,5.9626,5.705400000000001,11.0531,12.2633,9.6838,3.3274,6.8987,7.775999999999999,8.5077,13.1598,6.3384,8.945599999999999,8.2661,10.5604,12.5957,4.9518,7.329599999999999,7.104100000000001,8.500699999999998,10.8211,13.384999999999998,4.8671,6.5280000000000005,7.4094999999999995,13.9264,15.8143,8.6592,16.403100000000002,6.0281,12.5146,10.0121,15.032800000000002,5.5541,8.2399,8.892,12.7309,4.9769,8.1679,4.8969000000000005,9.0889,5.7311,7.6331,10.6107,8.7141,9.3325,6.4062,11.7378,9.618500000000001,21.387700000000002,10.2314,14.217400000000001,13.1617,9.174900000000001,8.7141,5.7123,12.864799999999999,11.0929,8.1741,5.8048,6.781499999999999,9.340800000000002,17.3936,16.626600000000003,7.5376,9.880700000000001,17.1726,9.945,7.085100000000001,9.312100000000001,2.8640000000000003,6.146800000000001,5.189,11.058200000000001,5.4906,12.5489,7.4632000000000005,7.3396,11.8136,10.418,12.877699999999999,9.0466,8.316500000000001,8.2157,7.9452,8.9894,8.568100000000001,11.7489,6.269900000000001,8.8677,4.577500000000001,11.383299999999998,11.236999999999998,8.0216,8.9624,6.146800000000001,9.3601,5.9167000000000005,10.544799999999999,6.8117,10.2171,7.874999999999999,7.597799999999999,5.8434,9.9676,5.538399999999999,9.209999999999999,11.157900000000001,4.0587,13.6816,27.2297,11.2204,9.7985,6.282,8.8976,9.8722,6.5794,4.7532,13.0535,8.248800000000001,8.1494,6.4503,8.2012
2008-03-01,1312.1061,645.2453999999999,666.8607000000002,328.2243,317.0211,342.93300000000005,323.92769999999996,9.6517,11.919,6.5527,8.401399999999999,7.2113000000000005,3.248,6.4696,4.4681999999999995,5.2278,4.952,6.1243,5.6011999999999995,7.9526,7.011900000000001,4.9754000000000005,3.9636000000000005,5.689400000000001,6.348400000000001,4.777,6.411900000000001,7.2597,6.2197,3.9556999999999998,6.7166999999999994,5.213299999999999,9.5525,12.5454,4.777,7.4135,7.5672,6.436999999999999,8.282399999999999,7.0405999999999995,3.4562,8.1607,2.6116,7.7538,4.6421,8.1949,4.7148,7.1023,10.5004,6.9375,6.3988,5.2603,5.358499999999999,5.7608999999999995,8.4645,6.7757000000000005,6.193199999999999,9.0327,5.663600000000001,8.2289,4.587,4.777,6.3091,9.7822,6.0401,4.6809,5.678100000000001,4.777,4.777,6.3422,4.847799999999999,6.9428,6.485,6.9428,2.9594000000000005,4.8788,9.9854,7.5493999999999994,6.680199999999999,6.5003,8.075700000000001,4.2716,8.5731,4.8843,11.850500000000002,3.6652,4.8302,7.5504,5.114000000000001,7.6419,2.6347000000000005,6.1144,4.603400000000001,5.9863,8.3736,5.7447,7.1096,7.9193,7.9891000000000005,8.9881,5.742100000000001,5.9774,5.7158999999999995,7.1223,7.9924,5.1077,2.9955,5.087,5.0845,10.7854,8.6559,5.4802,10.3916,5.2165,9.676,7.759799999999999,7.5036000000000005,4.1099,6.9527,5.6035,7.3029,4.0954999999999995,5.3347999999999995,4.026999999999999,6.9428,3.8929,6.3956,6.694800000000001,6.9428,6.2326999999999995,4.3918,9.6893,5.4421,10.632,9.1287,7.7072,7.9293,6.4521999999999995,6.9428,4.1851,7.9338999999999995,11.5154,5.6094,4.4059,5.0604,7.260599999999999,13.7462,8.9464,6.7032,6.848,11.2076,6.7569,5.4168,7.1399,2.9377000000000004,4.777,3.9988,8.0375,4.1754999999999995,8.0759,6.7719,5.976799999999999,8.700400000000002,8.9057,8.2957,5.6704,4.3104,5.9252,6.089700000000001,7.934200000000001,5.3431,5.5150999999999994,4.646699999999999,8.0095,4.1034,5.6494,5.726999999999999,6.2341,7.1621,4.777,5.5066,5.2631,7.9522,5.8624,7.2499,4.2555,6.295699999999999,4.799099999999999,9.122,4.1593,6.8969,8.4854,3.1887,9.0322,17.3343,6.3859,7.337599999999999,3.7504999999999993,7.7976,7.5268,4.5073,3.6940999999999997,8.904800000000002,5.1498,5.2661,5.0772,7.090000000000001
2008-03-02,1147.7055999999995,572.1481999999999,575.5573999999997,289.1557000000001,282.9924999999999,294.9445999999999,280.6128,8.2822,6.961,5.6983,8.4506,7.273600000000001,2.7799,5.4794,3.8838999999999997,5.183300000000001,4.2109,5.5756,5.006600000000001,6.827,5.5626,4.1106,3.3678,4.4917,5.1607,4.0254,5.1076999999999995,6.272399999999999,5.089700000000001,3.8914,5.6704,4.3515,12.0652,11.908999999999999,4.0254,5.9563,6.6992,5.2868,6.950500000000001,7.1259,3.0359000000000003,7.6495,2.0968999999999998,6.761799999999999,4.3154,8.4141,4.1767,8.2013,7.926699999999999,6.0286,5.6152,4.3919,4.9801,5.3639,6.7387,5.946000000000001,4.7805,7.978,5.0440000000000005,6.8937,3.8861,4.0254,5.6852,8.3531,5.4357999999999995,3.8175,4.700900000000001,4.0254,4.0254,6.696199999999999,4.2191,5.8507,6.3942,5.8507,2.4562999999999997,4.2443,8.058,6.3607,5.6606000000000005,5.3979,7.8976999999999995,3.5454,5.297599999999999,4.340400000000001,11.921899999999999,2.9919000000000002,4.2634,6.9606,9.0455,6.5135,2.5375,5.5775,3.7163,5.9059,7.7871999999999995,4.6637,6.038200000000001,6.1227,8.0268,6.8896999999999995,5.6007,5.8572999999999995,5.0024999999999995,7.0508,7.512499999999999,4.434100000000001,2.432,4.0805,4.2043,8.9491,5.9096,4.4892,8.0097,4.9123,7.8643,6.585500000000001,8.410499999999999,4.0846,5.863499999999999,4.5877,6.033200000000001,3.6578,4.4481,3.2698,5.8507,3.1048,5.7388,5.7010000000000005,5.8507,5.2774,3.5050000000000003,7.8309,4.6464,10.240400000000001,8.1953,8.4115,6.859500000000001,5.3102,5.8507,3.8284000000000002,6.430400000000001,9.4646,4.9864999999999995,3.64,4.505599999999999,6.5872,11.836400000000001,7.517799999999999,6.2902000000000005,6.4719999999999995,9.241800000000001,5.4918,4.3503,6.0926,2.8265,4.0254,3.6241000000000003,7.0186,3.3457999999999997,13.2743,6.618,4.877700000000001,7.6472,7.4398,6.536200000000001,4.947,3.6685,6.6111,5.6958,5.4764,4.4556000000000004,4.6433,3.8515,7.3427,3.462,4.5307,5.1675,5.2972,6.410200000000001,4.0254,4.4818999999999996,3.3304,7.1278,4.9917,6.5039,3.6053999999999995,4.8866,4.3038,7.7236,3.9497,5.991200000000001,7.4318,2.8923,8.352599999999999,11.169,4.5859,6.6892000000000005,3.0677,6.371599999999999,7.7332,3.702,2.9703,7.1334,4.4054,4.4122,4.1315,6.3262
2008-03-03,1594.2107000000003,777.8783000000003,816.3324,397.78080000000006,380.0975,420.7488000000001,395.5836,10.6874,7.297000000000001,6.5275,8.735699999999998,7.7875,4.9755,7.245199999999999,5.4474,5.2894,4.180999999999999,6.7136,7.0916,8.4653,14.360699999999998,6.3546,4.3469,7.2178,7.2278,5.5933,7.5327,8.2362,8.099900000000002,4.2697,8.786399999999999,6.1358999999999995,11.2136,13.146500000000001,5.5933,8.672,10.3946,8.037700000000001,12.9606,8.8429,3.5,9.9999,4.3063,8.4896,8.4607,8.518799999999999,5.8448,7.6308,14.6917,9.1237,8.279,6.8469,6.0331,9.186900000000001,12.7984,8.2102,8.392800000000001,10.1186,8.697600000000001,9.800899999999999,6.285200000000001,5.5933,7.0245999999999995,9.988999999999999,6.624700000000001,5.7299,7.021799999999999,5.5933,5.5933,7.2299,6.4942,7.933000000000001,6.4395,7.933000000000001,4.4487000000000005,5.9398,10.860700000000001,10.9722,6.7024,6.5067,10.4057,7.0261,5.793799999999999,7.207700000000001,11.4676,5.956899999999999,6.813,10.0811,6.5062999999999995,8.8049,3.0097,6.674,8.4794,9.2557,12.4626,5.7934,7.7095,7.0487,8.430600000000002,11.023800000000001,5.633800000000001,9.1961,6.5057,7.9714,10.0176,6.6107,4.679399999999999,6.0004,6.5225,12.366399999999999,10.875900000000001,7.6374,12.683499999999999,5.7034,11.461300000000001,8.583,9.1511,5.1110999999999995,7.1796,8.941600000000001,11.445599999999999,4.7873,10.2326,6.271299999999999,7.933000000000001,5.9174999999999995,7.5661,7.3732999999999995,7.933000000000001,7.5336,5.7706,10.208400000000001,9.8229,14.2117,9.483899999999998,9.001999999999999,9.9512,8.894400000000001,7.933000000000001,5.048,9.825600000000001,11.5549,7.5983,4.9354,6.503400000000001,8.142600000000002,13.9361,12.5353,7.1584,8.8428,14.1422,7.9935,6.8483,8.223199999999999,2.6327,5.5933,4.7462,8.7867,4.6091999999999995,9.4162,6.507099999999999,6.3073999999999995,10.4816,9.5379,10.7223,7.4696,9.5286,6.6957,8.7032,8.652000000000001,5.4704999999999995,8.0474,5.6808,9.3707,3.7096999999999998,7.8087,7.4232,6.782400000000001,8.3963,5.5933,9.5302,6.208699999999999,10.934,6.5878,9.208,6.4376999999999995,6.5655,5.6642,9.362,5.6456,10.233,11.3422,3.9043,12.8353,15.0627,9.0835,8.8863,6.101,7.5959,8.8357,6.0862,4.3283,10.3355,7.5159,8.136,4.7787,8.6789
2008-03-04,1702.0926999999995,819.9538999999997,882.1387999999997,418.45150000000007,401.50239999999997,459.28399999999993,422.8548,11.5744,7.106199999999999,6.8361,8.72,8.2315,9.0394,7.3817,5.5325,5.2386,4.2559000000000005,6.7154,7.8478,9.1196,15.208,6.6607,4.461399999999999,8.5371,8.799800000000001,5.765700000000001,7.875299999999999,9.893699999999999,8.5383,4.5341000000000005,8.9942,6.943700000000001,12.628,14.7391,5.765700000000001,9.840900000000001,9.9498,8.2227,11.6288,9.4326,3.6353,10.1447,4.3346,9.924900000000001,7.0985000000000005,8.7637,5.6124,7.758000000000001,14.2109,8.2112,8.4984,6.934699999999999,6.2628,7.2938,14.214599999999999,10.1217,9.4126,10.0942,9.549100000000001,10.700499999999998,5.531300000000001,5.765700000000001,7.235099999999999,10.2831,7.2263,6.9699,7.2063,5.765700000000001,5.765700000000001,6.7908,7.2761,8.2845,6.4923,8.2845,4.578600000000001,6.0927,10.9938,10.3953,7.4543,7.118399999999999,13.6782,7.287000000000001,6.2498,6.8866,12.604,8.0092,6.6121,9.7296,6.0600000000000005,10.293,3.2668,6.98,11.0685,8.5907,13.6832,6.4927,8.4662,7.136699999999999,9.4881,12.228000000000002,5.7742,7.7717,6.6472999999999995,8.0911,10.6936,7.0799,4.779999999999999,6.284800000000001,6.9037,13.017000000000001,10.2135,8.633600000000001,12.310799999999999,6.0396,12.6777,9.046299999999999,11.7235,5.0452,7.2912,9.441,13.445599999999999,5.1685,11.904,7.4946,8.2845,7.311399999999999,7.6221,8.1778,8.2845,8.925799999999999,5.9672,11.0973,10.759500000000001,20.874900000000004,10.292,10.6584,10.6928,10.8026,8.2845,5.0265,11.1136,11.1418,7.5065,5.2923,6.8740000000000006,8.52,13.768,13.8094,7.369,9.228100000000001,16.4314,8.4313,7.1776,8.0884,2.5436,5.765700000000001,6.5209,9.8157,4.7863,10.7625,6.692,6.5976,10.787700000000001,9.777899999999999,12.6583,7.9829,10.5891,6.805899999999999,9.8347,11.043099999999999,5.825699999999999,11.071299999999999,5.7481,9.2095,3.651,8.6675,9.043099999999999,7.1518,8.7832,5.765700000000001,9.2192,7.0437,11.0628,6.034599999999999,9.634,5.6761,7.139899999999999,8.779399999999999,9.755500000000001,6.9414,9.5289,11.5636,3.8701,12.067,14.8039,10.4834,9.4184,6.447100000000001,7.357399999999999,9.1695,6.0286,4.305,12.0272,9.0824,8.3801,5.0379000000000005,8.947099999999999
2008-03-05,1713.8587,857.0808000000001,856.7778999999999,437.54859999999996,419.53220000000005,449.2774,407.50049999999993,4.7085,4.7667,7.5595,11.2303,7.745000000000001,8.5995,5.4395999999999995,10.7098,9.2425,9.4515,4.9525,14.916,7.6229,9.3983,8.857899999999999,11.3522,9.6995,15.330300000000001,2.8046,8.7789,8.063,11.790199999999999,7.6533,5.8927000000000005,7.1069,8.4724,5.915,9.6671,9.166599999999999,6.424799999999999,9.159500000000001,12.2699,9.0752,7.819100000000001,12.791599999999999,7.9916,5.9962,13.999500000000001,9.4711,9.834,8.4146,14.264800000000001,12.5775,8.2609,6.9472,6.6517,7.4655000000000005,8.8693,6.4983,5.873099999999999,5.873099999999999,6.2391000000000005,4.049799999999999,5.660299999999999,9.9481,8.6161,5.3603,9.6798,8.836300000000001,9.7419,7.883,5.3893,8.8058,7.2844,5.0172,5.8365,8.3916,9.103299999999999,6.2268,5.7612,8.229500000000002,7.0440000000000005,16.3589,12.2253,10.230599999999999,8.2888,1.9681000000000002,5.873099999999999,20.2833,7.8635,8.6605,5.047000000000001,13.0907,6.4154,8.5124,11.4413,9.694199999999999,8.8125,6.9516,9.2457,4.7837,10.571200000000001,21.430300000000003,7.6868,8.8894,5.873099999999999,10.5709,5.3883,6.512499999999999,7.885700000000001,10.6922,7.3774999999999995,13.7278,7.1219,5.6099,11.572500000000002,9.5704,8.4146,10.2297,10.2316,7.5997,11.497900000000001,4.5977,13.6434,10.031199999999998,9.6291,14.2958,6.3903,6.7170000000000005,6.004,11.352400000000001,7.7436,8.665700000000001,6.965800000000001,8.3916,9.0305,15.1055,15.1807,4.8943,13.733300000000002,9.4574,7.614,6.5167,8.742700000000001,12.3759,7.8698,12.1719,7.7126,5.873099999999999,5.3939,12.2035,5.873099999999999,6.1043,7.641500000000001,12.206299999999999,11.2316,6.6097,6.7766,5.1624,5.722799999999999,10.4804,4.8553999999999995,10.3216,10.0039,6.7775,10.6874,9.7561,9.8132,6.8228,11.9119,8.4927,7.4923,3.3186,7.1788,8.3916,10.889500000000002,9.169599999999999,5.9537,10.1738,7.3152,7.2841,8.668199999999999,6.9069,6.457699999999999,6.1924,4.981,6.2768,10.8597,9.9346,11.3582,7.5647,9.574100000000001,7.1613,10.399799999999999,5.873099999999999,5.3056,12.681700000000001,8.7648,9.008600000000001,9.262,6.346,7.3049,8.856499999999999,6.534000000000001,4.770300000000001,11.8196,6.58,8.6641,5.1110999999999995,7.192699999999999
2008-03-06,1666.6844,827.7596000000002,838.9248,435.51260000000013,392.2470000000001,417.7675999999999,421.15719999999993,7.819,9.563100000000002,7.8702000000000005,6.5942,9.595500000000001,6.7802,11.3079,8.2259,6.958600000000001,9.3128,13.458100000000002,8.9703,11.125,9.4223,8.6676,4.4274000000000004,4.4289,11.8324,7.757899999999999,7.4477,8.5548,16.0841,10.188,6.5942,13.2197,7.667000000000001,11.800799999999999,9.499600000000001,10.0611,12.184899999999999,2.7244,4.042400000000001,6.3087,9.8087,8.3719,10.295000000000002,5.7859,6.3055,7.781000000000001,6.6893,6.7011,13.895600000000002,7.0116,9.3317,17.136,10.2772,8.8446,6.7096,4.1186,5.9546,8.9879,11.061800000000002,11.026800000000001,11.5842,13.1653,8.5474,8.9253,11.831700000000001,5.7004,11.315299999999999,5.5025,6.1322,9.1791,5.2646,7.229,5.9546,6.7853,11.6328,6.7701,7.3102,14.2804,4.461,5.4971,7.969999999999999,6.9495000000000005,3.0884,8.2558,5.9546,8.3127,8.1286,9.7583,7.3495,8.522200000000002,10.0164,6.057600000000001,2.1125,8.686,3.8462,13.093900000000001,3.8756,4.849,4.0701,7.5276,6.466799999999999,9.5923,7.8383,4.6301000000000005,8.5049,7.2883,11.3568,9.536200000000001,5.129300000000001,9.7919,10.1313,7.8892,4.8803,3.7987,7.3784,12.135200000000001,7.1217,5.9549,9.1035,10.589300000000001,13.201600000000001,14.795499999999999,8.107099999999999,6.849600000000001,10.6642,11.0896,4.7488,5.5198,9.0139,8.5548,10.0698,12.8274,8.7272,9.5695,5.5358,6.170999999999999,17.86,4.4654,6.9213000000000005,9.969,9.118000000000002,10.249300000000002,6.0626,6.0961,4.2151,8.7498,10.2472,5.596299999999999,10.0033,10.8104,7.9208,6.042199999999999,4.3469,4.656499999999999,7.2972,10.8929,7.3618,8.600999999999999,10.586400000000001,7.8942000000000005,6.481400000000001,7.768400000000001,9.243500000000001,5.9546,11.912700000000001,6.2841,5.9546,9.015799999999999,8.4443,9.4885,8.2378,5.448499999999999,8.373000000000001,10.0608,4.7831,7.0950999999999995,5.272,5.6044,9.9118,4.3744000000000005,18.0568,9.0348,5.9748,10.1786,7.6149,12.3098,8.8199,7.8963,15.3345,9.684000000000001,8.837399999999999,7.2242999999999995,6.4746999999999995,9.153300000000002,6.8436,8.235,8.2437,14.5718,7.0145,5.8355999999999995,7.0485,7.1404000000000005,9.798200000000001,4.4013,2.7633,13.7579,12.1189
2008-03-07,1703.6391999999996,853.737,849.9021999999997,459.5306,394.20640000000003,424.2095,425.69270000000006,7.9224000000000006,9.870999999999999,7.7989999999999995,6.5923,9.728200000000001,7.1596,11.1776,8.1086,7.2849,9.108,14.140899999999998,9.4881,11.102599999999999,9.407799999999998,8.252600000000001,3.563,4.940300000000001,12.7732,7.4019,9.7497,8.7141,15.4186,10.8153,6.4350000000000005,16.7123,6.606,12.6183,10.8518,10.208,12.1955,3.2058999999999997,4.2254000000000005,6.2077,10.3319,8.6771,10.7241,5.9259,6.414000000000001,11.743500000000001,8.091000000000001,9.4897,14.1194,7.5047,9.3023,20.4799,11.8753,9.7898,7.405200000000001,1.7244,6.146800000000001,9.0496,9.388,8.343699999999998,12.9375,14.0398,11.168800000000001,8.9516,11.0573,5.9060999999999995,10.2379,5.5132,6.0643,11.0654,5.3252,6.201700000000001,6.146800000000001,6.0569,13.0,7.128599999999999,7.53,11.935500000000001,4.470000000000001,5.5564,8.6385,7.2681000000000004,3.2671,6.8911,6.146800000000001,8.679199999999998,8.3351,8.133799999999999,7.3367,8.0803,8.328700000000001,7.8447,5.0294,7.9394,3.6622000000000003,15.059000000000001,3.822,4.959199999999999,4.0646,6.950699999999999,5.7888,9.772400000000001,8.4004,4.6907,8.6085,7.4268,12.0079,9.6695,5.2132000000000005,9.924,10.4299,7.6,5.0832,4.1563,8.067400000000001,10.1024,6.3119,5.8502,8.3483,8.229099999999999,14.8729,16.7792,8.767,7.146899999999999,10.533100000000001,12.485,6.3695,6.4363,8.7806,8.7141,8.396,12.5524,8.7185,9.861500000000001,5.627800000000001,6.1349,18.233,4.3069999999999995,6.8942000000000005,10.499400000000001,9.069299999999998,10.3906,6.206199999999999,5.912800000000001,4.0408,9.5774,10.4875,5.475700000000001,10.9027,14.5344,6.3072,5.5051,4.1869000000000005,4.4874,7.2218,10.8897,7.9193,12.101600000000001,12.1722,7.8892,4.7319,7.059,6.2514,6.146800000000001,12.2524,5.7507,6.146800000000001,9.868199999999998,7.908399999999999,10.081499999999998,8.2268,5.4052999999999995,8.6431,10.6389,4.9999,7.3999999999999995,5.632000000000001,5.6476999999999995,9.901,4.4496,17.609,8.7914,5.5341000000000005,10.0045,7.6304,12.551200000000001,7.6667000000000005,7.9315,14.305,10.025400000000001,9.905899999999999,7.2656,6.7357,8.779499999999999,6.6836,9.270599999999998,9.154499999999999,13.5556,6.987,5.7863999999999995,7.5858,7.3279,10.6067,5.0672,2.8287,12.8552,13.943200000000001
2008-03-08,1283.5131000000001,644.4131000000002,639.0999999999999,339.51179999999994,304.9013,323.70490000000007,315.39510000000007,6.7179,6.9581,6.552300000000001,4.777,8.9662,5.9315,9.3277,6.5634,5.235600000000001,7.7341999999999995,11.129000000000001,7.5851,9.4863,7.6301000000000005,6.9792000000000005,1.7065,3.8143,10.189799999999998,5.6389,6.5969,6.9428,6.843500000000001,8.3138,4.8541,8.7021,4.5449,8.635200000000001,9.694,8.1435,8.9865,2.7496,3.2794,3.7337,8.5446,7.0802000000000005,8.1451,5.8544,5.0192,6.390899999999999,3.7281000000000004,6.5198,10.812800000000001,6.6232,6.2767,12.8843,6.4967,7.640599999999999,6.1881,1.5870000000000002,4.777,11.346199999999998,7.6674999999999995,6.3027,7.0588999999999995,9.393699999999999,6.3361,7.1677,7.863300000000001,4.9666,8.7485,3.7868,4.8134,7.2165,4.015899999999999,5.1547,4.777,4.7385,22.534399999999998,5.781,5.6856,10.6341,2.7085000000000004,4.2025,5.4052,6.0173000000000005,2.5432,4.8603,4.777,6.1114999999999995,6.1072,6.1982,5.722799999999999,5.7118,6.451699999999999,5.8976,2.0138,5.4233,2.7917,7.252999999999999,3.1433,4.0119,3.1685000000000003,4.5492,4.2379999999999995,8.4989,7.4247000000000005,3.7445000000000004,6.2452,6.422599999999999,7.268800000000001,7.588700000000001,4.5172,6.4819,7.5183,5.6876999999999995,4.1162,3.8242000000000003,5.6637,6.522400000000001,5.152,4.9628,6.5611999999999995,6.5005,11.5753,9.2275,6.9083000000000006,6.2442,7.379300000000001,18.214,4.220699999999999,4.4498,7.5114,6.9428,7.361000000000001,8.171,6.7462,8.422,4.6354999999999995,4.6468,13.1751,3.1155999999999997,4.2138,8.291699999999999,7.082700000000001,6.968400000000001,4.9179,4.8332,3.8606,5.001,7.1469,4.4473,8.2407,8.5641,5.5095,4.1714,2.5549999999999997,2.9532999999999996,5.3801000000000005,8.5728,6.9512,7.424100000000001,8.1347,5.8922,1.9244,5.3258,5.103899999999999,4.777,8.9128,3.2237,4.777,6.5362,6.032900000000001,7.8803,6.4582,3.8480999999999996,8.6756,9.047,4.6488,5.3675,3.9391000000000003,4.4666999999999994,8.0088,2.9235,15.885600000000002,6.7186,4.022599999999999,8.1348,5.6996,7.538,5.2525,6.0339,7.1728000000000005,8.9315,6.407,5.6608,5.0852,6.2789,4.5847999999999995,8.2669,7.8093,5.2837000000000005,5.3303,4.7188,7.2828,5.9415000000000004,7.143699999999999,4.551399999999999,1.6154,11.0558,9.6606
2008-03-10,1540.0254,777.3819000000004,762.6434999999997,429.1424999999999,348.2394,381.5528999999999,381.0906,8.5588,8.7894,7.4853000000000005,5.5933,8.7656,6.1807,11.4041,7.5208,6.7321,8.333,12.6081,9.3175,11.2044,9.541799999999999,8.6561,4.4471,4.0767999999999995,10.2182,6.947100000000001,6.8507,7.933000000000001,12.905199999999997,9.815800000000001,6.1643,14.698400000000001,7.0095,11.053799999999999,11.8222,13.0692,10.0766,2.7575,3.7977,5.9376,9.3199,7.7722999999999995,9.303,16.5656,5.9489,7.0813,5.8026,6.3225999999999996,14.2567,6.943200000000001,8.2254,17.208,10.2146,8.4658,7.1608,2.6868,5.5933,6.8202,6.3446,8.5152,8.867999999999999,11.244,7.8444,8.4571,10.7028,5.315200000000001,7.5167,5.4174999999999995,5.9168,7.9618,5.0021,7.4384999999999994,5.5933,5.880199999999999,8.4559,6.2903,6.458799999999998,12.4152,4.4853000000000005,5.4097,8.7974,6.7072,2.9238,6.164,5.5933,7.320600000000001,7.4419,8.284600000000001,6.8076,8.3877,10.590900000000001,5.6079,2.4398,7.5795,3.316,11.284899999999999,3.5107,4.5273,3.8656,6.4857,6.215999999999999,8.9498,8.7789,4.6366,7.831799999999999,6.872999999999999,8.9633,9.395,5.1086,9.0663,10.005199999999999,7.3843,4.8779,3.8069,6.985299999999999,10.0599,6.0051,5.7643,7.960799999999999,8.7524,7.933000000000001,13.4191,7.7743,6.3778999999999995,9.5352,8.371500000000001,4.4547,5.939299999999999,8.408299999999999,7.933000000000001,8.247700000000002,12.0623,8.2082,9.1431,6.1012,6.0905,17.382199999999997,4.2287,6.3811,8.1434,8.3005,10.0003,5.4701,5.783100000000001,4.143800000000001,7.9453000000000005,9.4821,5.2392,9.056799999999999,9.9262,6.2247,5.9876000000000005,3.8872999999999998,4.2181999999999995,7.1046,10.068200000000001,7.408200000000001,6.0126,10.7195,8.227,3.5909,6.8418,6.8393999999999995,5.5933,11.801400000000001,5.6864,5.5933,8.6784,7.0282,8.9447,7.7184,5.0867,8.042399999999999,9.8802,4.7585999999999995,5.814,4.7104,5.3673,9.167399999999999,3.8822,15.7502,7.725199999999999,5.2733,9.3443,8.631599999999999,9.7052,8.633299999999998,7.4736,11.1533,9.3921,8.2673,6.8133,5.9348,8.581199999999999,6.583600000000001,7.924,7.828,9.325099999999999,6.3027,5.4961,7.152900000000001,6.7254000000000005,8.747599999999998,4.2871,2.4984,12.958000000000002,12.598500000000001
2008-03-11,1627.8178000000007,808.3132000000006,819.5046,443.0068,365.3063999999998,414.63050000000004,404.87410000000017,9.0116,9.258500000000002,8.5974,5.765700000000001,9.245000000000001,6.5165999999999995,11.8917,10.1922,6.6265,11.0064,13.033800000000001,9.011600000000001,11.6533,9.8728,7.8156,4.1044,4.1754,10.8371,9.1644,7.0457,8.2845,14.918499999999998,9.3067,6.4483,15.7716,9.0079,11.123000000000001,8.944400000000002,9.709,12.1556,2.6496,3.9656,6.124700000000001,9.588799999999999,8.0164,10.0978,11.916900000000002,6.041,7.3945,6.0642000000000005,6.4922,15.5123,7.0443,9.296299999999999,14.6125,11.1976,9.7599,6.9711,4.0001999999999995,5.765700000000001,4.372199999999999,7.690599999999999,9.9155,10.2314,12.227800000000002,7.1987000000000005,8.697500000000002,11.7087,5.2919,8.800600000000001,5.5038,5.9245,9.0344,5.1899,6.4713,5.765700000000001,5.7555,10.1906,6.4885,7.225899999999999,12.3909,4.4826999999999995,5.3516,8.3019,6.9668,2.9264,7.971,5.765700000000001,9.177299999999999,8.951,9.264899999999999,7.255699999999999,8.756899999999998,8.623000000000001,5.7349,1.9482000000000002,9.607199999999999,3.4831,11.227,3.8689999999999998,4.6652000000000005,3.8611,7.482599999999999,6.697000000000001,9.3859,7.609,4.5511,8.2118,6.931000000000001,10.1715,9.601099999999999,5.1157,9.058799999999998,11.3257,7.5511,4.9807999999999995,3.679,8.202900000000001,10.0938,6.2888,6.7606,9.276299999999999,12.92,12.2146,13.8632,7.8587,6.640899999999999,10.6151,10.237400000000001,4.440799999999999,5.8436,9.4788,8.2845,10.3156,12.2583,9.072799999999999,9.5715,5.2704,6.4638,17.6449,6.2417,6.685,10.3364,8.9692,10.1633,5.714,6.6495,4.3072,8.176400000000001,10.214300000000001,5.3056,10.2511,10.224400000000001,7.7033000000000005,5.5776,4.1035,4.4446,7.1721,10.3374,7.1244,7.8084999999999996,12.0196,7.680899999999999,3.6362,7.113199999999999,8.891499999999999,5.765700000000001,12.725299999999999,5.8718,5.765700000000001,9.1473,7.4350000000000005,9.268799999999999,8.4369,5.2697,9.1725,10.438600000000001,4.706200000000001,6.1035,4.862,5.480599999999999,9.4785,6.8495,16.906599999999997,8.2196,5.4891000000000005,10.5489,7.2536000000000005,10.749400000000001,7.9999,8.4002,12.848700000000001,9.3941,8.7096,7.016900000000001,6.2447,8.735199999999999,7.3573,7.8498,7.893099999999999,11.120099999999999,7.2125,5.6233,6.7785,6.9503,9.2628,4.2776000000000005,2.5865,13.2761,12.2422
2008-03-12,1646.3728999999994,827.6374999999995,818.7353999999999,441.0785000000001,386.5590000000001,410.10459999999995,408.63079999999997,7.7419,9.2228,7.6975999999999996,6.8533,8.638300000000001,6.625500000000001,11.665399999999998,9.767100000000001,6.8117,9.3933,12.8967,9.796199999999999,11.228100000000001,9.4545,7.382100000000001,5.2857,4.3073999999999995,12.1049,7.3408,7.0094,8.3916,13.746899999999998,11.062100000000001,6.4421,13.6377,9.2978,12.079799999999997,9.0123,9.804200000000002,11.5556,2.7421999999999995,4.045599999999999,6.453,9.8172,8.485199999999999,9.231,10.2935,6.234299999999999,7.657,6.456400000000001,6.6541,16.2115,7.0543,9.3324,14.875999999999998,11.8099,9.6143,7.506099999999999,4.4786,5.873099999999999,10.2227,8.337200000000001,11.598099999999999,10.2386,12.2412,6.6843,8.853000000000002,11.9741,5.5812,9.6441,5.427499999999999,5.943,8.386699999999998,5.2817,7.569799999999999,5.873099999999999,7.3614,12.834899999999998,6.839700000000001,7.629300000000001,13.058399999999999,4.4243,5.5435,8.9336,6.9886,3.0162,6.6151,5.873099999999999,9.3925,7.7452,11.0205,7.2256,8.0273,10.411900000000001,5.7791999999999994,3.4507000000000003,8.980500000000001,3.5157999999999996,11.1601,6.6889,4.8714,3.9396999999999998,7.498799999999999,6.629099999999999,9.1296,7.6617999999999995,4.5935,8.3307,7.2318,10.299999999999999,10.1551,5.1346,9.566600000000001,10.5104,7.979699999999999,4.9973,3.8731,8.6199,10.6899,6.4313,5.9694,9.392399999999999,11.4933,8.3916,13.7746,8.0703,6.7727,11.3372,12.4576,4.4139,6.4785,8.828699999999998,8.3916,8.8633,12.8935,8.5363,9.4612,5.408799999999999,6.475,16.683,6.0648,6.839799999999999,9.670100000000001,8.2086,11.065000000000001,6.9841999999999995,6.4155,3.5836,8.500600000000002,10.0092,5.1198999999999995,9.225200000000001,9.806799999999999,6.5259,6.5586,4.2374,3.9927,7.3420000000000005,10.694799999999999,7.209099999999999,8.1724,10.5562,7.8134,4.7739,7.1136,7.522200000000001,5.873099999999999,12.883199999999999,6.1137999999999995,5.873099999999999,9.0619,9.3617,8.473399999999998,8.270900000000001,5.1828,8.130600000000001,10.1216,4.7818000000000005,7.8596,5.1174,5.6104,9.698599999999999,7.1421,14.016200000000001,8.513,5.508799999999999,9.883399999999998,7.4364,11.052,8.1641,8.9341,13.025,9.5557,8.6853,7.1689,6.3339,9.0216,6.763,8.322,8.2329,11.9888,7.207699999999999,5.7343,10.4406,7.0504999999999995,9.1373,4.3420000000000005,2.7299999999999995,12.4298,11.4458
2008-03-13,1683.9365,852.6382999999998,831.2982000000002,459.01779999999997,393.62049999999994,425.63020000000006,405.66799999999995,7.835,9.2294,7.8456,6.722300000000001,9.0,6.9563999999999995,13.199300000000001,9.5529,7.2873,8.7835,14.145799999999998,11.3616,12.6995,10.7121,7.183199999999999,4.2518,4.5037,11.322500000000002,7.9092,7.518400000000001,8.5548,15.443,8.3225,6.7577,15.4418,10.2944,14.3948,14.6365,11.7567,11.9674,2.7897,4.1013,6.1599,10.142900000000001,8.5329,11.3026,8.6748,6.2417,7.5351,6.8909,7.1491999999999996,16.0549,7.087899999999999,9.6897,15.325400000000002,13.0586,7.0652,6.4696,3.2018,5.9546,8.9075,9.3606,10.4696,10.0951,11.6691,7.4753,8.9209,13.4439,5.6211,10.249500000000001,5.6009,6.0706,7.9877,5.2213,7.4665,5.9546,6.184799999999999,14.104099999999999,6.906900000000001,7.4821,14.118300000000001,4.7178,5.6415,9.1455,6.9701,3.1401,8.6613,5.9546,10.1988,8.157399999999999,10.3309,7.5882000000000005,8.228,10.1373,6.0191,2.1588,9.2228,3.5816,14.124199999999998,3.8959,4.8104,4.0692,8.519,6.8793999999999995,9.165099999999999,7.8965000000000005,4.5311,8.7343,7.443100000000001,10.388100000000001,9.732700000000001,5.1219,10.267900000000001,10.280999999999999,8.2097,5.2264,3.8971999999999998,7.2434,10.57,6.4268,6.1288,9.0028,12.968999999999998,14.740100000000002,15.0169,8.207,6.9759,10.887,13.4138,5.174200000000001,5.175599999999999,9.2911,8.5548,9.4632,12.344199999999999,8.6588,9.3315,5.4376999999999995,6.0403,16.6646,6.2172,8.010399999999999,9.307099999999998,10.4149,10.5825,5.9665,6.5569,3.5951999999999997,8.841000000000001,10.589400000000001,5.3743,9.075,14.1852,6.5161,5.8206,4.309,4.1107,7.351,10.99,7.3629,7.445399999999999,11.5647,7.7833,5.9018999999999995,7.2821,7.338,5.9546,11.7691,6.3451,5.9546,9.558800000000002,8.2806,10.2281,7.9419,5.2188,8.496400000000001,9.9739,4.8172,6.307799999999999,5.361199999999999,5.6722,9.4764,6.9529000000000005,8.1709,8.8979,5.5925,9.7678,7.499500000000001,10.8315,7.7077,8.043700000000001,13.9858,9.623899999999999,9.011800000000001,7.1498,6.3626000000000005,8.8112,6.9512,8.5731,8.232999999999999,12.1953,7.217,6.9016,7.0762,7.2754,9.693999999999999,4.4322,2.8702,13.3796,13.787600000000001
2008-03-14,1730.9922000000001,876.9025,854.0897,475.03389999999996,401.8686,436.4958000000001,417.5938999999999,7.9266000000000005,10.051499999999999,7.7722999999999995,6.146800000000001,10.3364,7.1019000000000005,12.7575,8.0897,7.0676,10.4534,14.3125,9.61,12.5776,10.5563,8.8696,3.3691,4.9734,14.986400000000001,7.783999999999999,10.5503,8.7141,15.921199999999999,9.1183,6.5421,16.833,7.693599999999999,13.7946,12.7287,10.182400000000001,11.9458,3.1593,4.2335,6.2255,10.3229,9.0363,9.5273,9.314999999999998,6.3833,10.9161,6.8444,9.574,17.529899999999998,7.313,9.8631,17.459200000000003,11.849700000000002,9.1417,7.283399999999999,4.1428,6.146800000000001,5.9091000000000005,10.5953,8.511099999999999,11.9418,15.0472,8.4084,9.2208,10.924100000000001,5.8352,11.3229,5.3565000000000005,6.2113,8.5169,5.4644,7.4416,6.146800000000001,6.4,16.5753,7.069799999999999,8.3755,13.647400000000001,4.5963,5.535,9.240400000000001,7.2668,3.3395,8.221,6.146800000000001,8.6408,8.2548,8.2226,7.4797,8.015,10.4531,8.198599999999999,2.1877,8.7833,3.6764,14.693399999999999,3.9608,4.9242,4.1711,7.1743,7.216500000000001,10.6431,8.418,4.9015,9.0552,7.607600000000001,11.9237,10.2215,5.2084,10.3268,11.0549,7.7958,5.166799999999999,4.340400000000001,8.7137,9.3587,6.371,5.9441,9.148299999999999,8.0092,18.5883,16.1141,8.700999999999999,7.2941,10.584800000000001,15.5113,6.844600000000001,8.3885,9.4037,8.7141,8.025300000000001,12.9025,9.274000000000001,10.6164,5.630800000000001,5.8754,17.7664,4.3363,6.624500000000001,11.8112,8.4392,11.3851,6.8740000000000006,5.7509,3.7118,9.0365,10.9603,5.7249,9.184700000000001,14.079899999999999,6.2593000000000005,6.146800000000001,4.1587,4.1924,7.1796999999999995,10.936599999999999,7.8081,9.892299999999999,10.8277,8.0976,4.684200000000001,7.2219,6.463700000000001,6.146800000000001,13.751999999999999,5.7861,6.146800000000001,9.808,10.7237,8.991299999999999,8.191600000000001,5.3051,9.4541,11.6466,4.9719999999999995,6.7552,5.5958000000000006,5.8548,9.91,3.992,9.3459,8.7339,5.581,10.8276,8.0825,12.963000000000001,7.616099999999999,7.6845,14.0109,10.0394,9.1268,7.4732,7.1699,8.8353,6.6941,8.464300000000001,8.8809,12.332699999999999,7.8554,5.9635,7.4274000000000004,7.3954,10.0641,5.0662,2.9904,13.921,12.8292
2008-03-15,1253.086,629.2732000000001,623.8127999999999,338.0931,291.1800999999999,324.16489999999993,299.64790000000005,6.7176,6.7088,6.572799999999999,4.777,8.9016,5.7855,9.5928,6.4765,5.2477,7.4636000000000005,11.4423,7.4786,9.4189,7.2903,6.1974,1.6448,3.6936,9.2568,5.5696,7.4237,6.9428,6.9177,6.872,4.607,9.1056,4.3223,10.4194,7.4249,7.630300000000001,8.8533,2.5773,3.3855,3.9577,8.2407,7.1539,7.74,12.612099999999998,4.7,6.3337,3.8301999999999996,6.3422,10.4572,6.5675,6.251399999999999,10.170300000000001,6.6160000000000005,8.846499999999999,6.085100000000001,0.6936,4.777,3.6854999999999998,8.068,6.308400000000001,7.0089999999999995,8.8545,6.142399999999999,7.3746,7.6646,4.869,9.064900000000002,3.7227,4.6451,7.545299999999999,3.9769,5.1419,4.777,5.0683,16.5564,5.4425,5.4239999999999995,10.381599999999999,2.6728,4.0443,6.3488,6.0748999999999995,2.547,4.8873999999999995,4.777,5.9158,5.9885,6.1708,5.6922,5.9884,6.567899999999999,6.0869,1.9897,6.2509999999999994,2.7124,7.1882,2.3306,3.9867,3.0705999999999998,4.5003,5.0227,8.236,7.1051,3.5514,6.2861,6.199999999999999,7.264,7.6482,4.5111,6.645200000000001,8.6468,5.7051,4.1322,3.7387,5.2568,6.3964,5.1174,4.8323,6.4276,6.298400000000001,10.9862,9.4351,6.882199999999999,6.0586,7.1389,14.7332,4.9424,10.4482,7.4688,6.9428,7.1256,8.5673,6.5705,8.2586,4.646,4.4787,11.9918,2.9905999999999997,4.155799999999999,7.9921,6.926000000000001,7.0402000000000005,4.9738,4.7231,3.0075000000000003,5.1720999999999995,7.158900000000001,4.3004999999999995,9.6955,9.1318,5.2544,4.777,2.4411,2.3327999999999998,5.315799999999999,8.132,6.6128,6.8767000000000005,7.941200000000001,6.0167,2.238,5.1764,4.9768,4.777,8.9207,3.2430000000000003,4.777,7.509200000000001,6.1416,7.0656,6.2307,3.7747,8.480500000000001,8.9766,4.5792,4.9642,3.9653,4.3854,7.889,2.8407,6.2082999999999995,6.425300000000001,3.8547000000000002,8.046199999999999,5.8384,7.5158000000000005,5.4346,6.0384,7.3078,8.7751,6.4551,5.8033,5.058599999999999,6.4148000000000005,4.398199999999999,6.5572,7.651,5.3537,5.3245,4.6114,6.063,6.0556,6.7090000000000005,4.3775,1.5433000000000001,10.6537,9.4272
2008-03-16,1074.9098999999999,539.1102,535.7996999999999,286.84479999999996,252.26540000000003,272.5015,263.2982,6.0232,5.8196,6.0058,4.0254,7.1747,4.9801,8.1278,5.368499999999999,4.569000000000001,6.9573,8.992899999999999,6.5379000000000005,8.2274,6.409199999999999,5.206099999999999,1.4613999999999998,2.9560000000000004,7.649,4.660299999999999,6.296499999999999,5.8507,5.9723999999999995,6.6386,4.2257,7.400399999999999,3.7912,7.1141000000000005,6.5842,7.432,7.438599999999999,3.0137,2.8975000000000004,3.2018,6.591099999999999,5.8643,6.4633,8.4692,6.032499999999999,5.3555,3.2458,5.3095,9.2942,6.1281,5.3327,7.4019,5.4727,5.511800000000001,5.7449,1.5929,4.0254,3.453,8.3146,5.8912,5.609999999999999,7.810300000000001,5.539499999999999,6.5031,6.824,4.2048000000000005,9.2302,3.3938999999999995,4.0159,5.595700000000001,3.3797,4.284800000000001,4.0254,4.2646,8.9002,4.6822,4.553,10.349,2.1636,3.6231000000000004,5.8242,4.8731,2.2999,4.235,4.0254,5.0318,5.35,5.7329,4.8747,5.2168,5.4845999999999995,5.2697,1.7712999999999999,5.1402,2.3873999999999995,5.724500000000001,1.8930000000000002,3.4687,2.9549,3.7485,3.4228000000000005,7.669499999999999,9.426,3.2417000000000002,5.2644,5.5512,5.7714,6.7227,4.2645,5.457800000000001,6.146700000000001,5.267200000000001,3.4626,3.8809,4.6576,5.7600999999999996,4.677,4.4415000000000004,5.5338,5.7661,8.6417,7.8871,6.1661,5.3527000000000005,5.9534,10.394900000000002,4.055199999999999,3.7704,6.6448,5.8507,5.9515,7.4845,5.7757000000000005,7.584,3.8648000000000002,3.8886999999999996,7.0814,2.5638000000000005,3.4626,7.268999999999999,5.8205,5.6243,4.0819,4.2957,2.4939,4.4811,6.088799999999999,3.7814,8.457799999999999,7.800999999999999,4.9296,4.0072,1.9891999999999999,1.8929,4.6518999999999995,8.0776,8.3452,5.0183,6.9578999999999995,5.2867,1.6521,4.6769,4.5083,4.0254,7.5899,2.7485,4.0254,7.9177,4.9826,5.791200000000001,5.3118,3.1599,8.1446,8.088799999999999,4.699199999999999,4.444,3.2256,3.9405,7.1683,2.3918000000000004,5.6319,5.6608,3.4259999999999997,7.5245,4.8957999999999995,6.034800000000001,4.3642,4.8406,6.6218,8.5961,5.3278,5.119400000000001,4.054200000000001,5.8181,3.7771999999999997,5.606299999999999,6.558200000000001,4.6007,4.4403,3.9847,6.4108,5.1549,5.758,4.4333,1.3283,9.5816,7.9925
2008-03-17,1552.2039999999997,773.9587999999997,778.2452,421.8161999999999,352.14260000000013,396.9203,381.32489999999984,7.873200000000001,8.6442,7.4689,5.5933,8.5214,6.4509,11.1584,8.296800000000001,6.732900000000001,8.7545,12.6937,8.7489,11.092699999999999,9.3976,7.8239,3.6359,4.028,13.2403,7.9891000000000005,6.8895,7.933000000000001,12.928,7.838399999999999,6.2803,13.863399999999999,8.1616,10.7199,9.2952,10.4293,11.1654,2.777,3.8948,6.0862,9.3095,7.690099999999999,8.8412,13.9139,6.0046,7.0814,6.1655999999999995,6.4322,12.9627,7.007,9.5788,14.9642,11.0961,8.3817,6.873999999999999,3.5133,5.5933,5.7928,7.9497,7.8657,8.4696,11.477400000000001,7.9858,8.8308,11.3725,5.2919,9.064799999999998,5.436,5.8628,8.055,4.9389,6.556700000000001,5.5933,5.6732,9.3882,6.3754,6.933299999999999,12.098,4.238099999999999,5.3447000000000005,10.520599999999998,6.623,3.0425,7.795999999999999,5.5933,7.9869,7.4575000000000005,7.672,6.7849,8.4909,8.9086,5.6509,1.9526,7.002599999999999,3.4107000000000003,12.7393,3.6090999999999998,4.5671,3.9156000000000004,6.8525,5.2713,8.9941,7.936299999999999,5.1297,7.930400000000001,6.9159,8.793700000000001,9.9424,5.0969,9.8311,10.115200000000002,7.3438,4.8588000000000005,3.9418,6.9426000000000005,10.460999999999999,5.9627,5.8014,8.3769,10.2513,12.088700000000001,14.2749,7.9391,9.485800000000001,9.639,9.6083,4.4392,5.6709,8.6023,7.933000000000001,8.776700000000002,12.0934,8.2152,9.328100000000001,5.511,6.367100000000001,15.3082,4.2121,6.473800000000001,8.297699999999999,7.7766,10.7018,7.807599999999999,6.3181,3.4735,8.3192,10.356200000000001,5.364700000000001,9.023900000000001,10.360600000000002,6.2118,5.4507,3.9798999999999998,3.8677,7.1015,10.2262,7.3899,6.5177,10.129,7.711,3.7509,6.972999999999999,7.064499999999999,5.5933,12.4291,5.6442,5.5933,9.191099999999999,9.2838,8.0354,8.1434,5.206899999999999,8.2012,10.246200000000002,4.7946,6.6841,4.6701,5.3881,8.9988,4.0504,13.295100000000001,7.9005,5.3545,9.6751,7.1815999999999995,10.0513,7.5866999999999996,7.155799999999999,10.3706,9.730599999999999,8.6648,6.648199999999999,6.288499999999999,8.8788,7.3246,7.7842,7.9018,8.9613,6.545299999999999,5.3725000000000005,7.1122000000000005,7.0022,9.3129,4.4132,2.45,13.220899999999999,10.8416
2008-03-18,1656.2951000000003,836.8892000000003,819.4059000000001,448.26210000000003,388.6271,422.04690000000005,397.359,7.8355,12.4409,7.5674,5.765700000000001,8.895599999999998,6.7986,14.6629,7.6625,9.554400000000001,11.1665,12.8583,9.1163,12.053700000000001,11.703700000000001,7.963100000000001,5.348200000000001,4.2938,10.8561,7.2077,7.5489,8.2845,13.259699999999999,7.6145,6.7569,12.7072,8.362,12.270899999999997,9.3798,9.805,10.5016,2.8331,4.0375,6.041499999999999,9.6044,8.3278,9.0373,17.7453,6.0708,7.4326,6.9954,6.6903,13.2773,7.1402,9.152899999999999,16.1177,11.3164,10.3464,7.063000000000001,3.0246000000000004,5.765700000000001,9.772400000000001,8.3764,8.4358,10.6106,11.555599999999998,7.531700000000001,8.711,11.2903,5.5039,9.2999,5.4091000000000005,6.061400000000001,8.3703,5.2755,7.285,5.765700000000001,5.8962,12.682399999999998,6.6508,7.3436,19.982599999999998,4.4234,5.5384,9.0856,6.7649,3.0621,6.7375,5.765700000000001,8.804499999999999,7.660399999999999,8.264,7.272499999999999,9.3061,9.609100000000002,6.2588,6.3571,7.38,3.5943000000000005,13.1217,5.8541,4.8302,3.9794,6.9391,5.495799999999999,12.5085,7.8315,4.586600000000001,8.398,6.9816,10.406,9.9525,5.1258,9.570799999999998,9.517900000000001,8.2864,4.8283000000000005,3.8891999999999998,7.1434,10.4766,6.7032,5.9957,9.1501,10.8552,12.7423,15.0123,8.1367,11.1106,8.7667,11.7409,4.7485,5.8530999999999995,8.912600000000001,8.2845,8.5274,12.3752,8.5141,12.3101,5.2903,6.2057,15.802800000000001,4.7111,6.327,13.7609,8.0098,10.8244,5.7873,6.346299999999999,3.566,8.7148,10.231900000000001,5.2819,9.971699999999998,12.1975,10.115,6.6055,4.6524,4.0443,7.3002,10.436700000000002,7.3332999999999995,8.1491,11.251000000000001,7.666600000000001,4.1335999999999995,7.2094000000000005,10.184700000000001,5.765700000000001,12.4009,5.9174999999999995,5.765700000000001,9.0186,7.6636,9.0085,8.2191,5.401199999999999,8.3865,12.653300000000002,4.8172,6.5919,4.854,5.526,9.663699999999999,6.1538,7.3409,8.0519,5.612,12.0227,7.2151,11.1273,7.2572,7.539700000000001,10.9144,9.5094,9.783999999999999,7.1144,6.187399999999999,8.726500000000001,6.8342,9.486799999999999,8.07,9.3017,6.9445,5.651,7.1472999999999995,6.9992,9.1842,4.477499999999999,2.5869999999999997,13.3443,12.526800000000001
2008-03-19,1733.1066,841.9619,891.1447,453.52989999999994,388.43199999999996,483.29329999999993,407.8514000000001,7.7516,9.7808,7.6777999999999995,6.5527,9.5319,6.8957999999999995,11.3033,8.7585,6.8395,10.4362,13.339100000000002,9.1563,8.4303,9.9233,7.7959,4.5168,4.403700000000001,11.6813,7.409,7.573,8.3916,16.0917,8.5594,6.6257,13.895600000000002,10.0973,12.039399999999999,13.226500000000001,11.2965,11.099499999999999,2.9183000000000003,4.1301000000000005,6.1065,10.5549,8.3676,10.9074,17.4189,6.3566,7.6647,6.560199999999999,8.1664,14.7319,7.0773,9.3323,16.0824,11.2763,8.7891,7.082000000000001,3.0539,5.873099999999999,5.846299999999999,9.8161,8.3072,9.8687,11.6514,7.786100000000001,8.8765,11.9885,5.6517,10.566899999999999,5.5798000000000005,6.2174,9.0468,5.297599999999999,5.9183,5.873099999999999,5.835699999999999,14.399899999999999,7.1597,7.4979000000000005,23.4156,4.5229,5.589799999999999,9.02,6.9228,3.1532999999999998,7.2031,5.873099999999999,8.963700000000001,7.9587,8.0595,7.384800000000001,8.4967,7.9620999999999995,6.1884999999999994,2.0993999999999997,8.5323,3.5848000000000004,15.077300000000001,4.4719999999999995,4.8826,4.087899999999999,7.9682,5.6145,9.492799999999999,8.1447,4.6829,8.4078,7.3768,10.107800000000001,9.4068,5.1921,10.0619,10.271,7.9343,5.1362000000000005,4.003,8.4101,10.617600000000001,6.547700000000001,7.5161999999999995,9.09,10.581100000000001,10.2163,15.734099999999998,8.1765,66.42699999999999,10.2351,13.1713,5.108499999999999,5.9801,9.1226,8.3916,9.2614,12.306700000000001,8.5822,9.734499999999999,5.3980999999999995,6.8413,18.6542,5.075399999999999,7.5363999999999995,10.4725,8.961699999999999,10.062199999999999,6.4704,6.2842,3.5525999999999995,8.7025,10.259799999999998,5.3758,10.3171,14.7528,7.369,6.0096,4.0424,4.0137,7.6549,10.749099999999999,7.5217,8.0687,10.5395,7.7789,3.4095,7.246899999999999,8.6064,5.873099999999999,11.5979,6.0381,5.873099999999999,10.5535,9.0242,10.2098,8.8299,6.0624,8.5493,10.2305,4.8667,6.459999999999999,4.7847,5.6533,9.5009,5.3524,8.5765,8.7653,5.5965,11.3595,7.3928,11.2428,7.2926,9.572199999999999,14.848,9.8654,8.990400000000001,6.9536999999999995,6.332599999999999,8.7563,6.700200000000001,8.3663,8.3147,13.1593,7.019399999999999,5.6953000000000005,7.082599999999999,7.1707,9.1874,4.559699999999999,2.6559,13.850800000000001,13.4348
2008-03-20,1714.8955,868.7201999999999,846.1753000000003,473.26070000000004,395.45950000000005,433.22890000000007,412.94640000000004,7.974200000000001,10.1385,7.744700000000001,5.9546,9.4137,7.1272,12.0245,7.8548,7.399699999999999,8.9449,13.5422,9.7224,11.9024,9.944799999999999,8.473799999999999,4.612500000000001,4.5849,12.166,7.4184,10.582,8.5548,14.2902,8.149799999999999,6.7679,16.5138,9.5482,18.15,15.7553,10.0255,11.2595,3.2969999999999997,4.2291,6.2333,10.1294,8.6572,10.563500000000001,13.2706,6.440199999999999,9.9286,7.111799999999999,7.8488,14.4667,7.0913,9.2516,19.4595,13.0115,9.6972,6.9511,3.1265,5.9546,4.0815,9.5457,9.3688,11.1213,12.546400000000002,9.1153,9.0947,12.963999999999999,5.9866,10.566699999999999,5.4354,7.0748999999999995,8.8895,5.3603000000000005,5.839600000000001,5.9546,5.727,18.4826,6.9673,8.125200000000001,10.5014,4.5591,5.600300000000001,10.746500000000001,7.0677,3.2538,7.2867999999999995,5.9546,9.595,8.2007,9.4025,7.4029,8.6118,7.6314,9.99,2.1986,8.611799999999999,3.6832000000000003,16.2981,3.9144,4.883800000000001,4.141399999999999,7.6771,5.7123,9.7354,8.173100000000002,5.0611,8.5349,7.642799999999999,11.1396,8.5777,5.012,9.9514,10.6279,8.1669,5.1965,4.198,8.472999999999999,12.655299999999999,6.4406,6.1168,9.0246,10.152599999999998,14.740100000000002,16.8504,8.6033,7.2765,9.4477,15.8095,7.077699999999999,5.8203,9.102099999999998,8.5548,9.454799999999999,12.548300000000001,8.7471,9.8213,5.5171,6.6779,16.5973,4.8779,7.547699999999999,8.853499999999999,9.7711,10.8397,6.3413,6.3475,3.7649999999999997,9.081199999999999,10.4147,5.8022,9.777000000000001,15.3092,6.5128,6.1553,4.3304,4.0981000000000005,7.4853,11.0247,7.6548,9.7691,11.5209,7.8309999999999995,3.9729,7.344799999999999,8.6582,5.9546,12.7632,6.1159,5.9546,10.8111,8.933900000000001,9.979800000000001,8.6477,5.6254,8.5855,10.516199999999998,4.9789,6.8956,5.447299999999999,5.701499999999999,9.716000000000001,5.0884,8.3549,9.08,5.7204,9.8124,7.5616,11.9759,7.7939,8.2884,13.262400000000001,9.9315,9.1795,7.2722,6.8408,8.8491,6.948600000000001,8.1344,8.6008,11.8246,7.5023,5.8698,7.399,7.317500000000001,9.5989,4.8682,2.821,13.8742,13.4516
2008-03-21,1665.5364,834.6264999999997,830.9099000000002,451.69869999999986,382.9278,423.99869999999993,406.91119999999995,7.7488,9.789200000000001,8.433399999999999,6.146800000000001,9.7417,7.4107,11.101099999999999,7.8925,6.599400000000001,8.8199,13.5232,9.0668,11.0746,9.2299,8.270100000000001,2.7529000000000003,4.8744,13.865300000000001,8.824200000000001,10.9444,8.7141,13.3356,7.8728,6.5229,14.9626,6.5139,14.1323,13.293300000000002,9.665400000000002,10.7381,3.5679999999999996,4.0834,5.8735,9.4625,8.2743,10.7323,18.4043,6.2238999999999995,8.9298,5.7219999999999995,9.6549,13.5533,7.1693999999999996,8.291400000000001,16.8255,8.7762,8.9399,6.8024000000000004,2.4046000000000003,6.146800000000001,3.4615,9.1462,7.8571,11.2982,11.4988,9.0016,8.811,10.8685,6.063,10.3026,5.0781,6.7047,8.5617,5.4219,6.114800000000001,6.146800000000001,6.0618,21.2896,6.5319,7.092,9.8513,4.2775,5.5625,8.8946,6.848800000000001,3.3327,6.3935,6.146800000000001,8.207600000000001,7.6427,7.9271,7.186,8.4914,8.7299,9.366800000000001,2.3395,7.3149,3.6044000000000005,19.455700000000004,3.6872000000000003,4.9362,4.092099999999999,6.596299999999999,5.2954,9.3631,8.285,4.6705,8.4201,7.5429,11.1535,10.6378,4.9418,8.742899999999999,10.1843,7.4599,4.975,4.6007,7.2357,10.284199999999998,6.341900000000001,5.8949,8.1691,7.3485000000000005,18.5883,19.3945,9.011700000000001,7.394299999999999,8.8586,17.5143,7.3056,5.5869,9.135299999999999,8.7141,8.1412,11.9714,8.6159,9.5094,5.5201,5.7925,17.1388,4.2453,5.863100000000001,9.6274,9.0305,12.049399999999999,6.285299999999999,5.449999999999999,3.4140999999999995,7.8898,9.4387,5.789499999999999,9.7507,15.8911,6.2768,4.9187,3.9978,3.9295,7.2042,10.1369,7.8003,10.5251,11.2241,10.470400000000001,2.8263000000000003,7.089600000000001,6.182,6.146800000000001,13.862099999999998,5.3946,6.146800000000001,9.2897,7.8946,9.8751,7.9351,6.946199999999999,9.0496,10.297,5.0938,6.472200000000001,5.7083,5.8309999999999995,9.7604,3.9075000000000006,8.222100000000001,8.1812,5.5346,9.582,13.6115,12.334200000000001,7.4836,7.3647,10.671800000000001,9.874,9.4656,7.4367,6.574199999999999,8.369599999999998,6.363300000000001,10.3422,9.1251,9.1628,6.682300000000001,5.7547999999999995,7.4102,7.1344,8.8858,5.4759,2.5946000000000002,13.5959,11.7498
2008-03-22,1229.8413999999998,615.5792999999999,614.2621,336.2545999999999,279.3247,311.88870000000003,302.3734,6.6673,6.763699999999999,6.6049999999999995,4.777,8.3799,5.9681,10.9752,6.350899999999999,5.0151,7.630700000000001,10.5668,7.3521,10.5947,8.4034,7.204400000000001,1.6328999999999998,3.8794000000000004,10.111699999999999,5.6433,6.843699999999999,6.9428,6.7515,6.4286,4.7217,8.2468,4.4146,8.3378,7.2360999999999995,7.7659,8.664200000000001,3.0220000000000002,3.3174999999999994,3.658,7.7636,6.7452000000000005,8.032499999999999,9.274799999999999,4.7933,6.4584,3.6533,9.7692,10.4697,6.5077,6.2829,9.918500000000002,6.4596,6.8896,6.0297,1.5568,4.777,3.6513999999999998,7.993399999999999,6.1604,6.8756,8.8095,6.445799999999999,7.1579,7.6279,4.6357,9.2913,3.755,5.2692,6.188300000000001,3.8687,4.9559999999999995,4.777,4.7616,11.7172,5.2331,5.1267,8.800699999999999,2.6065,3.9802999999999997,6.370399999999999,5.925800000000001,2.682,4.9351,4.777,6.019,5.6022,6.016,5.517199999999999,5.7620000000000005,6.317799999999999,5.9331,1.8623,4.8001000000000005,2.7132,7.539899999999999,2.2714,3.816,3.3670000000000004,4.3533,3.9183,8.358699999999999,7.666200000000001,3.7228000000000003,6.1716,6.2194,6.9977,5.7389,4.4579,6.5648,7.1925,5.469799999999999,3.9319999999999995,3.9902,5.1588,6.3376,5.1151,4.799799999999999,6.3148,6.1882,10.9862,9.953,7.1904,6.395,6.9412,12.050999999999998,4.869000000000001,4.1863,7.4352,6.9428,7.0451999999999995,7.9705,6.8401000000000005,8.3519,4.587,4.4832,12.1814,3.0682,3.973,8.06,7.0266,6.7244,4.8442,4.663,2.7454,4.9016,7.163799999999999,4.565099999999999,7.905799999999999,12.098199999999999,5.4392,4.1578,2.4237,2.2998,5.0905000000000005,7.8950000000000005,7.1735999999999995,6.684599999999999,7.6977,5.685600000000001,1.7610999999999999,5.2628,4.9898,4.777,8.7802,3.1921999999999997,4.6951,8.6258,6.0152,7.200500000000001,6.1054,3.9044,8.7746,8.9796,4.8052,7.548699999999999,4.1067,4.3787,7.8608,2.882,6.1365,6.076099999999999,3.9595,8.0762,5.675,7.2469,5.5947,5.791399999999999,7.104100000000001,8.9343,6.3537,5.6418,5.0067,6.2197,4.3271999999999995,6.6331999999999995,7.973599999999999,5.2674,5.066599999999999,4.4301,6.872599999999999,5.6418,6.7298,4.9671,1.5486,11.244,9.141100000000002
2008-03-23,1117.8544999999995,566.1550999999996,551.6993999999997,310.10979999999995,256.0453,283.0540999999999,268.6453,6.0428999999999995,6.180700000000001,6.1619,4.0254,7.483499999999999,4.9089,11.9601,5.044700000000001,4.7173,7.4036,8.7645,6.195200000000001,11.493500000000001,9.3993,5.879899999999999,1.4184,3.4747000000000003,7.9324,5.0179,6.1984,5.8507,5.6024,5.8931,4.4345,7.0921,4.0297,8.6907,6.5602,7.2524999999999995,7.0209,3.3744,3.1428,3.1882,6.4848,5.8062000000000005,6.8527000000000005,18.463,4.1713000000000005,6.139,3.1845999999999997,7.1013,9.0839,6.145300000000001,5.7757000000000005,7.292900000000001,5.1178,5.5817,5.5117,1.5371000000000001,4.0254,3.8792,7.9576,5.6887,5.9582999999999995,7.4816,5.703899999999999,6.1834999999999996,6.4146,4.1846,9.0491,3.5993999999999997,4.699299999999999,4.1633,3.6960999999999995,3.8471999999999995,4.0254,3.6706000000000003,14.429,4.6076,4.4387,8.6776,2.2961,3.7264999999999997,5.3978,5.1644,2.4478999999999997,4.5848,4.0254,5.034800000000001,5.169700000000001,5.5324,5.0685,5.4984,4.9661,5.4616999999999996,1.6315,3.971,2.5614,8.246099999999998,2.4099999999999997,3.4292999999999996,3.4109999999999996,3.3928000000000003,3.3221000000000003,7.991300000000001,8.2778,3.3394000000000004,5.5718,5.6663,6.0937,4.6243,4.359,6.0236,6.1716,5.1693,3.5826000000000002,4.2292,4.3599,5.425800000000001,4.9297,4.5053,5.618,5.4107,8.6417,9.9759,8.667200000000001,6.1290000000000004,5.786,13.536,3.7394000000000007,3.6778,6.674700000000001,5.8507,5.8435,7.419699999999999,6.1766000000000005,7.8078,3.9824,3.8889000000000005,11.1199,2.6906,3.1032,7.511299999999999,6.029599999999999,5.4635,4.0735,4.0154,2.6216999999999997,4.3464,6.582599999999999,4.0313,6.669700000000001,8.3011,5.4075,4.028700000000001,2.0746,1.9531999999999998,5.2217,7.544499999999999,8.0578,6.3923,6.8111999999999995,4.8754,1.6642000000000001,4.8659,4.8180000000000005,4.0254,6.9756,2.867,4.1859,8.1299,5.0455000000000005,6.127599999999999,5.303000000000001,3.3475,8.3679,8.3985,4.9321,4.0568,3.3815999999999997,3.9189,6.9146,2.5728999999999997,5.747300000000001,5.4548,3.6567000000000003,7.4994,4.2641,6.3298,4.1541,5.2216000000000005,6.257000000000001,9.2987,5.5781,4.6737,4.077,5.7553,3.8147,5.714700000000001,6.963,4.34,4.4642,4.289499999999999,7.9666,4.7966999999999995,6.2029,4.7955000000000005,1.5345999999999997,10.0234,7.7942
2008-03-24,1512.5136000000002,772.3085000000002,740.2050999999999,419.20879999999994,353.09970000000004,373.69989999999996,366.50520000000006,7.3786000000000005,9.482199999999999,7.7352,5.5933,8.6578,6.8134,12.9969,8.0484,6.4233,8.8727,12.677800000000001,8.782499999999999,12.0724,10.4505,7.898499999999999,3.9378,4.3886,10.8275,7.1304,8.3225,7.933000000000001,12.6693,7.0593,6.333399999999999,12.3194,6.4056,12.4633,10.236,9.5332,10.5649,3.2727,3.9911000000000003,5.9084,9.2285,7.8466000000000005,8.567400000000001,14.5687,5.975199999999999,7.3864,5.9754000000000005,6.749499999999999,12.3415,7.1266,8.2628,12.5207,13.0181,7.4375,6.0305,3.4002,5.5933,4.901199999999999,6.2325,10.306600000000001,12.073799999999999,11.3064,6.9494,8.0045,10.6769,7.766,7.5604,5.1578,6.5614,7.0007,5.1594,5.6013,5.5933,5.3734,9.9544,6.3682,6.8296,10.2248,4.197699999999999,5.0425,8.4372,5.7341999999999995,3.1497,6.2187,5.5933,7.9205,7.440599999999999,9.710999999999999,6.6957,8.1973,7.5389,6.613699999999999,2.1125,7.394299999999999,3.4331,14.481300000000001,4.5368,4.2029,4.1385000000000005,6.350999999999999,5.5199,9.2483,8.2625,4.5635,7.7829,7.275500000000001,11.703700000000001,7.6838999999999995,4.6067,8.4941,10.0748,7.5042,4.8061,4.4054,6.7078,9.5643,6.3973,5.2476,7.7337,7.786199999999999,12.088700000000001,14.773800000000001,8.1661,6.462,9.4729,8.475399999999999,5.3033,5.4231,7.2274,7.933000000000001,7.2386,11.6191,8.5211,9.3812,4.7822,5.6926,14.697699999999998,4.1058,5.3582,9.042300000000001,7.4243,9.017,5.5115,5.5481,3.1432,8.2067,9.195599999999999,5.0114,7.7063,11.453399999999998,7.1155,5.4325,3.8282,3.7173,7.238200000000001,9.8252,7.548899999999999,8.912,12.5715,6.7147,3.1331999999999995,6.4113,6.9613000000000005,5.5933,10.6552,5.843999999999999,5.1704,8.5264,7.4532,8.1303,7.5905000000000005,5.1361,7.365,10.1689,5.0098,5.8377,4.6599,5.4699,10.277099999999999,3.7207999999999997,9.1022,7.858199999999999,5.3837,8.0594,6.673100000000001,12.6584,7.482800000000001,7.1205,9.1381,9.5581,6.8094,6.6914,5.9902999999999995,7.1596,6.0994,7.1311,7.9685,8.5306,6.4355,5.649500000000001,7.7224,6.8795,8.619700000000002,4.7919,2.4362,12.600100000000001,10.6431
2008-03-25,1545.4987999999994,784.0960999999995,761.4026999999999,424.69269999999983,359.40340000000003,385.35210000000006,376.0506,7.664300000000001,9.160400000000001,7.636,5.765700000000001,9.8654,6.875,11.752099999999999,7.6872,6.642200000000001,8.3936,12.8079,9.0911,11.5786,9.592199999999998,7.021700000000001,4.7296,4.381,11.6463,7.2475000000000005,7.418800000000001,8.2845,13.163700000000002,7.325,6.6544,12.0838,8.3877,10.8432,11.892700000000001,9.903699999999999,10.615,3.0205,3.9396,6.0957,9.9953,8.3579,8.8239,10.7775,6.0687,8.3455,5.9779,7.0920000000000005,13.6487,6.818,8.0755,14.7935,12.631,8.318,6.5814,3.4561,5.765700000000001,5.9109,9.7211,8.8375,9.5818,12.0614,11.2919,8.5774,12.9842,5.5829,10.3079,5.4608,6.9995,7.2745,5.1264,5.474399999999999,5.765700000000001,5.442200000000001,9.1634,7.011100000000001,7.206,10.200099999999999,4.2026,5.3574,8.7681,6.6229,3.0899,6.1264,5.765700000000001,7.7326999999999995,7.7479000000000005,8.7172,7.0197,8.1142,6.957800000000001,6.0201,2.0514,7.986500000000001,3.5725,13.1563,3.5796,4.5588,4.1003,6.5106,5.5336,8.9879,7.940900000000001,4.4231,7.9131,7.3405000000000005,9.5246,8.0078,5.0918,8.5761,9.427700000000002,7.4724,4.7788,4.0618,7.0621,10.4784,6.2387999999999995,5.800599999999999,8.0052,9.8713,12.7423,14.8576,8.1134,6.857500000000001,8.700000000000001,9.282900000000001,4.8155,5.2588,8.581,8.2845,7.339700000000001,12.3031,8.3616,9.1479,4.9491,5.6015,15.3423,4.2673,5.604699999999999,8.4356,7.6965,9.9984,5.6699,6.1547,3.3187,8.3398,9.177100000000001,4.6874,8.369299999999999,12.6082,6.5104,5.765700000000001,4.0556,3.8525,7.3116,10.509599999999999,7.6076,8.1955,10.326500000000001,7.501100000000001,3.1925,6.985799999999999,7.618,5.765700000000001,11.6807,5.903300000000001,6.413500000000001,10.2101,7.2544,8.1587,7.7902,5.527799999999999,8.3901,9.859300000000001,4.862399999999999,6.720700000000001,4.6392,5.3893,9.3963,4.1358,7.1175999999999995,8.315,5.43,9.1808,6.819599999999999,10.052299999999999,7.1282000000000005,7.3529,11.7261,10.0369,7.0686,6.7697,7.037700000000001,8.6885,6.1754,7.0877,8.2698,10.217500000000001,6.856200000000001,5.622300000000001,7.4933,6.879099999999999,8.5555,4.6991,2.5181999999999998,11.8818,11.1539
2008-03-26,1562.8917999999999,787.3099000000001,775.5818999999999,423.8714000000001,363.4385,395.22310000000004,380.35880000000003,7.7168,10.4624,7.6785000000000005,6.380599999999999,9.8161,6.8484,11.6296,7.825200000000001,6.7463999999999995,8.4845,13.0564,11.3227,11.4861,9.6377,7.554399999999999,3.5372,4.462899999999999,12.051199999999998,7.2558,7.000299999999999,8.3916,13.9,7.896199999999999,6.464799999999999,13.1373,8.3866,9.2058,9.082600000000001,9.9253,10.8607,3.1478,4.0341000000000005,6.1149000000000004,9.5346,8.5212,8.686800000000002,8.7797,6.162,8.2961,5.9691,6.9879999999999995,13.2518,6.9977,8.323099999999998,13.6417,11.6174,9.197899999999999,6.8337,3.6966,5.873099999999999,4.8457,8.3823,9.3818,10.044599999999999,15.9043,6.4915,8.5854,12.0459,5.7542,10.2455,5.2805,6.9413,7.7434,5.4429,5.5832,5.873099999999999,5.506,10.734200000000001,6.573200000000001,7.801799999999999,10.0739,4.9602,5.5771,9.2162,6.7191,3.2028,6.2943999999999996,5.873099999999999,8.5886,7.9904,8.6213,7.0999,7.2777,7.697699999999999,5.872999999999999,2.0784000000000002,8.4017,3.6094,13.137699999999999,3.6649000000000003,4.5861,4.1099,6.730599999999999,6.0169,8.997900000000001,7.8506,4.422599999999999,8.1268,7.4859,9.9929,8.269,5.0732,8.964500000000001,9.8224,7.4689000000000005,4.8463,4.1897,7.075900000000001,11.9148,6.408799999999999,5.9498,8.0945,11.1254,10.2163,14.817600000000002,8.252600000000001,6.423,8.9741,10.7849,4.5536,5.6788,8.6092,8.3916,7.7682,12.3718,8.524000000000001,9.2207,5.0103,5.9358,15.375,4.2884,6.2875,8.4268,7.7371,10.5231,5.8192,6.4653,3.5845000000000002,8.2622,9.495700000000001,4.919600000000001,8.6146,14.8068,6.5616,5.4488,4.0427,3.9196999999999997,7.2602,10.6552,7.993399999999999,8.0197,10.8588,7.5783,3.4711999999999996,7.2109000000000005,6.401,5.873099999999999,11.926400000000001,5.8369,5.9359,10.370999999999999,7.4256,8.2389,8.086099999999998,5.2245,12.4831,9.9604,4.9351,6.0902,4.8975,5.5512,9.7365,3.893,7.897199999999999,8.4795,5.6832,9.378799999999998,7.042300000000001,10.5672,7.5724,7.505599999999999,10.311699999999998,9.9829,7.1501,6.9048,6.3027,8.764899999999999,6.4626,7.7855,8.3514,9.441799999999999,7.2988,5.5748,7.322299999999999,5.561999999999999,8.8418,4.8247,2.5895,11.5777,11.177299999999999
2008-03-27,1641.9915000000003,814.9254000000004,827.0660999999999,438.95000000000005,375.97540000000015,433.32340000000005,393.7427000000001,7.7196,10.2604,7.7032,5.9546,9.3308,7.366899999999999,12.4492,7.917000000000001,6.8751,9.102400000000001,13.0384,9.3052,12.0349,10.0305,7.561,4.8474,4.702500000000001,11.5444,7.4109,9.6114,8.5548,15.165899999999999,7.886000000000001,6.5624,12.4295,8.6208,10.7776,11.799,10.0779,12.514600000000002,3.2311000000000005,4.0946,6.213700000000001,9.8482,8.8961,9.636700000000001,10.919599999999999,6.416799999999999,9.023499999999999,5.571,7.1773,13.850999999999999,6.8524,8.866900000000001,13.7877,12.6117,8.5444,6.672000000000001,1.6263999999999998,5.9546,4.2681,8.713000000000001,8.3655,11.1014,11.819400000000002,6.7354,8.8453,12.269,8.2022,9.824,5.3524,7.1051,7.5769,5.3857,5.8386,5.9546,5.8128,17.8065,6.913499999999999,8.067,10.4746,4.3419,5.531,9.5471,6.7924999999999995,3.2436,6.3748000000000005,5.9546,9.140800000000002,8.0323,8.15,7.1596,7.4254999999999995,7.6387,7.132200000000001,2.2884,8.2241,3.5735,13.651099999999998,3.6713,4.7816,4.1905,7.1000000000000005,5.7051,10.5029,8.151499999999999,4.4886,8.071299999999999,7.640499999999999,11.0394,7.962899999999999,5.165799999999999,8.921299999999999,9.855599999999999,7.727399999999999,4.9079,4.4465,9.2637,10.016,6.4626,5.8629,8.2671,7.6685,14.740100000000002,15.595600000000001,8.517199999999999,6.5012,9.2058,15.8688,6.2612000000000005,5.5118,8.700600000000001,8.5548,31.6026,12.4189,8.601,10.5047,5.2328,5.5832999999999995,16.0584,4.7884,6.5361,11.703,8.1524,9.268699999999999,5.9815,5.6633,3.5543,8.5317,9.422,5.2101999999999995,8.4837,13.249699999999999,6.458,6.2726999999999995,4.1475,3.9295999999999998,7.487,10.802,7.694599999999999,9.705,11.1622,7.831499999999999,4.9797,7.0259,6.3801,5.9546,12.524000000000001,5.7983,5.9571000000000005,9.037,7.6142,8.5337,7.7255,5.2542,8.6496,11.2718,4.9818999999999996,6.3603000000000005,4.947799999999999,5.5664,9.7823,5.6619,7.534500000000001,8.4352,5.4646,10.1043,7.2892,11.494399999999999,7.593,7.3108,13.3599,10.1131,7.6632,7.0518,6.4619,8.8489,6.4974,7.6589,8.5135,11.9342,7.7439,5.6068,7.6623,5.7472,8.7515,4.9293,2.6341,11.9956,12.638200000000001
2008-03-28,1646.1665000000003,830.9016000000004,815.2648999999998,442.11530000000005,388.7863,418.3431999999999,396.92169999999993,7.798,9.788599999999999,7.7909,6.3759,9.495099999999999,7.127599999999999,11.8555,8.1823,6.8484,8.7807,14.1674,9.3908,11.6369,9.659500000000001,7.6593,3.5206,4.9755,11.6906,7.478,9.1018,8.7141,15.527,9.2013,6.4528,12.1606,6.421900000000001,13.2558,11.5062,10.3976,11.6756,3.4358,4.0192,6.0408,10.0042,8.672899999999998,9.4701,10.800899999999999,6.5958000000000006,9.5785,5.3599000000000006,8.6727,14.476,7.2071000000000005,8.162099999999999,16.045,10.648900000000001,8.5137,6.561999999999999,3.0666,6.146800000000001,6.626600000000001,9.600900000000001,8.574200000000001,11.8403,12.5623,7.0199,8.8397,13.0306,8.7804,11.2711,5.282,7.1513,7.637299999999999,5.3749,5.8403,6.146800000000001,5.914300000000001,21.646099999999997,6.8475,7.731299999999999,10.308900000000001,4.3125,5.5534,9.8596,7.163600000000001,3.3621,6.4279,6.146800000000001,7.485300000000001,8.0048,8.1728,7.0776,7.636899999999999,7.6583,7.4997,2.2045,8.0391,3.5841000000000003,15.623299999999999,3.6732000000000005,4.6251,4.1616,7.2159,5.5359,9.3544,8.53,4.517899999999999,7.9094,7.6979999999999995,11.7259,9.090399999999999,5.148899999999999,8.519100000000002,11.1434,7.6319,4.834,4.6102,8.648900000000001,9.105799999999999,6.4263,5.8498,8.1356,7.7738,18.5883,16.4801,8.959900000000001,6.6675,9.106,17.638399999999997,6.185499999999999,5.3696,8.742799999999999,8.7141,7.4495,12.086,8.883700000000001,9.536200000000001,5.318300000000001,5.6394,17.3312,4.2125,6.4958,8.8048,8.5622,11.1467,5.9856,5.77,3.4525000000000006,8.163499999999999,9.1896,5.309100000000001,8.6247,16.8464,6.3146,5.3453,4.293,4.1056,7.2885,10.8111,8.007100000000001,9.8147,12.0122,7.7794,3.9751999999999996,7.0031,6.3141,6.146800000000001,11.621599999999999,5.8008999999999995,6.1370000000000005,10.149,7.595299999999999,8.6995,7.734200000000001,5.3144,8.7315,10.1868,5.1078,6.4628,5.4489,5.6746,10.0698,3.8635,9.8953,8.7655,5.4475,9.5413,7.318899999999999,12.7098,7.1502,7.5245,12.708800000000002,10.167000000000002,7.6033,7.1043,6.600999999999999,8.666,6.3263,7.8614999999999995,8.8079,11.6327,7.3097,5.6276,7.7957,4.5823,8.6242,5.440300000000001,2.7155,12.6176,14.7339
2008-03-29,1217.1356,613.5664,603.5692000000001,335.7359,277.8305,306.66299999999995,296.9062,6.5874,6.7298,6.5647,5.1069,8.447600000000001,5.8145,11.3393,6.3568999999999996,5.1527,7.5151,11.0,7.395,10.4406,7.696900000000001,5.8216,1.6485,3.8041,9.027999999999999,5.5953,6.476100000000001,6.9428,6.8957,6.515,4.5824,10.068999999999999,4.3972999999999995,8.087499999999999,12.532700000000002,8.0136,8.533000000000001,2.8755,3.3366000000000002,3.7518999999999996,8.128,6.9827,7.708200000000001,10.3656,4.595,6.5137,3.7414,6.3911,10.5585,6.4361,6.2333,8.85,6.463699999999999,6.4772,5.788,0.6724,4.777,2.9337,7.5792,6.3326,6.9274,8.9469,6.0744,7.2333,7.7408,4.7305,8.6659,3.8578,5.2059999999999995,6.561299999999999,3.8185000000000002,4.9291,4.777,4.6783,9.9941,5.4528,5.2516,8.9219,2.6043000000000003,4.069599999999999,6.4415,6.0468,2.6707,4.91,4.777,5.7457,5.9199,6.1524,5.603199999999999,5.9138,6.345299999999999,5.7797,1.8931,6.0184999999999995,2.709,7.148,2.307,3.8125,3.2246,4.4168,4.022,8.2384,7.2157,3.6335,6.2585999999999995,6.1454,7.1944,5.731800000000001,4.526,6.6502,7.214700000000001,5.736700000000001,4.0306,4.1275,5.2885,6.4779,5.213699999999999,4.8568,6.2716,6.3038,10.9862,9.660799999999998,7.093500000000001,5.8877999999999995,6.8877,10.759999999999998,4.083600000000001,3.9447,7.417,6.9428,6.7996,8.128,6.7538,8.1372,4.4909,4.4666,12.8468,3.0549000000000004,4.106,7.763199999999999,6.793699999999999,6.876100000000001,4.9032,4.722799999999999,2.7952000000000004,5.0699,7.0973,4.1844,8.5563,8.324100000000001,5.383,4.1355,2.3708,2.3005,5.4191,8.3674,6.7228,5.9706,7.7973,5.9107,2.1787,5.0687999999999995,5.0017,4.777,8.996500000000001,3.0747,4.868,8.665500000000002,5.9529,7.0831,5.959300000000001,3.7225,8.3156,8.656600000000001,4.7361,5.5501000000000005,3.9363,4.362,7.807600000000001,2.8758999999999997,6.2732,6.4273,3.7807,8.036000000000001,5.653600000000001,7.4097,5.206300000000001,5.9581,7.2245,8.898800000000001,6.185099999999999,5.601699999999999,4.9547,6.2635000000000005,4.2256,6.3392,7.771100000000001,5.3111999999999995,5.2189,4.496600000000001,6.4772,4.5181000000000004,6.706799999999999,4.8152,1.5363,11.1997,9.149600000000001
2008-03-30,1104.3648999999996,558.1435999999999,546.2212999999997,304.0031,254.14050000000006,273.7620999999999,272.4592,5.99,6.3007,6.1432,4.0254,7.2828,5.0454,11.395399999999999,5.5187,4.586,7.1153,8.7423,6.652699999999999,10.6182,8.244900000000001,6.016100000000001,1.3433,3.2994,7.9215,4.9375,6.0251,5.8507,5.992400000000001,5.9758000000000004,4.3723,8.2484,3.9255,7.256399999999999,9.4517,7.6209999999999996,7.4915,3.3006,3.0463999999999993,3.2156000000000002,6.744,6.216799999999999,6.674600000000001,9.7898,3.9957000000000003,5.7650999999999994,3.3136000000000005,5.4865,9.4041,6.0649999999999995,5.457,9.9074,5.5794999999999995,5.4757,5.505800000000001,1.6449,4.0254,3.4287,7.626800000000001,5.9724,5.829999999999999,7.7997,5.787999999999999,6.574000000000001,6.8089,4.4099,8.5245,3.5765000000000002,4.674200000000001,5.1721,3.6739999999999995,4.2492,4.0254,4.1546,9.3452,4.8238,4.6899999999999995,8.7625,2.2375000000000003,3.6113,5.798,4.993600000000001,2.5003,4.3157,4.0254,5.0933,5.3213,5.818899999999999,4.8132,5.6051,5.4657,5.3286,1.7602999999999998,5.1582,2.4823999999999997,5.8421,1.8733,3.6287999999999996,3.1143,3.7464000000000004,3.5244,7.8004,9.9631,2.9432,5.4317,6.059100000000001,5.974499999999999,4.8519000000000005,4.343500000000001,5.834200000000001,6.4392,5.328099999999999,3.3104,4.271599999999999,4.7557,5.9055,4.9368,4.5289,5.4832,5.627000000000001,8.6417,8.0554,6.4777000000000005,5.3728,6.1342,10.2938,3.6854,3.5243,6.722899999999999,5.8507,5.9238,7.371200000000001,5.959,7.7455,3.8979000000000004,3.9932000000000003,7.068,2.5964,3.4543,7.454700000000001,5.815100000000001,5.7475000000000005,4.2398,4.1695,2.9663,4.6007,6.228300000000001,3.8558,7.321600000000001,7.9932,5.1732,3.9171,1.9348999999999998,1.9937,5.1792,8.1042,8.6831,6.815300000000001,7.74,5.260400000000001,1.8068,4.8649000000000004,4.7536,4.0254,7.7387,2.7054,4.407,8.0454,5.1937,5.933800000000001,5.3672,3.2013999999999996,8.6184,8.4513,4.8626000000000005,6.602399999999999,3.1514999999999995,4.1063,7.0581,2.4557,5.7016,5.603400000000001,3.6133000000000006,7.495000000000001,4.7043,6.2656,4.172000000000001,4.8703,6.6747,8.7525,5.437900000000001,5.0798000000000005,4.1162,5.8467,3.8506000000000005,5.5159,6.7442,4.721399999999999,4.666600000000001,4.0009999999999994,7.246499999999999,4.0003,5.944000000000001,4.9711,1.4670999999999998,9.8405,7.9914000000000005
2008-03-31,1452.6971999999998,728.2361,724.4610999999999,396.3079999999999,331.9281000000001,369.84530000000007,354.61580000000004,7.7743,8.297,7.458399999999999,5.5933,8.4557,6.4413,10.9158,8.0579,6.6617,8.0989,12.667200000000001,8.887599999999999,10.9388,9.0614,7.393099999999999,4.0976,4.0526,9.9473,6.7492,6.855300000000001,7.933000000000001,11.4875,7.353,6.120699999999999,13.0024,8.010399999999999,11.778300000000002,8.5937,9.7817,10.490100000000002,2.8003,3.8493,5.8067,9.1988,7.6663,8.2657,7.134099999999999,5.9679,7.0577,6.1576,6.296299999999999,12.932599999999999,6.726,8.3067,13.4542,9.1826,7.837899999999999,6.6812000000000005,2.4375999999999998,5.5933,4.4413,6.808999999999999,7.7825999999999995,8.3019,11.5662,6.128100000000001,8.4219,11.0532,5.276400000000001,8.004199999999999,5.389,6.8958,6.8956,4.794300000000001,5.5408,5.5933,5.248799999999999,8.274099999999999,6.393699999999999,6.204699999999999,9.7364,4.2458,5.1502,8.6949,6.6572,3.144,5.9937,5.5933,8.1461,7.826,7.7604999999999995,6.6924,6.887499999999999,7.2714,5.6184,1.9184999999999999,7.2932,3.3754,11.2911,3.4638999999999998,4.5122,3.8567,7.4365000000000006,6.2264,8.8504,7.7044,4.3249,7.699,7.0189,8.523900000000001,7.7757000000000005,5.0634,8.5145,9.084699999999998,7.3377,4.6464,3.9078,6.8278,9.435500000000001,5.9154,5.478999999999999,7.5809,8.1742,12.088700000000001,13.4034,7.3842,6.0928,8.9556,8.7435,4.3231,6.0972,8.3764,7.933000000000001,6.802,11.7446,8.078899999999999,8.932400000000001,4.6871,5.3202,14.8773,4.0027,6.3101,8.254000000000001,7.446,10.0292,5.4594,5.8016,3.9022,8.054300000000001,9.2468,4.6555,8.3159,10.2522,6.2212,5.7316,3.9627,4.3467,6.897600000000001,10.2256,7.146599999999999,6.293100000000001,9.9434,7.1584,3.4434,6.6696,6.0356000000000005,5.5933,11.910400000000001,5.4697,6.8253,10.166799999999999,6.9681,7.7508,7.498799999999999,5.1337,7.8271,9.6799,4.8444,6.3661,4.574,5.2703,8.8208,3.8020000000000005,6.8006,7.896100000000001,5.1704,9.113800000000001,6.4878,8.9384,7.2421,7.1046,9.350299999999999,9.5091,6.741,6.6908,5.849,8.464500000000001,6.2513000000000005,7.118500000000001,7.758699999999999,8.2637,6.1206,5.2325,7.0672,5.345700000000001,8.5218,4.5962,2.4089,11.4116,11.1156
2008-04-01,1582.2892000000002,795.6445000000002,786.6447000000001,429.3309999999999,366.31350000000015,399.2412000000001,387.4035000000003,7.791499999999999,9.3019,9.8738,5.9334,8.7555,6.6715,11.1817,8.0146,7.0258,9.776100000000001,12.9959,9.092199999999998,10.821100000000001,9.3782,7.2523,6.0771999999999995,4.2387,10.6849,7.662700000000001,7.8473999999999995,8.2845,14.322299999999998,7.1159,6.234299999999999,13.7638,7.8405000000000005,13.316399999999998,10.3853,10.706600000000002,11.3245,2.7314999999999996,3.8873,5.956099999999999,9.392399999999999,8.9589,10.8969,7.1714,6.182499999999999,7.477499999999999,6.237,6.604900000000001,12.9573,9.443,9.136199999999999,15.1359,9.6135,7.8342,6.4326,3.8457,5.765700000000001,5.6135,8.3932,9.9336,8.718399999999999,11.5566,9.158199999999999,8.6372,11.5219,5.702299999999999,9.2104,5.2141,6.5493999999999994,8.166,5.1602,6.8669,5.765700000000001,5.8302,14.252500000000001,6.4329,7.926200000000001,10.776599999999998,4.3274,5.5618,8.6873,5.6263,3.0906,7.446399999999999,5.765700000000001,8.162700000000001,7.7935,9.739,7.1935,8.9034,9.1158,5.883100000000001,2.1188,8.9519,3.4337999999999997,11.5639,3.8078000000000003,4.7115,3.9262999999999995,6.8369,5.947800000000001,9.641200000000001,7.6025,4.5136,8.1689,7.4739,8.932200000000002,7.7546,5.167,9.6598,10.5353,7.718299999999999,4.9569,3.7602,7.0305,10.2948,6.633000000000001,5.2005,8.753,10.1298,12.7423,13.507500000000002,7.9584,6.387499999999999,9.2393,10.505,4.3921,5.2235,7.592,8.2845,8.672,11.4772,8.3064,9.7605,5.288,6.0371999999999995,16.5433,4.2844,6.8771,10.2244,10.229600000000001,10.066600000000001,5.724,6.1025,3.747,8.281500000000001,10.0203,5.6224,8.6958,10.6481,8.8782,7.6929,4.02,4.1565,7.2664,9.94,7.2531,7.619999999999999,15.2423,7.4481,3.5985000000000005,6.320500000000001,9.0687,5.765700000000001,9.8419,5.8229,6.3593,8.9488,7.3895,9.7832,7.8187,5.3096,7.512999999999999,10.4002,6.0991,7.5539,5.091100000000001,5.4498,8.5595,4.5841,7.3770999999999995,8.2057,5.3151,8.7469,7.2959,9.3314,8.5502,7.6947,10.5883,9.395900000000001,8.7775,7.0973,6.0489,7.3248999999999995,6.792400000000001,7.9701,8.1089,10.6661,7.6188,6.3438,6.9235999999999995,6.562200000000001,9.094100000000001,4.718,2.547,13.8892,12.8311
2008-04-02,1579.1646000000005,790.7252000000003,788.4394000000002,432.3294999999999,358.3957,398.85040000000004,389.58900000000006,8.1021,8.824100000000001,7.5375,5.873099999999999,9.5816,6.7188,10.84,7.6762999999999995,7.392100000000001,9.2211,13.468,9.1937,10.842400000000001,9.0403,8.1342,4.196899999999999,4.2002,10.846900000000002,7.0825,7.109,8.3916,14.4288,7.441099999999999,6.2012,17.8131,9.5622,11.2711,12.749600000000001,9.8702,11.0073,2.6342,3.9447,6.0626,9.859,8.8263,9.2851,6.1056,6.1366000000000005,7.2966,5.2858,8.3049,15.2441,6.9817,8.5857,16.009999999999998,13.0888,8.731000000000002,6.6921,2.7646000000000006,5.873099999999999,3.5929,8.0493,8.0918,10.336400000000001,11.9845,7.5075,8.6618,11.5891,6.437399999999999,8.962600000000002,5.3317000000000005,7.074199999999999,7.762700000000001,5.217899999999999,5.7005,5.873099999999999,5.8077000000000005,9.6439,6.6800999999999995,8.0845,9.9027,4.34,5.462,8.6957,6.7996,3.0861,6.8027,5.873099999999999,8.6712,7.8106,7.987,7.0954,7.5913,7.3635,5.701700000000001,2.0492,8.7695,3.4399,12.6389,3.6294999999999997,4.7486,3.8895999999999997,10.727599999999999,5.7028,9.7516,7.5639,4.7254000000000005,7.6693,7.1763,10.341399999999998,8.1024,5.0829,9.1649,10.3864,7.4825,4.9658,3.7472,7.4352,9.719199999999999,6.166,5.540800000000001,8.3076,9.8042,10.2163,14.597900000000001,8.031600000000001,6.3433,9.4079,9.9393,4.5367,5.4388000000000005,8.452200000000001,8.3916,8.1663,12.191,8.143699999999999,9.7182,5.2783999999999995,5.3614,16.2974,5.047,9.816400000000002,10.1774,7.9815000000000005,10.0613,5.7955000000000005,6.1883,4.2255,7.901,9.543300000000002,5.3580000000000005,8.6567,13.9067,6.2985,5.873099999999999,4.1075,6.5116,7.1244,10.6928,7.1668,6.7134,11.8432,7.6591000000000005,3.4711999999999996,6.726299999999999,6.7315000000000005,5.873099999999999,11.9185,5.7362,6.460699999999999,10.357899999999999,8.3674,8.3271,7.6096,5.2812,8.2599,10.3744,4.7379999999999995,7.2781,4.9018,5.4,9.6954,5.5074,8.2951,8.0418,5.247299999999999,10.630700000000001,7.1099,11.0928,7.6525,7.6962,13.152899999999999,9.5045,8.6904,7.1977,6.0818,8.7105,6.4573,7.8668,8.0687,11.5332,7.7008,5.5558,6.9201999999999995,5.7423,8.8414,4.283899999999999,2.594,13.029400000000003,12.6597
2008-04-03,1656.7450000000003,837.5160000000001,819.2290000000003,447.6888000000001,389.82719999999983,416.45239999999995,402.77660000000003,8.2076,9.6039,7.8370999999999995,6.6055,9.8552,6.9893,12.5855,8.4853,6.820399999999999,8.9674,13.3113,9.219,12.2734,10.587900000000001,7.7021999999999995,4.4362,4.4655000000000005,11.4651,8.068,8.784,8.5548,13.662400000000002,8.9555,6.5236,14.305700000000002,7.234,14.787700000000001,13.5393,9.903300000000002,11.4207,2.9078,4.019,6.103400000000001,9.8462,8.715,9.8649,7.342,6.346900000000001,7.798,8.059700000000001,6.9999,14.463,7.0633,9.3975,15.7668,12.319199999999999,9.6528,6.7618,3.1502,5.9546,7.0633,9.851700000000001,8.6761,9.9771,12.0436,9.4155,8.940000000000001,12.5685,5.6747000000000005,10.2645,5.4795,7.2012,7.8896,5.3736,7.644500000000001,5.9546,6.6443,16.7971,6.9982,7.864600000000001,10.254100000000001,6.8892999999999995,5.6366,8.940100000000001,6.9307,3.1075,8.971900000000002,5.9546,8.7772,8.4309,8.4572,7.133100000000001,8.1255,10.2766,6.872000000000001,2.1355,8.0153,3.5612000000000004,13.9213,3.8221,4.766400000000001,3.9657,7.430199999999999,7.0001999999999995,9.920499999999999,7.8565000000000005,4.5916999999999994,8.4045,7.2734000000000005,10.0832,7.921800000000001,5.138999999999999,9.7959,10.3476,7.6276,5.059,3.8424,7.2417,10.3781,6.3062000000000005,5.6533999999999995,8.3084,10.0184,14.740100000000002,15.2741,8.1875,6.5366,9.559999999999999,14.777099999999999,5.1311,5.59,8.9255,8.5548,8.628599999999999,12.3588,9.177599999999998,9.8943,5.4725,5.676,16.4807,4.9955,6.9053,10.6553,8.9562,10.118200000000002,5.9024,6.2954,4.5717,9.3008,10.1547,5.6356,8.8851,13.1117,6.4332,5.9546,4.1513,6.3309,7.429,10.7443,7.3164,8.492600000000001,10.6597,7.8131,4.9797,7.0059000000000005,7.779999999999999,5.9546,13.1311,5.8924,8.104299999999999,10.513300000000001,7.7104,8.7864,7.7433,5.4578,8.7636,10.6819,4.868600000000001,8.4946,5.2959,5.5550999999999995,9.511700000000001,5.565,8.1451,9.4147,5.6063,10.155100000000001,7.5333000000000006,10.7134,9.113800000000001,8.44,11.3078,9.7448,8.9836,7.219799999999999,6.416,8.5882,6.8924,8.148499999999999,8.2316,9.758,7.5733999999999995,5.6474,7.1607,5.7615,9.1842,4.6844,2.6932,13.8995,12.9989
2008-04-04,1678.8337999999997,831.8961999999999,846.9375999999997,447.19669999999996,384.6994999999999,430.6692999999999,416.26830000000007,8.0034,13.136300000000002,7.9338,6.528700000000001,9.733699999999999,7.2608000000000015,11.8661,8.415,6.9828,9.5345,14.091000000000001,9.4896,11.658100000000001,9.8126,8.1754,5.006499999999999,4.8525,11.9284,7.538600000000001,9.7456,8.7141,14.0042,8.478100000000001,6.3133,13.2034,7.6138,11.4344,9.9944,9.982800000000001,11.209999999999999,3.2119,4.179,6.1774000000000004,10.2598,8.996699999999999,9.647100000000002,5.9003,6.5116,10.2065,5.838900000000001,7.6433,15.4789,7.2501,9.151,18.287799999999997,10.767900000000001,8.9494,6.773,3.1774,6.146800000000001,3.4211,9.5197,8.3357,10.150099999999998,12.055,8.5303,8.958400000000001,12.0107,5.9318,10.3168,5.491,7.513,7.5758,5.4661,6.2843,6.146800000000001,6.0122,17.1603,6.9746,9.1626,10.2585,4.5077,5.6204,9.0393,7.2482999999999995,3.3171,7.608199999999999,6.146800000000001,8.937,8.105799999999999,8.091899999999999,7.3072,7.689299999999999,8.5171,7.6662,2.2188,8.851099999999999,3.6111000000000004,14.421700000000001,3.8939000000000004,4.902200000000001,4.1588,6.7532,7.5883,11.7582,8.394,4.8260000000000005,8.397400000000001,7.642900000000001,10.204799999999999,8.3906,5.218500000000001,9.641200000000001,10.629000000000001,7.6121,5.2209,4.332,7.513999999999999,9.2458,6.420999999999999,5.8018,8.2893,7.7863999999999995,18.5883,15.3283,8.9472,6.9682,10.168199999999999,15.445299999999998,6.547000000000001,5.6046000000000005,8.7927,8.7141,7.9936,12.39,8.6685,11.6045,6.3836,5.6395,18.819499999999998,4.2569,6.0161,12.5367,8.588,10.410599999999999,7.2082,5.731,4.5068,8.3554,10.100999999999999,5.7996,8.7894,15.4858,6.3629,6.471900000000001,4.3451,6.7995,7.4078,10.8776,7.9133,11.7667,12.093700000000002,8.0697,4.6845,7.0797,6.3491,6.146800000000001,12.017900000000001,5.6622,7.3347,10.9268,9.3848,8.922,7.7986,5.675800000000001,8.732700000000001,12.089300000000001,5.0123999999999995,6.9460999999999995,5.5442,5.7252,9.6527,4.0085,9.1022,8.522400000000001,5.4457,10.971499999999999,7.8956,11.0561,8.1636,8.6094,14.051199999999998,9.9698,8.9362,7.2951999999999995,6.4854,8.7185,7.252000000000001,8.482099999999999,8.8719,12.4887,8.1017,5.736000000000001,7.566599999999999,5.8837,9.6211,5.1472,2.8123,13.582699999999999,13.875399999999999
2008-04-05,1254.0333,634.1633999999998,619.8699000000001,345.0293,289.13410000000005,318.31710000000004,301.5528000000001,6.7753,6.9063,6.4552,5.5021,9.1672,5.824999999999999,9.2654,11.3901,5.219,7.6385000000000005,11.195500000000001,7.6372,8.8462,7.1006,6.7672,1.6752,3.7458000000000005,10.2061,5.6739,6.5144,6.9428,7.0693,6.7834,4.8865,8.6412,4.6804,11.090700000000002,7.7158,7.8718,8.8211,2.6948,3.4233000000000002,3.8359,8.346,7.1781999999999995,7.7439,6.1096,4.8079,7.0302,3.8116999999999996,6.358499999999999,10.7263,6.6015999999999995,6.325,12.174200000000003,6.5779000000000005,10.9396,5.9186,1.6399,4.777,2.9888000000000003,7.4383,6.395700000000001,7.077500000000001,9.314599999999999,6.3127,7.3522,7.953200000000001,4.7707999999999995,8.544699999999999,3.9311,5.3541,7.1408000000000005,3.9792000000000005,5.0398,4.777,4.794700000000001,16.6215,5.5124,5.4792000000000005,8.538699999999999,2.7213000000000003,4.1051,6.5234000000000005,6.2087,2.6505,5.022,4.777,6.0372,6.0028,6.2626,5.6721,5.6448,6.4001,5.7896,1.959,6.243200000000001,2.7596999999999996,7.1657,2.3716999999999997,4.094200000000001,3.3102,4.6948,4.2762,8.3147,7.198499999999999,3.6868999999999996,6.3534,6.3207,7.251,5.8537,4.535299999999999,6.739000000000001,7.3404,5.7615,4.0669,3.8153,5.406599999999999,6.5809999999999995,5.1164,4.937099999999999,6.4899000000000004,6.6231,10.9862,9.233,7.091999999999999,6.0882,7.2555000000000005,14.560599999999999,4.1548,4.1039,7.525599999999999,6.9428,7.0226,8.306,6.7888,8.29,4.706900000000001,4.543399999999999,13.909500000000001,3.2117,4.2648,8.698,6.8528,6.8562,4.9763,4.840400000000001,3.643,5.1978,7.2509999999999994,4.5054,9.2042,8.6463,5.3751999999999995,4.1635,2.5027,2.8932,5.366,8.2405,6.8521,8.7051,8.0338,5.9166,1.8693,5.5949,5.004,4.777,8.977599999999999,3.2357,4.856800000000001,7.0598,6.1388,6.954,6.3272,3.8692,8.5886,8.9203,4.653,5.0664,3.9953,4.4014999999999995,7.9388000000000005,2.9701000000000004,6.8565000000000005,6.4497,4.1773,8.047699999999999,5.7055,7.488300000000001,5.4402,6.2364,7.2983,8.8309,6.3942,5.8301,4.986599999999999,6.3398,4.506600000000001,6.5909,7.585400000000001,5.4236,5.3404,4.5808,6.2700000000000005,3.869,6.7712,4.6082,1.6856,10.9854,9.4004
2008-04-06,1036.8308,515.7345,521.0962999999999,277.8023,237.9322,261.08799999999997,260.0082999999999,6.0268999999999995,6.0222999999999995,5.872999999999999,4.0254,6.8692,4.7233,7.848000000000001,5.2764999999999995,4.450699999999999,6.7917000000000005,8.8004,6.4338,8.0893,6.4376999999999995,6.9387,1.308,3.0451,7.593800000000001,4.680499999999999,5.9398,5.8507,5.7123,5.6594999999999995,4.1175,7.4704,3.6868,7.0816,6.3412999999999995,7.407299999999999,7.238700000000001,2.8668,2.8885,3.0915999999999997,6.4765,5.952999999999999,6.4197999999999995,5.1213,3.8105,5.3451,3.1368,5.1926000000000005,9.312100000000001,6.1677,5.183,7.204600000000001,5.2752,5.5536,5.468,1.57,4.0254,3.3716999999999997,6.6125,5.782,5.5281,7.606000000000001,5.4226,6.4122,6.552,4.241300000000001,7.3636,3.4062,4.5779,5.0557,3.4160999999999997,4.0428999999999995,4.0254,3.9776000000000002,5.268000000000001,4.620299999999999,4.4844,7.7417,2.1831,3.5816,5.6743999999999994,4.9519,2.3561,4.1343,4.0254,5.0088,5.3273,5.619,4.7275,5.165000000000001,5.1163,5.2902000000000005,1.7701,4.958500000000001,2.396,5.6014,1.8783,3.637,2.9605,3.5260999999999996,4.028,7.436399999999999,7.1713000000000005,3.2376000000000005,5.0397,5.9069,5.7153,4.7036,4.2384,5.5296,6.3892999999999995,5.1979999999999995,3.4314,3.8730999999999995,4.5230999999999995,5.589700000000001,4.610799999999999,4.3077000000000005,5.486,5.571400000000001,8.6417,7.8143,6.0826,5.0377,5.8649,6.9195,3.6561999999999997,4.1317,6.6165,5.8507,5.8848,7.0665,5.6829,7.3805,3.7787,3.7779999999999996,6.977600000000001,2.458,3.249,7.0988999999999995,5.6178,5.4668,3.9496999999999995,4.1518999999999995,3.0597000000000003,4.3231,5.8735,3.7442,7.045300000000001,7.6915000000000004,4.8637,3.8930000000000002,1.9904,2.5012,4.745900000000001,7.8826,6.8649,4.700800000000001,7.4851,5.083,1.6677,4.700699999999999,4.477,4.0254,7.5427,2.7457000000000003,4.1624,7.8163,4.8978,5.9016,5.3164,3.2335,7.677,7.912699999999999,4.6396,4.5778,3.1727000000000003,3.9087,7.066400000000001,2.3239,5.6253,5.6386,3.4838999999999993,7.426500000000001,4.5343,5.845899999999999,4.1508,4.9098,6.4504,8.2661,5.3087,4.9294,3.9250000000000003,5.7762,3.68,5.3809000000000005,7.340999999999999,4.3986,4.4244,3.8978,6.6074,4.0512,5.5815,4.509,1.3088000000000002,9.7172,7.8046999999999995
2008-04-07,1563.6199,789.3343999999998,774.2855000000001,418.8498999999998,370.48449999999985,392.15740000000005,382.1281,7.921999999999999,9.0528,7.2985,5.5933,8.5119,6.326199999999999,14.590499999999999,7.6276,6.4862,8.4651,12.8857,8.782599999999999,12.592500000000001,9.7786,8.0097,6.7341,4.0844000000000005,9.8713,6.852600000000001,7.367000000000001,7.933000000000001,14.793199999999999,7.1037,6.207699999999999,14.1153,8.0455,11.555200000000001,9.753499999999999,10.068299999999999,10.1232,2.7561,3.7885,6.0034,9.224,8.126299999999999,10.873,6.8896,6.0435,7.3203000000000005,6.769799999999999,6.4728,13.4084,6.9478,8.761800000000001,14.354,8.6824,8.8732,6.6342,2.7963,5.5933,5.3469999999999995,10.2052,7.925800000000001,8.2723,11.3081,7.428699999999999,8.1859,10.552499999999998,5.3796,10.4123,5.4687,6.8185,7.481,4.9498,5.851800000000001,5.5933,5.5178,8.9046,6.4701,7.507499999999999,32.4671,4.376,5.4204,9.014600000000002,6.7093,3.0885,7.2777,5.5933,8.413900000000002,7.8865,8.475200000000001,6.9269,8.1228,8.1153,5.764799999999999,1.9855,8.3642,3.3445,10.2988,3.5191,4.6476,3.9686,6.9228000000000005,5.575,9.0435,7.6812,4.609,7.8246,6.947900000000001,8.519400000000001,8.197799999999999,5.0935,9.264800000000001,9.338000000000001,7.4995,5.029,3.8741,8.6798,9.7087,5.7611,5.7661,8.010299999999999,9.2786,12.088700000000001,13.0314,7.6944,6.0433,9.342,9.0483,4.845599999999999,5.2977,8.4191,7.933000000000001,8.0766,12.0296,8.0516,9.196200000000001,5.1241,5.680300000000001,15.7561,4.3071,6.432600000000001,10.1611,9.980799999999999,10.1638,5.3122,6.030099999999999,4.0785,8.5582,9.695500000000001,5.077400000000001,9.887599999999999,12.1579,5.734999999999999,7.533200000000001,4.0021,4.3962,7.0187,10.9789,7.4912,5.8863,9.968100000000002,7.552300000000001,4.7901,6.937,5.8248999999999995,5.5933,11.5585,5.8155,5.6102,10.4625,6.963899999999999,10.269599999999999,7.7007,5.1225,14.397100000000002,9.970500000000001,4.8367,5.7516,4.7458,5.281499999999999,9.055600000000002,4.6783,7.1827000000000005,8.7651,5.3013,9.5286,7.1244000000000005,8.8775,7.8915,7.9718,13.477400000000001,9.5699,8.5768,6.9249,5.9326,8.6889,6.2865,7.9076,7.781300000000001,11.5853,7.0991,5.7429,6.9076,4.980599999999999,8.9901,4.399900000000001,2.4875,12.406600000000001,10.9672
2008-04-08,1606.0017000000003,801.1668000000001,804.8349000000003,423.08869999999996,378.07809999999995,408.4916000000001,396.3433000000001,7.749499999999999,9.0067,7.496,5.765700000000001,8.6125,6.5988999999999995,11.0823,7.8187999999999995,6.8854,8.702100000000002,12.927000000000001,9.1848,11.122,9.4596,8.8733,5.270300000000001,4.2588,11.3441,7.0992,7.4094999999999995,8.2845,14.9123,7.098,6.4485,15.6819,8.7763,11.6044,9.0439,9.8921,10.4545,2.7542999999999997,4.021800000000001,6.051,9.7624,8.4933,9.689499999999999,5.1815999999999995,6.1868,7.543699999999999,5.7804,6.5427,14.7895,6.9924,9.1419,15.900500000000001,9.3509,10.1387,6.508900000000001,3.6298,5.765700000000001,9.1352,10.6089,9.454699999999999,8.8674,11.8505,8.2638,8.7805,10.6867,7.636499999999999,10.854600000000001,5.6411,7.1533,8.1342,5.107,8.0034,5.765700000000001,6.6582,14.1085,6.6461,7.4643999999999995,9.3884,4.614,5.5906,8.5669,6.9155,3.0607999999999995,6.6388,5.765700000000001,8.0811,8.1294,9.126000000000001,7.2569,8.0753,10.9649,5.8611,2.1458,9.235600000000002,3.4884,12.3038,3.6109,4.6937,3.8857,7.3707,6.1357,9.2803,7.599500000000001,4.5891,8.029,7.597799999999999,9.256,8.0823,5.1431,9.471,12.5412,7.6676,4.9593,3.7989,7.1497,10.9952,7.395199999999999,6.0253000000000005,8.4063,11.2868,12.7423,13.9459,7.7453,6.4154,9.2783,13.130700000000001,4.8779,5.291,8.5871,8.2845,8.732099999999999,12.041799999999999,8.177399999999999,9.5365,5.3756,6.6343,17.1614,4.2649,6.0923,10.7605,8.719800000000001,9.206999999999999,6.2072,6.416,4.1998999999999995,8.403300000000002,9.701,5.3786000000000005,9.488499999999998,10.567,8.039,6.7452000000000005,3.8937999999999997,4.3949,7.1686,10.8401,7.1246,8.037,11.207799999999999,8.3304,3.9465000000000003,7.184800000000001,6.0114,5.765700000000001,11.7124,13.5201,6.0328,8.552599999999998,8.9765,9.162600000000001,8.2954,5.3225999999999996,8.0475,10.089300000000001,4.7774,7.2213,4.7613,5.4293,9.2302,4.3231,7.3291,8.3737,5.555899999999999,9.569600000000001,8.3264,10.3061,8.797,8.0338,12.192800000000002,9.508400000000002,8.6693,7.1977,6.1164000000000005,8.7858,6.6913,8.5896,8.0591,11.3703,7.0951,5.6765,6.8699,5.411,8.907,4.3274,2.6546000000000003,12.945700000000002,13.045800000000003
2008-04-09,1567.3014999999996,779.7628999999995,787.5386000000002,413.38799999999986,366.3749,395.4527,392.0859,8.1097,9.232500000000002,7.612299999999999,6.7092,9.706900000000001,6.4881,11.4069,7.7558,6.9064,8.6798,13.4391,9.196399999999999,11.3463,9.6693,7.7821,3.6846000000000005,4.295100000000001,10.730599999999999,7.5607,5.8494,8.3916,14.466099999999999,7.223800000000001,6.4596,11.6915,7.745699999999999,10.482,10.103000000000002,10.123000000000001,10.753900000000002,2.8198,3.9997999999999996,6.136100000000001,9.7714,8.6772,9.073500000000001,5.390000000000001,6.2913,3.4317999999999995,6.0797,6.606,13.9991,7.0369,9.3366,15.1835,11.259699999999999,8.6964,6.7766,3.3480999999999996,5.873099999999999,4.7482999999999995,8.9379,8.9593,10.9451,11.5109,8.2074,8.8788,12.2573,5.548,9.770700000000001,5.4072,7.1464,7.851100000000001,5.144299999999999,5.879900000000001,5.873099999999999,5.8285,10.6401,6.7234,8.033900000000001,10.015,4.4401,5.4875,8.7706,6.8184000000000005,3.105,8.2226,5.873099999999999,8.4574,7.767399999999999,8.1554,8.5586,7.4644,8.2516,5.1926,1.9540000000000002,8.5169,3.5106,13.560400000000001,3.6818,4.696199999999999,3.8891,7.7625,6.2303,8.970500000000001,7.708200000000001,4.5419,8.1491,7.3293,11.0028,7.851800000000001,5.2581999999999995,10.1142,9.632100000000001,8.1357,5.0658,3.8161,7.2641,10.924299999999999,5.8808,5.8946000000000005,8.5736,9.528599999999999,10.2163,14.867400000000002,8.0701,6.566700000000001,9.3551,10.303,5.124499999999999,5.9507,8.877,8.3916,8.4146,12.3265,8.3918,9.2265,5.391,5.7416,16.7352,4.5252,7.5175,9.6298,7.8973,9.7898,5.891699999999999,6.149,4.204600000000001,8.348500000000001,9.9231,5.3339,9.098299999999998,10.205,6.0477,5.7134,3.9856999999999996,4.3626000000000005,7.0694,10.7281,7.1426,7.8161000000000005,10.2546,7.8382000000000005,3.1529,7.3384,5.9975000000000005,5.873099999999999,11.3439,8.7532,5.920999999999999,8.3232,7.929500000000001,8.7033,7.8743,5.4648,8.779599999999999,9.9588,4.9062,6.9276,4.9786,5.4969,9.5605,5.0121,7.1701,8.0481,5.4735,9.6417,7.3702000000000005,12.064599999999999,9.785699999999999,8.7228,12.823,9.392800000000001,8.5413,7.1042000000000005,6.4780999999999995,8.761600000000001,6.7714,7.7402999999999995,8.1691,11.093399999999999,7.4894,7.5004,7.0521,5.5878,9.2178,4.460099999999999,2.6299,13.188699999999997,11.6035
2008-04-10,1722.5124000000003,878.3538000000002,844.1586000000001,428.7631,449.5907,429.95399999999984,414.2046000000001,6.2941,5.9546,17.2047,10.7836,11.732199999999999,6.7549,7.6058,8.1364,9.0409,6.338900000000001,10.6845,11.0476,11.6316,8.0577,7.903200000000001,2.6408,4.4891,11.270499999999998,9.0828,6.7227,8.5548,15.5414,4.1292,6.6584,15.2954,7.1893,5.9546,9.407399999999999,6.3813,7.6103,5.1702,7.0929,6.2095,17.0091,9.0472,11.002699999999999,4.4803,6.6183000000000005,7.2122,8.7143,6.806800000000001,13.910700000000002,5.4473,6.5853,16.1448,5.9546,9.5679,7.3759,8.3598,5.9546,10.1782,11.9632,10.4559,11.1575,12.410900000000002,9.790700000000001,8.9601,7.7757,7.7358,7.5126,5.685700000000001,9.7125,8.032,5.4945,7.2864,12.5327,6.2547,18.753700000000002,6.9524,9.5838,12.5043,4.356,5.8306000000000004,9.4646,7.9162,8.5548,4.5356,19.0704,8.8236,8.7572,8.485299999999999,7.2600999999999996,11.2826,9.955400000000001,11.0001,2.261,8.1038,3.7121999999999993,15.4744,4.2902,9.9469,11.988500000000002,8.0234,5.9546,9.2636,10.568,7.0394000000000005,8.4365,7.4683,11.0341,9.5674,11.0286,9.1616,12.8736,7.5949,8.4742,4.0219000000000005,8.5494,10.7066,6.1227,6.020899999999999,8.6267,11.7137,14.740100000000002,16.4488,7.9572,6.5256,11.3277,16.2635,8.225200000000001,6.3894,8.5886,8.5548,10.241,12.3692,8.5565,9.478000000000002,5.4366,6.7661999999999995,6.783600000000001,4.632199999999999,7.5342,10.108099999999999,9.3112,8.952000000000002,17.4006,6.7016,4.6507000000000005,9.417300000000001,7.6884999999999994,5.6817,9.2564,4.2976,6.2385,5.6121,10.579699999999999,4.6314,2.9796000000000005,6.999,8.1674,8.7392,10.7279,7.980700000000001,5.1171,8.698899999999998,6.2533,5.9987,11.4631,6.5651,10.0796,7.2394,9.198,9.118,8.301400000000001,5.9984,25.0051,6.2943,4.206799999999999,7.8572,6.956,5.677300000000001,6.9011,5.2931,8.774799999999999,12.263200000000001,5.6994,4.0586,7.5518,8.2498,5.883900000000001,7.403300000000001,13.964100000000002,7.602399999999999,8.2987,6.861400000000001,8.611899999999999,8.8602,6.8664000000000005,8.128,5.9546,12.2824,7.6019000000000005,5.708,6.9409,8.578700000000001,7.2745,10.6823,2.8011999999999997,14.231300000000001,13.4012
2008-04-11,1776.7037999999995,918.6769999999997,858.0267999999999,475.86370000000005,442.8133000000001,421.0122,437.0146000000001,9.7905,9.3584,7.244,9.0127,11.075599999999998,6.8781,14.1482,13.254100000000001,5.5586,8.8945,6.3886,13.1275,6.9038,8.250599999999999,6.0987,10.7166,6.146800000000001,9.6708,6.3523000000000005,10.2837,7.8096,8.0176,9.0236,12.6807,15.5223,17.496000000000002,10.6491,5.9696,5.659699999999999,8.2842,14.632000000000001,10.509799999999998,6.1137,6.2687,7.3546,6.1524,7.072700000000001,11.3432,10.4546,8.254100000000001,8.675799999999999,10.0145,5.4719999999999995,25.804199999999998,17.760999999999996,6.146800000000001,8.8906,6.9148,8.7685,8.9932,8.2899,10.265500000000001,6.891100000000001,11.945999999999998,8.408,12.551300000000001,10.106200000000001,7.8504000000000005,11.124199999999998,10.7099,6.9458,7.058,8.5875,5.3399,25.9881,8.864,6.0464,6.867799999999999,7.0269,6.2553,10.2628,7.076499999999999,8.838899999999999,6.8751999999999995,9.2214,3.9090999999999996,8.1467,7.8519,7.1743999999999994,7.004700000000001,8.5425,6.334,10.2898,10.0366,6.732199999999999,11.8604,6.7246,13.6704,14.628,9.5154,6.8964,6.146800000000001,10.9122,7.7218,9.5661,8.8418,8.7141,3.8421000000000003,9.040000000000001,9.3143,8.791599999999999,6.146800000000001,8.6912,11.1907,8.835799999999999,4.741099999999999,4.3652,12.006699999999999,6.726100000000001,6.1321,6.2658,10.5921,7.999300000000001,18.5883,8.146,9.4854,8.5632,5.6028,16.627299999999998,2.738,8.9131,8.7012,6.146800000000001,6.146800000000001,11.7702,5.303800000000001,6.8775,9.2151,7.9517,8.1576,7.421900000000001,8.7835,7.963000000000001,11.394100000000002,10.376499999999998,7.0251,8.8701,4.2069,4.5851,11.3581,5.8855,9.9743,8.8074,8.4115,1.9288000000000003,9.2686,16.712699999999998,10.575199999999999,6.695399999999999,9.3492,9.6317,13.5237,12.976400000000002,9.929300000000001,8.6644,7.9976,8.0461,8.9784,7.6132,8.447500000000002,9.2211,8.3054,14.122100000000001,10.5962,8.5359,12.796999999999999,10.1526,9.3819,10.3656,7.2548,5.7561,6.146800000000001,9.0045,9.8324,10.5649,7.7809,4.2395,7.6851,7.8956,6.617799999999999,4.212,11.657499999999999,10.365400000000001,8.840300000000001,6.547499999999999,6.268000000000001,8.7083,4.6205,13.7995,4.162000000000001,12.132,7.1799,6.5667,7.554500000000001,2.8586,10.362300000000001,8.642900000000001,2.8779000000000003,14.2212,13.373099999999999
2008-04-12,1353.1695000000004,707.7901000000004,645.3794000000001,356.5805,351.20959999999985,321.7236000000001,323.6557999999999,6.9437999999999995,7.0639,5.3488,6.719100000000001,8.8132,5.882899999999999,7.4801,11.3072,4.548300000000001,7.386000000000001,3.8971,10.5276,5.1489,6.9007,5.0859,8.0092,4.777,6.9383,4.7219999999999995,6.6489,6.3062,6.1505,6.8926,9.0565,9.3489,7.4445,8.6319,4.2735,4.222099999999999,6.714799999999999,13.212399999999999,6.404700000000001,3.7758999999999996,5.3985,4.9771,5.1426,6.323499999999999,10.2134,5.4695,6.879300000000001,7.8742,7.089700000000001,4.1365,21.3032,12.3519,4.777,8.2216,5.0881,7.2138,7.537200000000001,17.1717,8.7638,5.601,7.129,6.451099999999999,12.0474,6.1845,5.9643,8.303,12.228900000000001,3.6765,5.472099999999999,5.7949,4.1858,20.1258,7.8752,4.6406,4.8361,5.6489,5.4743,7.0383000000000004,2.8784,7.0683,5.7094,8.1174,2.5153,6.257099999999999,6.0661000000000005,6.5611,5.088799999999999,6.3123000000000005,5.6142,8.3793,9.1547,6.164199999999999,6.596399999999999,6.8116,8.9021,7.382300000000001,6.1167,5.8101,4.777,8.159400000000002,5.609,8.675699999999999,7.1705000000000005,6.9428,2.9569,7.1443,7.655,6.906000000000001,4.777,5.3921,8.523499999999999,8.511099999999999,3.7209,4.1651,8.7494,6.2035,5.1577,4.8892,6.2934,6.6628,10.9862,9.284600000000001,6.5226,6.5259,3.8648000000000002,14.0546,2.2606,6.6884,6.2657,4.777,4.777,7.3642,3.6517000000000004,5.970000000000001,7.993899999999999,6.7465,5.2378,6.049799999999999,7.2135,7.293900000000001,7.8539,8.0124,4.5899,6.225300000000001,3.4744,2.9396000000000004,8.8037,4.4815,8.0167,6.2336,6.5238,1.2402000000000002,8.180800000000001,10.882,9.3041,5.240600000000001,6.2406999999999995,9.6128,9.5432,7.2487,2.9955,7.159799999999999,6.087300000000001,7.5131,7.370699999999999,5.482100000000001,6.2788,6.744599999999999,7.3340000000000005,10.0729,7.1433,6.7678,7.4209,7.3628,6.1922999999999995,4.9771,5.736000000000001,4.4378,4.777,9.011800000000001,7.4688,8.0938,7.0348999999999995,2.5221999999999998,5.7201,3.9834,6.0725999999999996,3.3984,6.3594,7.6386,6.3636,5.6129,4.658099999999999,6.3049,3.9380000000000006,9.3567,4.2364999999999995,5.345899999999999,5.585,5.4051,6.1171999999999995,2.1928,9.354099999999999,5.8936,1.7567,11.7125,14.259699999999999
2008-04-13,1112.4600999999993,572.7652999999997,539.6947999999998,292.58819999999986,280.1771,270.9626,268.7322000000001,5.5069,6.2775,4.4841999999999995,5.6909,6.5968,4.8549999999999995,5.5154,9.4914,3.6329000000000002,6.0488,3.1813,9.2795,4.2611,5.8199000000000005,4.7283,6.3656999999999995,4.0254,5.689499999999999,4.2684,5.6640999999999995,4.8401,5.4502,5.8141,7.807200000000001,7.2759,5.8509,7.182200000000001,3.5736999999999997,3.2079999999999997,4.741199999999999,9.378499999999999,5.1486,3.0870999999999995,4.8115000000000006,4.0504999999999995,4.4478,6.754300000000001,7.986,4.384399999999999,5.4474,7.4792000000000005,6.4921,3.6493999999999995,19.4124,7.409199999999999,4.0254,5.695499999999999,4.0415,5.485,6.2759,4.061400000000001,7.839099999999999,4.5312,5.506500000000001,5.5302,7.939699999999999,4.8266,4.741300000000001,7.845599999999999,10.4802,3.0192000000000005,4.5732,4.5684000000000005,3.6583,15.940000000000001,6.5703,3.9793,3.9844999999999997,4.802099999999999,5.106,5.7496,2.2292,5.8447,4.9158,6.910399999999999,2.3295,2.1637,5.2232,5.4153,4.4182,5.1331,5.2908,6.7242999999999995,8.3552,5.3697,5.3516,5.3704,6.9414,5.7928,5.1503,6.9292,4.0254,6.4259,4.4983,7.542699999999999,6.0299000000000005,5.8507,2.8358,5.9267,5.9302,5.882,4.0254,4.8672,8.226700000000001,7.5664,2.8629999999999995,4.0629,8.1906,5.1732,4.8266,3.9463000000000004,4.9567,6.3871,8.6417,6.175,5.6403,5.1492,3.4207,8.5045,2.0176,5.8177,5.1766000000000005,4.0254,4.0254,5.7256,4.0254,4.444000000000001,6.9634,6.0875,4.5295000000000005,5.7943,5.8183,6.805199999999999,6.522499999999999,5.577,3.9444000000000004,5.168900000000001,2.7245999999999997,2.5732,7.4492,3.7948,7.0861,6.533,5.3854999999999995,1.0522,6.8717999999999995,9.205,7.915200000000001,4.3981,4.9997,5.3789,6.8675999999999995,6.5539,2.6785000000000005,6.134,5.0497000000000005,7.0814,5.882999999999999,4.5870999999999995,5.2546,5.256399999999999,6.2895,6.8096000000000005,5.9918000000000005,5.2692,5.8743,6.4358,5.4155,5.5954,4.7239,3.9737,4.0254,5.8964,6.6973,7.9603,7.002599999999999,2.0365,4.4711,3.4387000000000003,5.7702,2.8213,5.2548,6.6126000000000005,5.3038,5.0774,4.1088000000000005,5.745900000000001,3.3465,7.5475,3.6245000000000003,4.5434,4.4889,4.7897,6.1936,2.0874,8.7043,4.7084,1.3968,9.991800000000001,7.9825
2008-04-14,1589.2005,822.8212,766.3793,422.03589999999997,400.78530000000006,382.5857,383.7935999999999,8.4353,8.572,6.6457,9.0881,9.5948,6.5533,8.6591,12.592200000000002,5.3191999999999995,7.7739,4.247400000000001,12.152899999999999,6.1685,7.4990000000000006,7.6646,10.386099999999999,5.5933,7.9179,5.9924,7.008700000000001,6.392099999999999,7.7591,6.997000000000001,11.0081,15.702,12.8248,11.292300000000001,6.337400000000001,5.0479,7.5827,12.6912,7.5648,5.885199999999999,5.891500000000001,7.7989999999999995,4.8927,6.332000000000001,10.6112,6.3309999999999995,7.518,8.395,9.264199999999999,4.8814,23.506,15.171899999999999,5.5933,8.3049,6.166600000000001,7.9293000000000005,8.4989,4.6606000000000005,9.779499999999999,6.0532,8.5908,8.0472,9.9564,9.8951,6.621499999999999,10.242899999999999,10.954,6.4627,6.6190999999999995,7.2332,4.9169,24.090400000000002,7.7213,7.1613,6.0402000000000005,6.8134,6.1983999999999995,8.558399999999999,4.4846,8.2492,6.371700000000001,9.2956,2.7847999999999997,7.5928,7.638,6.1913,6.2573,8.059899999999999,6.2005,9.1442,9.7212,6.7949,7.2825999999999995,7.7894,14.2345,12.1436,9.1811,7.362,5.5933,9.7559,6.7456,9.6208,8.1995,7.933000000000001,3.4593,7.730599999999999,8.351600000000001,7.843,5.5933,9.6528,10.3934,8.209900000000001,4.6375,4.039899999999999,11.1358,5.723800000000001,6.0153,5.1991000000000005,10.9819,7.6867,12.088700000000001,7.9046,7.1775,9.3757,5.3645,9.3522,2.3618,8.401499999999999,9.1859,5.5933,5.5933,10.9536,5.5933,6.1202000000000005,10.8678,7.9404,7.6383,8.5924,8.1773,7.459,10.3697,9.4656,6.314400000000001,7.8733,3.8626,5.0121,10.8351,4.9974,8.3428,7.2974,6.401599999999999,2.2103,9.582,14.356000000000002,9.9842,5.974399999999999,6.8530999999999995,6.8096000000000005,11.756599999999999,11.6343,6.994800000000001,7.9529,7.1563,7.8318,8.453199999999999,6.7085,7.8302000000000005,7.3309,7.3475,11.239,9.6295,7.714500000000001,10.2507,10.0069,9.5964,6.5151,6.0206,5.383,5.5933,9.1581,8.5915,9.889700000000001,7.6348,3.8020000000000005,8.846499999999999,6.3575,6.4673,3.9261000000000004,6.7352,8.8187,8.3839,6.0072,5.8316,8.5348,4.1461,11.662700000000001,4.0958000000000006,10.0307,6.82,6.5675,7.027100000000001,2.5838,10.0286,7.1936,2.4741,11.9247,10.4984
2008-04-15,1681.1677999999995,877.3508999999996,803.8168999999999,446.1143,431.2366,401.6115,402.20540000000017,8.6704,9.374,6.8351,9.0731,9.3885,6.782799999999999,10.011700000000001,12.6129,5.534,9.0227,4.4567000000000005,12.374400000000001,6.5074,7.7602,8.743500000000001,10.3278,5.765700000000001,8.520499999999998,5.908399999999999,7.456,8.3979,8.4039,7.9076,11.447700000000001,15.6217,13.7976,12.052700000000002,6.8896,5.579,7.9537,12.1439,7.8847,6.0039,6.164,6.2908,5.872400000000001,8.727699999999999,10.243500000000001,6.7516,8.4648,8.449100000000001,10.0075,5.0597,23.822699999999998,17.2536,5.765700000000001,10.3976,6.672,8.2717,8.6902,12.0784,11.1939,6.2499,11.258,8.276500000000002,10.9711,10.506699999999999,6.7543999999999995,10.6455,11.4934,7.4071,6.8407,8.2274,5.0301,25.86,8.0145,5.7501999999999995,6.849400000000001,6.6429,6.0687,8.9999,4.5469,8.502099999999999,7.5386,8.9978,2.7823,8.593399999999999,7.7407,6.4583,6.434099999999999,8.2846,6.5695,8.852599999999999,10.549900000000001,7.447100000000001,7.356099999999999,9.0822,14.249499999999998,14.0217,9.4749,6.9265,5.765700000000001,11.0391,7.1025,9.8404,8.3201,8.2845,3.4833000000000003,8.7424,9.1311,7.9934,5.765700000000001,10.108699999999999,10.7091,8.565100000000001,4.6286000000000005,3.6776999999999997,11.2795,5.5129,6.322900000000001,5.4811,11.4011,7.8678,12.7423,8.348199999999999,8.8149,8.7742,5.4749,11.137599999999999,2.4516999999999998,8.4167,9.4356,5.765700000000001,5.765700000000001,11.8815,4.771700000000001,8.2574,11.589400000000001,7.6951,7.8508000000000004,6.9944999999999995,9.6103,7.3466000000000005,10.8529,10.178,6.7044,8.744299999999999,4.303,6.5832,11.1824,5.2881,9.4743,7.0555,6.5817,1.8154,10.3702,15.6496,9.9519,7.3557,7.0825,7.776,9.938400000000001,11.6903,11.0878,8.389999999999999,8.0745,7.7595,8.443100000000001,7.0171,8.0415,7.4489,8.650099999999998,11.939699999999998,10.6594,7.3996,12.2973,10.684000000000001,9.783,6.9663,6.0345,5.4689,5.765700000000001,9.2314,9.604800000000001,9.860499999999998,7.6233,4.2281,7.0710999999999995,5.578200000000001,6.4815000000000005,5.3472,7.1952,9.1091,8.8052,6.157699999999999,5.8088999999999995,8.5854,4.3201,13.1441,4.5369,9.8315,7.4075,6.4066,6.9167000000000005,2.5052,10.0724,8.1053,2.5236,12.3459,12.0864
2008-04-16,1706.6868000000009,889.3566000000006,817.3302000000003,449.34310000000005,440.01349999999996,409.5422000000002,407.78800000000007,9.0928,9.6634,6.7859,9.2165,8.661100000000001,6.8184,9.1601,12.8469,7.127000000000001,9.7768,4.514900000000001,12.8211,6.4051,7.9238,9.4485,10.9969,5.873099999999999,8.915899999999999,6.0081,7.726,6.8683,7.531599999999999,7.8644,12.969899999999999,14.861,13.495899999999999,11.3356,6.409800000000001,5.738199999999999,8.1219,12.6384,7.986699999999999,6.160699999999999,6.275200000000001,6.9658999999999995,5.9147,6.9002,10.7975,6.821899999999999,8.4229,8.6329,10.723700000000001,4.934699999999999,24.175,15.7464,5.873099999999999,10.282399999999999,6.5873,9.7543,8.770299999999999,10.3215,11.6702,7.982799999999999,10.264,9.3135,10.3169,9.4123,7.299200000000001,10.974599999999999,11.5479,7.7326,6.8658,9.993500000000001,5.299899999999999,24.2418,8.1884,6.1371,7.1592,6.7116999999999996,6.1126000000000005,9.5694,4.435,8.4708,9.666900000000002,9.2283,2.8106,8.2092,7.7607,6.4298,6.4994,8.318000000000001,9.2241,9.0892,10.8764,7.273199999999999,7.586500000000001,8.705,13.0939,14.586000000000002,10.183799999999998,6.8327,5.873099999999999,12.025200000000002,7.271800000000001,9.621099999999998,8.3051,8.3916,3.5128,9.4627,9.1557,8.2806,5.873099999999999,10.197799999999999,11.0487,8.5993,4.4678,3.793,11.411800000000001,6.1583000000000006,6.3254,5.395,9.718699999999998,8.03,10.2163,8.5166,8.7578,8.8583,5.3095,13.878900000000002,2.4848999999999997,8.462900000000001,9.624200000000002,5.873099999999999,5.873099999999999,10.6084,5.4131,10.273900000000001,11.1815,7.7244,8.290500000000002,7.3074,9.9468,7.494800000000001,11.372,10.5366,8.3768,8.0627,4.0196000000000005,4.5977,11.3955,5.293,11.060400000000001,7.1274,6.835100000000001,2.1779,9.771799999999999,16.306800000000003,10.108899999999998,7.5059000000000005,9.598199999999999,7.926200000000001,11.3593,12.337900000000001,10.3793,8.7931,8.3308,7.8740000000000006,9.2104,7.096,8.3092,8.976299999999998,7.6202,12.314,11.629100000000001,7.7067,11.215900000000001,9.8063,9.8089,6.2838,6.1867,5.5086,5.873099999999999,8.6106,8.925,10.345400000000001,7.6688,4.268400000000001,7.3176000000000005,6.399100000000001,6.509399999999999,5.2617,7.647,9.8967,8.7927,7.7102,5.9097,8.8884,4.2139,13.4164,4.087400000000001,10.6603,6.993,6.3953,6.9097,2.4748,9.5551,7.6448,2.6202,12.387500000000001,11.7331
2008-04-17,1751.2481,919.8628999999999,831.3852000000002,465.50260000000003,454.36029999999994,415.01500000000004,416.37020000000007,8.9824,9.8628,7.078,9.1857,10.0346,6.910899999999999,9.046800000000001,13.1974,5.6579999999999995,8.8231,4.6366,16.898799999999998,6.7503,8.2457,10.575,11.1693,5.9546,8.9464,6.0138,8.0562,7.3097,8.1953,8.4159,11.8958,17.0982,15.4701,11.8512,6.3186,5.3919,8.7152,12.9513,8.240599999999999,5.9983,6.258100000000001,7.248900000000001,5.834300000000001,11.1602,11.2704,7.017799999999999,8.0303,8.6963,10.098,4.962400000000001,24.5333,16.9005,5.9546,9.2148,6.762899999999999,8.7556,8.925699999999999,9.191500000000001,11.8733,7.034699999999999,9.9177,13.3879,12.2096,8.9809,7.630599999999999,10.9832,11.387,7.7231000000000005,6.913,8.4663,5.3512,25.6233,8.2575,6.049799999999999,7.3157,6.9556,6.1586,9.7733,6.3149,8.7269,9.9564,9.7989,2.7645,8.310399999999998,7.8193,6.7235,6.6358,8.5372,11.0852,9.440999999999999,10.9528,6.7935,9.7767,6.9522,15.127299999999998,14.441899999999999,14.255,6.789,5.9546,9.882200000000001,7.5081999999999995,9.9736,8.518699999999999,8.5548,3.5586,8.791699999999999,9.2317,8.5631,5.9546,8.966899999999999,11.1081,8.732499999999998,4.5222999999999995,3.9530000000000003,12.3493,6.1647,6.5187,5.8492999999999995,9.284600000000001,8.068,8.5548,8.623099999999999,9.155100000000001,10.3361,5.6929,16.946399999999997,2.5583,8.800899999999999,9.3514,5.9546,5.9546,10.1878,5.7682,9.7052,11.398,7.8385,7.9085,8.844100000000001,9.9772,7.6632,10.8526,10.927699999999998,7.3919,8.7085,4.65,4.5839,11.702100000000002,5.5583,9.605,7.6994,6.9191,2.5833,10.108,16.552300000000002,10.246100000000002,7.6179,8.0549,8.707799999999999,11.6617,14.0427,9.1651,8.8592,8.3292,7.8886,8.544599999999999,7.3679,8.312,8.5929,7.774699999999999,13.131899999999998,10.6878,8.366,10.544,9.443,9.682500000000001,6.5552,6.6229000000000005,5.812200000000001,5.9546,9.0003,8.6738,10.7757,7.627699999999999,4.2536000000000005,7.6145,6.8543,6.536,5.3609,9.8383,9.843800000000002,8.7305,6.2737,5.885400000000001,8.621,4.3828,12.0247,4.0733,12.2058,7.4438,6.4697,6.9818999999999996,2.6064000000000003,10.037500000000001,8.8475,2.7,13.114,13.546800000000001
2008-04-18,1771.0815,920.9740000000003,850.1074999999997,470.34329999999994,450.63069999999993,417.17929999999984,432.92820000000006,9.2468,9.882200000000001,7.759600000000001,9.2333,10.74,7.2906,14.9626,14.311,5.603,9.9605,4.9468,13.2118,6.8474,8.1202,6.3059,11.9662,6.146800000000001,8.6866,6.2635000000000005,11.517599999999998,7.1597,7.6235,8.6445,11.4631,18.5667,14.2701,13.811499999999999,5.65,6.0813,8.2683,13.6857,8.5506,6.1407,6.2475,6.2066,5.1552,7.608200000000001,13.121500000000001,7.3003,9.0212,8.747499999999999,9.6555,5.236800000000001,24.9364,15.0321,6.146800000000001,8.8339,6.5081999999999995,8.687800000000001,8.979700000000001,5.5733,10.520900000000001,9.777000000000001,11.4468,8.101600000000001,10.248899999999999,10.440100000000001,7.8368,10.9519,11.4053,7.1789,6.991,8.3319,5.481,23.6891,9.024000000000001,6.1652000000000005,6.8453,7.165699999999999,6.3055,10.2628,4.4353,8.9508,9.8173,9.375,2.9711,7.8612,7.9337,6.9412,7.988,8.5891,6.394499999999999,9.5696,10.2942,7.2882,10.3964,8.842199999999998,16.223,19.175800000000002,8.6662,6.9918000000000005,6.146800000000001,14.3398,7.559000000000001,9.630700000000001,8.7208,8.7141,3.7247000000000003,9.901,9.446200000000001,8.5774,6.146800000000001,9.1328,11.1599,8.975999999999999,4.7994,4.379,11.6076,6.052099999999999,6.418,5.8726,10.9089,8.1829,8.7141,7.8889,12.1309,8.2301,5.539,16.8112,2.5478,8.796800000000001,8.5974,6.146800000000001,6.146800000000001,11.735899999999999,5.4604,7.5031,9.6448,8.0016,8.1152,10.0115,9.888300000000001,8.0696,10.505,10.5594,6.8934,9.104700000000001,4.0348999999999995,4.6846,11.778,5.7073,9.2395,8.1585,9.413900000000002,2.7695,10.928999999999998,15.7152,10.483799999999999,6.6381,8.3709,9.720500000000001,11.4378,11.3284,5.9977,20.1495,7.9719,8.005700000000001,8.5748,7.418499999999999,8.4464,10.1051,7.6647,13.114700000000001,10.094000000000001,7.9064000000000005,12.241499999999998,10.2273,10.3011,6.8062000000000005,7.2871,5.776,6.146800000000001,9.835,8.142900000000001,10.403400000000001,5.9984,4.2351,7.734500000000001,6.1892,6.6372,6.1317,9.9102,11.1537,9.9667,6.6967,6.1613,8.640699999999999,4.5303,13.5584,4.6254,9.5734,7.889200000000001,6.4432,7.5825000000000005,2.7527999999999997,10.2628,11.985199999999999,2.681,13.3705,13.1147
2008-04-19,1320.2158000000004,691.7356000000002,628.4802000000001,344.3579,347.37769999999995,320.1217,308.3585,6.984999999999999,6.877000000000001,5.093,6.733899999999999,8.2757,6.0053,8.3846,10.105500000000001,4.5316,7.2178,3.8727,9.6585,5.2459999999999996,6.8112,5.1869,7.9087,4.777,6.7483,4.8669,6.923400000000001,5.6519,5.7886,6.6005,8.807500000000001,9.0383,6.983999999999999,9.2551,4.3337,4.1518,5.8719,10.9333,6.568700000000001,3.8682999999999996,4.9542,5.1175,4.7279,7.1763,9.345699999999999,5.6088,6.725200000000001,7.3449,7.277000000000001,4.0962,21.0369,11.049199999999999,4.777,6.4199,4.382199999999999,6.971299999999999,7.2851,4.494400000000001,8.7846,5.504300000000001,7.098800000000001,6.241999999999999,8.9875,6.1904,5.7188,8.1815,10.0317,3.6896,5.2219,7.785300000000001,3.9595999999999996,17.6739,7.803699999999999,5.027699999999999,4.936400000000001,5.4636,5.5028,7.0383000000000004,2.6804,6.7495,8.236,7.6076,2.3916,5.9422,6.0116000000000005,5.988100000000001,4.9447,6.2948,5.4733,7.3404,27.355,6.1405,6.6107,6.1948,8.6295,7.1667000000000005,5.849,5.947,4.777,8.0729,5.7166,8.3245,6.9732,6.9428,3.0623000000000005,7.117100000000001,7.501099999999999,6.8739,4.777,6.8137,8.2118,7.7356,3.5347000000000004,4.149699999999999,8.5845,4.982,5.3255,5.449199999999999,6.3401,6.3414,6.9428,6.913,6.3315,6.2898,3.896,13.8144,2.3132,6.7351,6.432300000000001,4.777,4.777,7.374199999999999,4.127800000000001,5.5968,8.060300000000002,6.3954,5.1728000000000005,12.620499999999998,6.7254000000000005,7.300799999999999,7.720700000000001,6.8461,4.5274,6.2127,3.349,3.5845,8.6268,4.3233,9.3354,6.4009,6.7453,2.399,7.9738999999999995,10.3765,8.472100000000001,5.3272,6.185699999999999,7.7932999999999995,8.0914,7.0929,3.045,6.076700000000001,6.1965,7.1099,7.2584,5.5924,6.3326,6.4184,6.811399999999999,8.952800000000002,7.540700000000001,6.6995,7.586400000000001,7.2317,6.725099999999999,5.013,5.5069,4.659800000000001,4.777,7.754899999999999,7.217300000000002,7.9323999999999995,6.0849,2.6035999999999997,5.7858,3.8973,6.1172,3.3224,6.3948,7.507300000000001,6.3156,5.520199999999999,4.799899999999999,6.0564,3.7638999999999996,9.1076,4.8355,5.3899,5.4454,5.5593,6.5508,2.0972999999999997,7.0383000000000004,5.6494,1.6071,10.6243,10.867899999999999
2008-04-20,1047.899,541.5752999999999,506.3236999999999,278.5664,263.0088999999999,248.6146,257.70909999999986,5.511799999999999,6.1877,4.349600000000001,5.2509,6.7663,4.8599,5.3608,5.8507,3.6205000000000003,6.0538,3.0743,6.0215,4.3821,5.6788,4.6385,6.431000000000001,4.0254,5.3727,4.3866000000000005,5.8507,4.7818,5.3624,5.8139,5.8626,7.317900000000001,5.7939,8.6359,3.7520000000000002,3.3319,4.6976,9.446000000000002,5.312200000000001,3.1522,4.0254,4.017900000000001,3.7748,6.8474,7.7919,4.5034,5.4092,4.0254,7.8643,3.616,19.145400000000002,7.3589,4.0254,4.0014,3.8339000000000003,5.5411,5.8507,4.065300000000001,7.787,4.5888,5.6598,5.2657,8.0462,4.908399999999999,4.786199999999999,7.603399999999999,6.21,3.0302,4.257,4.6916,3.592,7.7357,6.3777,3.9637000000000002,3.9757000000000002,4.6864,5.0034,5.7496,2.2212,5.718500000000001,4.7726,6.9003000000000005,2.2599,2.0231,5.346299999999999,5.2788,4.2758,5.2678,5.1112,6.3698999999999995,5.8507,5.8507,5.441,4.922000000000001,7.0687,5.8639,5.0282,6.1702,4.0254,6.3857,4.6883,7.6357,5.892399999999999,5.8507,2.9019,5.9064,5.9978,7.7155,4.0254,5.61,5.8507,4.0254,2.9344,4.0571,7.9258,4.8841,4.7652,3.8995,5.0998,5.1457999999999995,5.8507,6.2875000000000005,5.186400000000001,5.1308,3.6593999999999993,4.0254,1.9629999999999996,5.831599999999999,5.3405,4.0254,4.0254,5.8793999999999995,4.0254,4.5236,7.8643,4.0254,4.496700000000001,6.0063,5.8507,5.186400000000001,6.2686,5.5335,3.8973999999999998,5.4510000000000005,2.4784,1.9598999999999998,7.2517000000000005,3.8373,5.8507,6.015000000000001,5.4583,1.5608,6.7912,6.156899999999999,5.7496,4.3315,4.8998,5.2453,7.0737000000000005,5.186400000000001,2.6860999999999997,5.043699999999999,4.9569,4.2946,5.909,4.7061,5.3755,5.1803,5.8507,6.7799000000000005,5.961599999999999,5.8507,5.9846,6.192,5.7371,5.055700000000001,4.7969,3.9459999999999997,4.0254,6.0295,6.4460999999999995,6.6771,5.8507,1.9948000000000001,4.4731,3.6795,5.7496,2.7823,5.889500000000001,6.31,5.3697,4.0254,4.2415,4.0254,3.2681999999999998,7.5013000000000005,4.027,4.4912,4.4902,5.8507,6.901999999999999,2.0132000000000003,5.7496,4.7395000000000005,1.3999,9.8508,8.043099999999999
2008-04-21,1557.7966000000001,811.2961,746.5005000000001,416.70730000000003,394.58879999999994,367.87510000000015,378.62539999999996,8.278300000000002,9.925999999999998,6.6266,8.6743,8.1906,6.4137,8.0358,11.8905,5.2393,8.309000000000001,4.7012,13.3465,6.3302,7.1922999999999995,8.4165,10.9692,5.5933,7.9018000000000015,5.8331,6.9008,6.446400000000001,7.4896,6.759399999999999,10.5896,13.001000000000001,12.206600000000002,8.3303,6.4435,5.5123,7.9744,11.879299999999999,8.1293,5.9831,5.6738,6.4557,5.564,7.1648,10.5867,6.8696,7.509099999999999,7.415000000000001,9.4474,4.7876,23.7121,15.785100000000002,5.5933,7.9628,6.2895,8.2796,8.0974,4.6775,10.1166,5.9452,8.4253,9.967600000000001,9.6592,7.8439000000000005,6.5953,10.0975,9.2401,6.968600000000001,6.545,7.953099999999999,5.0367,22.3997,7.575900000000001,5.443899999999999,6.8439,6.3168,5.7862,8.558399999999999,4.3833,8.7378,8.446200000000001,9.7267,2.7140999999999997,7.5369,8.7575,6.1591,6.9025,8.2546,6.1965,8.3424,9.3946,6.435700000000001,7.365399999999999,8.199,11.5842,10.8092,9.2312,6.6797,5.5933,9.4008,6.8017,8.8207,8.1475,7.933000000000001,3.4783,8.2453,8.3152,7.3207,5.5933,9.8995,10.0677,7.704999999999999,4.621,3.8982,10.7893,5.6906,6.063,5.4886,8.1507,7.359500000000001,7.933000000000001,8.5191,6.4003,8.715399999999999,5.2911,7.8701,2.4006,8.0532,9.2699,5.5933,5.5933,9.1005,5.5933,6.9315,9.6504,7.0019,7.770199999999999,6.7438,8.6672,6.4947,9.444600000000001,9.999600000000001,6.3722,7.956099999999999,3.6149,5.771100000000001,11.1674,5.049300000000001,9.2333,7.8696,6.272100000000001,2.6549,7.3996,12.6489,12.855,6.6883,6.638300000000001,8.1735,10.514199999999999,12.206499999999998,9.806799999999999,7.294799999999999,7.781599999999999,7.2032,7.9140999999999995,6.9167,7.8665,7.5762,6.7585,10.779699999999998,9.8625,8.5467,9.1342,8.575899999999999,9.146899999999999,6.5562000000000005,6.093500000000001,5.4054,5.5933,9.764199999999999,8.1615,9.0985,5.7407,3.9139999999999997,6.805999999999999,5.1433,5.8019,5.1394,7.1001,8.328899999999999,8.4228,5.514100000000001,5.6701,7.7148,4.2744,11.9849,3.7497000000000003,10.8981,6.4597999999999995,5.7298,7.0941,2.5461,9.5415,8.085799999999999,2.4373,12.124600000000001,11.6721
2008-04-22,1651.4366,858.1755000000002,793.2610999999999,439.04079999999993,419.1346999999999,388.96699999999987,404.29409999999984,8.631800000000002,9.575800000000001,6.908899999999999,9.124500000000001,8.6433,6.5923,10.3993,12.542300000000001,5.8004,9.014599999999998,4.3895,12.312500000000002,6.3557,7.5153,8.677399999999999,10.024799999999999,5.765700000000001,8.6152,6.4607,7.0427,8.9217,8.2918,7.0227,10.8126,12.8261,14.316899999999999,11.271399999999998,6.240399999999999,5.4053,8.0671,11.9938,7.781000000000001,6.1353,5.979,7.3864,5.9877,6.895100000000001,10.4723,6.5835,7.8357,8.5887,9.7482,4.8329,23.954700000000003,15.168600000000001,5.765700000000001,10.052800000000001,7.077999999999999,10.5123,8.7204,11.515399999999998,10.0622,6.3216,9.4967,8.1928,10.5799,8.7625,6.8483,10.217600000000001,9.581400000000002,7.325399999999999,7.5176,8.2135,5.3535,23.9599,7.8514,6.9133,7.1191,6.4777000000000005,6.045,8.9999,4.463699999999999,8.3515,9.4978,9.017999999999999,2.7068,8.1123,7.482799999999999,6.2124,6.4533000000000005,8.2012,7.1097,8.5399,9.7688,6.843299999999999,7.2616000000000005,8.787600000000001,11.2336,14.169400000000001,10.3187,6.6685,5.765700000000001,10.5402,6.9152,9.529399999999999,8.1829,8.2845,3.5198,8.8647,8.976700000000001,8.064900000000002,5.765700000000001,9.6286,10.4613,8.5224,4.347300000000001,3.6713,10.7808,5.8468,6.3903,5.8152,9.290299999999998,7.8394,8.2845,8.2903,8.420299999999997,8.0563,5.5212,10.327100000000002,2.3895,8.573599999999999,9.0983,5.765700000000001,5.765700000000001,9.7326,4.771700000000001,7.9404,11.6897,7.7618,7.7704,7.0988999999999995,10.113900000000001,7.4076,11.624299999999998,10.302299999999999,7.183000000000001,8.2487,4.2164,4.6692,10.7524,5.1029,9.4433,7.3469999999999995,6.462199999999999,3.4418,9.6028,15.2517,9.839699999999999,7.315300000000001,6.9602,8.7482,10.6814,12.773100000000001,10.7121,7.3461,8.3035,7.8207,8.2853,7.009,8.0846,7.7552,8.995000000000001,11.6256,10.226099999999999,8.8309,10.2854,9.280800000000001,10.2836,6.430400000000001,6.052099999999999,5.446,5.765700000000001,9.2789,8.243099999999998,9.424900000000001,6.01,4.3049,7.1744,9.8384,6.5672999999999995,6.0985,6.668,9.2514,8.6858,6.1182,6.3277,8.8024,4.2123,12.9002,3.933,10.861500000000001,7.1617999999999995,6.2256,6.7424,2.5261000000000005,9.5177,8.0551,2.506,12.5796,13.5381
2008-04-23,1661.5391000000002,868.4581000000002,793.081,445.9194000000001,422.53869999999995,398.9665,394.1145,9.508799999999999,9.1584,6.8161,9.368300000000001,10.9833,6.724599999999999,9.456,14.212200000000001,5.387099999999999,9.0644,4.8162,13.458000000000002,6.5529,7.489800000000001,8.6704,10.8568,5.873099999999999,7.9932,6.008900000000001,7.053800000000001,6.5752999999999995,11.0513,7.593800000000001,11.3676,12.5286,12.7458,10.4967,6.0845,5.1868,8.0325,13.5599,8.3249,6.2023,6.0863000000000005,6.8610999999999995,5.8916,6.9343,12.2842,7.1164,7.7982,8.596900000000002,10.0197,4.8136,24.6494,15.005299999999998,5.873099999999999,9.604400000000002,7.3645,9.069500000000001,8.7486,8.5546,11.2292,6.924799999999999,10.0229,8.2834,11.1841,9.186,6.7935,10.4893,9.4758,8.0705,6.797499999999999,8.6657,5.2065,23.7656,7.8871,5.742100000000001,6.943600000000001,6.663600000000001,6.0355,9.5694,4.4794,8.3763,9.6116,10.1704,2.7714,8.1761,8.0906,6.5315,6.477800000000001,8.2801,7.9897,8.8445,10.5399,7.5708,7.4899,9.190100000000001,11.5785,11.430700000000002,9.3145,6.6807,5.873099999999999,10.562999999999999,8.183899999999998,8.7608,8.3155,8.3916,3.548,8.8472,8.9704,8.0719,5.873099999999999,9.725999999999999,10.7361,8.5585,4.4039,4.1398,11.1483,5.4666999999999994,6.5096,5.7584,9.4619,7.6408000000000005,8.3916,7.3354,7.129,8.9556,5.377700000000001,14.055399999999999,2.4482000000000004,8.662299999999998,9.1004,5.873099999999999,5.873099999999999,10.713899999999999,5.378500000000001,9.8554,11.4906,7.6533,7.984999999999999,7.591,9.4203,7.481199999999999,10.841899999999999,10.4402,7.8169,9.4357,3.9829,4.3366,11.3405,5.5854,10.193800000000001,7.172600000000001,6.617799999999999,3.3229,8.8427,14.1064,10.3457,7.5306999999999995,8.7878,6.7811,11.542,11.6084,10.4361,3.6853000000000002,8.5339,7.7108,8.0169,6.9988,8.8235,8.5896,7.489700000000001,12.452399999999999,10.757499999999999,8.9363,10.5968,9.940299999999999,6.504899999999999,6.8137,6.1705000000000005,5.501099999999999,5.873099999999999,11.5059,8.505199999999999,9.693000000000001,5.9135,3.9273000000000002,7.2713,6.682300000000001,6.5855,5.1869,7.096699999999999,9.3651,8.6185,6.1701,5.787599999999999,8.8463,4.7973,12.510100000000001,3.9795,10.1958,7.0907,6.3145,6.7951999999999995,2.5195,10.0571,7.6012,2.5807,14.3528,10.4022
2008-04-24,1721.3535000000002,894.0974999999999,827.2560000000002,460.0648,434.03270000000015,414.47869999999995,412.7772999999999,8.9561,9.2678,6.9872,9.284500000000001,9.0928,6.8954,8.9927,14.796700000000001,6.0336,8.984300000000001,4.7366,13.8222,6.627,7.9062,9.5311,11.2847,5.9546,9.4085,6.0165999999999995,8.043600000000001,6.8697,8.012599999999999,8.3573,11.9135,14.0188,14.1699,12.072299999999998,7.1772,5.598199999999999,8.4147,12.4571,8.8828,6.234,6.26,7.4536999999999995,5.764,7.853299999999999,13.0488,7.1015,7.9974,8.6427,10.701,5.044499999999999,25.9143,16.6953,5.9546,9.623,7.4052,8.8995,8.9057,4.8398,13.686200000000001,6.546900000000001,11.0575,9.433900000000001,7.1723,10.323600000000003,7.213,10.765899999999998,9.1868,8.540099999999999,7.0198,9.020299999999999,5.3141,25.2818,8.2187,6.3179,7.0645999999999995,6.8091,6.021699999999999,9.7733,5.0403,8.601099999999999,9.6765,9.550699999999999,2.7781000000000002,8.4389,7.7492,6.6915,6.5511,8.3322,7.2831,9.0114,12.0526,7.522,7.866300000000001,9.500800000000002,12.8355,13.446100000000001,11.5769,6.7487,5.9546,10.8521,7.7338000000000005,9.5975,8.5396,8.5548,3.6115,8.9683,9.3602,8.300699999999999,5.9546,10.1197,10.976600000000001,8.474,4.397,3.8971999999999998,11.6589,5.9297,6.1829,5.7806,10.861699999999999,8.075700000000001,8.5548,8.6306,8.5091,8.2915,5.4614,12.439900000000002,2.6010999999999997,8.976700000000001,10.8165,5.9546,5.9546,11.4815,5.4773,8.7259,10.6351,7.7265,9.601700000000001,8.7133,9.7182,7.659700000000001,12.086500000000001,10.613800000000001,10.8581,8.459900000000001,4.1969,4.6843,11.7152,5.5041,10.360800000000001,7.1724,6.8458,2.6413,10.567,15.0122,9.9684,7.4426,9.8101,8.3683,11.0627,12.3675,10.124500000000001,7.2991,8.052700000000002,7.9125,8.656400000000001,7.2736,8.2057,8.9265,7.6518,13.621400000000001,10.9048,9.6907,11.836,10.283999999999999,9.754999999999999,7.4386,6.3976,5.6531,5.9546,9.282900000000001,8.7644,10.1253,5.7054,4.3107,7.6378,6.1056,6.6831000000000005,6.2272,8.297,9.5014,8.7196,6.4004,5.9308,8.8205,4.2137,13.4429,4.452999999999999,10.671700000000001,7.7104,6.449299999999999,6.943,2.635,10.219,7.8673,2.7184,12.8823,12.6221
2008-04-25,1774.6487000000002,924.0629000000002,850.5858,475.8894000000001,448.1735,420.018,430.5678,9.2623,11.56,8.2393,8.9607,11.093900000000001,7.349399999999999,14.0657,14.9167,5.5923,8.612200000000001,4.872199999999999,13.119399999999999,6.839700000000001,8.3555,6.3479,11.335899999999999,6.146800000000001,9.703600000000002,6.3043,10.0147,7.603200000000001,7.7271,9.3992,11.613199999999999,13.8805,16.7533,10.8486,6.0991,5.3362,8.5336,13.282399999999999,8.458400000000001,6.194599999999999,6.473800000000001,7.3018,6.5706,7.3861,14.039100000000001,7.1084,8.7963,8.9245,10.828,5.185,24.847900000000003,19.6664,6.146800000000001,9.357800000000001,7.0606,8.7994,8.975000000000001,7.3896,10.4123,8.427,11.367,8.3132,13.9022,9.3199,7.5791,11.033000000000001,11.8776,7.9382,6.984500000000001,8.683800000000002,5.2902000000000005,27.3147,8.7921,6.5331,6.4635,7.08,6.249600000000001,10.2628,4.5763,8.812100000000001,9.9062,9.2111,3.0782999999999996,8.3687,7.8794,7.155799999999999,8.2494,8.3778,6.462899999999999,9.552,10.150099999999998,10.1902,10.3016,7.3658,12.9507,14.687100000000001,9.4484,6.9875,6.146800000000001,10.5153,7.548500000000001,9.6879,8.7911,8.7141,3.7192000000000003,8.695,9.4308,8.558900000000001,6.146800000000001,9.200700000000001,11.1692,8.9146,4.6302,4.350300000000001,12.165799999999999,5.8052,6.4145,5.7801,9.5301,7.8331,8.7141,9.7813,9.9787,8.2742,5.4384,16.7378,2.6218000000000004,8.8598,8.866200000000001,6.146800000000001,6.146800000000001,10.9723,5.2933,7.0954,9.526699999999998,7.9754000000000005,9.7954,17.070700000000002,8.8534,7.9779,12.1923,10.941799999999999,6.8195,8.6449,4.3158,4.6850000000000005,11.7188,5.835,7.9022,7.5594,8.319600000000001,2.5380000000000003,9.6248,16.377200000000002,10.2718,6.4206,9.2254,9.145,11.793600000000001,15.469899999999999,8.9368,7.1431000000000004,7.6548,8.0273,8.9265,7.4270000000000005,8.2664,9.6271,8.1734,13.846499999999999,10.500900000000001,10.327200000000001,11.839,9.8629,9.0344,8.8946,7.133600000000001,5.7553,6.146800000000001,9.3168,8.3534,10.4335,6.5219000000000005,4.219099999999999,7.9166,5.4009,6.758,4.8977,9.9464,10.5033,8.985399999999998,6.5922,6.0206,8.7251,4.4742999999999995,12.9496,4.4824,13.668099999999999,7.460500000000001,6.467600000000001,7.4072000000000005,2.8473999999999995,10.0534,8.7176,2.8641,14.639000000000001,16.0136
2008-04-26,1287.2230000000002,673.0393000000004,614.1836999999998,341.3321,331.70720000000006,307.7041,306.4796,6.846,6.5869,5.1334,6.621,8.3065,5.9798,6.8763,11.531099999999999,4.4699,7.160900000000001,3.8579,10.4666,5.0882000000000005,6.803599999999999,5.1014,7.5427,4.777,6.5989,4.7386,6.560200000000001,5.594200000000001,6.0289,6.7421999999999995,8.8712,8.314599999999999,6.837899999999999,8.454699999999999,4.2148,4.0862,5.8887,9.6545,6.283900000000001,3.7317,5.1996,5.1432,4.8299,6.6205,10.409200000000002,5.4277,6.5113,7.714,7.1099000000000006,4.130599999999999,21.582099999999997,9.9619,4.777,7.513400000000001,4.6934000000000005,6.843000000000001,7.115,4.7148,8.894,5.454,7.610600000000001,6.3457,10.133600000000001,6.0293,5.713,8.0553,10.2296,3.6559999999999997,5.227500000000001,7.5546,3.9347000000000003,18.1455,7.7201,4.9879999999999995,4.8595,5.5924000000000005,5.341799999999999,7.0383000000000004,2.6834,7.0522,8.8882,7.718500000000001,2.4436999999999998,6.2915,5.8881,6.2066,4.9428,6.071400000000001,5.5874999999999995,7.669300000000001,9.4192,7.7015,6.3346,4.9014999999999995,8.058599999999998,7.2528999999999995,5.8878,5.8058,4.777,7.861700000000001,5.5779,8.422,7.0874,6.9428,2.9161,6.9874,7.0915,6.707199999999999,4.777,6.2591,8.267299999999999,8.483799999999999,3.6754,3.9238,8.575199999999999,4.714700000000001,5.1843,4.7626,6.1745,6.1724,6.9428,6.9525999999999994,6.5128,6.238300000000001,3.6732000000000005,15.183200000000001,2.4714,6.6456,6.2694,4.777,4.777,7.2145,3.7908999999999997,5.4909,7.692,6.7247,5.2861,5.7516,6.7841000000000005,7.2421,7.712899999999999,6.9206,4.644299999999999,6.149800000000001,3.2596,2.9529999999999994,8.5709,4.4428,6.3351,6.373399999999999,6.385699999999998,2.4734,8.155999999999999,9.486,8.3383,5.271,6.133800000000001,5.8084999999999996,7.379900000000001,7.2771,3.0717,5.658799999999999,6.1104,7.4224,7.1579,5.4879999999999995,6.1480999999999995,6.7385,6.739000000000001,8.8112,8.914000000000001,6.8906,8.0022,7.3175,6.9572,4.8972999999999995,5.6374,5.3402,4.777,6.8828,7.3904,7.9776,5.2157,2.5595999999999997,5.7652,3.6843000000000004,6.161,3.4165,6.1579,7.5177000000000005,6.271,5.5831,4.691599999999999,6.239,3.9083000000000006,9.0428,4.7311,5.3802,5.2783999999999995,5.3504,5.9296999999999995,2.1677,9.1316,5.6849,1.6928,11.200399999999998,8.923
2008-04-27,1141.7006000000001,592.9017000000001,548.7989,301.2086,291.69309999999996,276.55889999999994,272.23999999999995,5.5532,6.2219999999999995,4.5759,5.9011000000000005,6.7941,5.084,5.6608,9.5119,3.811,6.035399999999999,3.4276,9.5154,4.4269,5.9513,4.8259,6.409600000000001,4.0254,5.4287,4.4030000000000005,5.6005,4.885,5.9451,5.9661,7.7860000000000005,7.2031,6.0167,11.8596,3.8139000000000003,3.2682,4.9091,9.9639,5.2684999999999995,3.1839999999999997,4.9602,4.2348,4.612299999999999,5.839,7.694299999999999,4.507,5.4961,7.495,6.6356,3.686,19.4823,7.558,4.0254,5.7658000000000005,4.0107,5.5662,6.407,4.1754999999999995,8.1242,4.6431000000000004,5.6662,5.8139,8.518899999999999,4.9528,4.5181000000000004,7.839599999999999,9.497800000000002,3.0755,4.6606000000000005,4.7147,3.7071,16.1365,6.6587000000000005,4.182,3.9598,4.813599999999999,5.203899999999999,5.7496,2.3415999999999997,6.0267,8.2732,7.0057,2.4547999999999996,5.7928,5.3586,5.5035,4.5507,5.3991,5.4338,6.7029,8.736699999999999,6.9322,5.4803,5.3483,7.0081999999999995,5.790799999999999,5.2738,5.9778,4.0254,6.5162,4.6515,7.7014000000000005,6.2639,5.8507,2.9257000000000004,5.8721,5.8826,5.8023,4.0254,5.4472000000000005,8.1724,7.8855,3.0104,4.3130999999999995,8.253699999999998,4.1159,4.8983,3.9363,5.1209,6.3618,5.8507,6.273299999999999,5.6125,5.2307,3.4959,8.505799999999999,2.0542,5.8349,5.4429,4.0254,4.0254,5.941599999999999,4.0254,4.5301,7.068300000000001,6.1613999999999995,4.6598999999999995,11.3056,5.8156,6.8561,6.6806,5.810500000000001,4.0457,5.1871,2.9313000000000002,2.4499,7.8132,3.8426,5.2356,6.8163,5.4239999999999995,1.5608,10.649899999999999,6.4971,8.075,4.3264,5.154,4.8605,6.8908000000000005,6.6091,2.9265,5.0394000000000005,4.9589,7.2832,6.1051,4.8683,5.5036,5.2579,6.308199999999999,7.095,6.2404,5.9145,6.0519,6.5680000000000005,6.2118,4.5951,4.8086,4.1779,4.0254,6.055700000000001,6.6142,7.8258,5.2046,2.0378,4.814,3.4991,5.899,2.9339000000000004,5.3618,6.7438,5.3664,5.154000000000001,4.1958,5.7847,3.3502,7.638999999999999,5.1036,4.6693999999999996,4.4521,5.1912,6.8917,2.0107,8.929,4.718500000000001,1.4729999999999999,10.0854,7.935499999999999
2008-04-28,1571.2746000000002,820.8293,750.4453000000001,418.4819,402.34739999999994,368.4778,381.96750000000003,8.086500000000001,8.5347,6.5503,8.6207,8.8845,6.5504999999999995,9.3203,12.2583,5.4721,8.3891,4.3500000000000005,12.3504,6.2158999999999995,7.3512,8.839699999999999,9.167,5.5933,7.6655999999999995,5.864699999999999,7.4674000000000005,6.7556,8.4681,7.8688,12.0098,11.9438,11.671,8.4423,5.6879,5.063,7.7232,14.914699999999998,7.4563,5.804600000000001,5.9527,6.8980999999999995,5.4574,6.6792,10.5738,6.2751,7.3983,8.407200000000001,9.5767,4.8328999999999995,23.7466,14.4662,5.5933,8.5808,6.1669,8.0472,8.488199999999999,4.8689,10.491599999999998,5.9671,8.6365,8.661100000000001,10.7964,7.871099999999999,6.6492,10.2707,9.2696,7.1502,6.5106,7.9969,4.9939,23.2624,7.7403,6.2517,6.637700000000001,6.3016000000000005,6.0920000000000005,8.558399999999999,4.2783999999999995,8.0582,9.4226,8.9755,2.7659000000000002,7.762700000000001,7.4951,6.286,6.201599999999999,7.8315,7.669,8.535799999999998,10.1277,8.1159,7.1381000000000006,8.0809,11.2635,11.3525,9.3916,6.5839,5.5933,10.313600000000001,6.6013,9.5232,7.9818,7.933000000000001,3.4309000000000003,8.3425,10.3135,7.9615,5.5933,8.3889,10.407399999999999,8.294899999999998,4.3475,3.9739,10.9923,4.816800000000001,6.0188,5.3797,8.2849,7.3926,7.933000000000001,8.1148,6.6983999999999995,8.5022,5.300599999999999,9.206900000000001,2.44,8.222100000000001,8.8093,5.5933,5.5933,8.9394,5.5933,9.0312,10.5833,7.8256,7.5484,6.5149,8.7272,7.3344000000000005,11.0416,10.3625,6.8069999999999995,8.5519,3.5762,4.2793,10.9162,4.9516,8.713899999999999,7.355700000000001,7.138099999999999,2.6549,7.5693,9.8993,10.5064,7.0607,6.729100000000001,5.901,10.2182,8.9823,9.7971,6.8934999999999995,8.1309,7.8479,7.8787,6.7731,7.733499999999999,6.8349,7.6535,11.2173,9.8448,8.7664,9.2915,8.8281,11.6144,8.181899999999999,5.9989,5.7677,5.5933,8.456399999999999,7.789300000000001,9.479600000000001,5.8156,3.9159,6.8761,10.3276,6.4948999999999995,3.9307999999999996,6.6777999999999995,8.6661,8.0364,6.031499999999999,5.7006,8.562899999999999,4.0855999999999995,12.9023,3.7863999999999995,7.2188,6.5,6.5778,7.952,2.5206,9.584,7.6037,2.4764,13.3178,10.9317
2008-04-29,1650.3212999999998,865.6733999999997,784.6479000000002,437.2228,428.4505999999999,385.46,399.18789999999996,8.612200000000001,9.4019,6.7066,8.9258,9.6227,6.9601,9.3292,11.9247,5.497,8.3771,4.592,12.3096,6.4406,7.496899999999999,9.880799999999999,10.4795,5.765700000000001,8.6856,5.9443,7.051399999999999,7.3729,7.6563,7.8983,12.4876,13.977599999999999,12.716899999999999,12.3217,5.812799999999999,5.595000000000001,7.3598,11.888200000000001,7.9164,6.0977,6.1777,7.1532,5.3962,6.9005,10.8933,6.6705000000000005,7.863300000000001,8.3809,10.5456,4.9314,22.9452,15.676400000000001,5.765700000000001,9.9041,7.9151,8.225,8.773800000000001,5.6526,10.7717,7.3027,9.7697,8.2376,10.6767,9.5152,6.8537,10.460099999999999,10.5199,7.9308,8.5366,8.804,4.9382,24.491100000000003,8.0884,6.3461,7.1786,6.4627,6.0702,8.9999,4.5155,8.3601,9.6134,10.630199999999999,2.8416,7.8610999999999995,7.6147,6.4137,6.3847,8.0895,10.9967,8.727,10.419,8.3265,7.2244,9.5156,12.8882,14.2025,9.620899999999999,6.5919,5.765700000000001,10.0947,7.2898,9.7797,8.251999999999999,8.2845,3.4333,8.432300000000001,8.674900000000001,8.1394,5.765700000000001,9.7142,10.5715,9.028400000000001,4.4334,3.7652,11.1068,5.2294,8.4864,5.5911,10.1927,7.576899999999999,8.2845,8.599,8.427900000000001,8.8861,5.4497,10.2563,2.4783,8.239799999999999,8.8563,5.765700000000001,5.765700000000001,10.7524,4.771700000000001,7.5886,11.3726,7.4522,8.063500000000001,6.449599999999999,9.196100000000001,7.4368,10.4495,8.8151,7.0344,7.731999999999999,3.9489999999999994,4.9368,11.529399999999999,5.0328,8.7761,7.8478,6.530900000000001,2.5943,10.483799999999999,10.170300000000001,9.8822,7.6411,8.3606,7.4849,10.078800000000001,10.5884,9.1477,7.351799999999999,8.5103,7.8081,8.4568,7.0809,7.938199999999999,7.9797,7.760300000000001,13.799400000000002,10.6494,8.9668,10.8738,9.957799999999999,10.2421,6.6256,5.979699999999999,5.4483999999999995,5.765700000000001,8.912,7.8255,9.693900000000001,5.8491,3.8707000000000003,7.0625,8.7476,6.490600000000001,6.935,6.959999999999999,9.4806,8.4726,6.2012,5.7759,8.8049,4.2332,12.3002,4.4338,9.0501,6.9430000000000005,9.9969,6.8719,2.6062000000000003,9.556899999999999,7.558200000000001,2.6426,12.2849,11.133299999999998
2008-04-30,1709.0571,900.6183,808.4388,451.94590000000005,448.6724,397.0769,411.3618999999998,8.947600000000001,8.9404,6.8316,10.4314,9.4505,7.0503,10.6583,11.8309,6.6501,9.0215,4.659000000000001,12.5667,6.4679,8.1664,11.7121,9.923300000000001,5.873099999999999,8.7379,5.978299999999999,7.4974,6.6732,8.3841,8.2442,11.6102,13.6174,13.6697,12.2151,6.636500000000001,7.755800000000001,7.469399999999999,12.8158,8.0329,6.1041,6.273899999999999,7.079599999999999,5.4747,6.3043,11.8997,6.8117,7.8316,8.4728,9.896199999999999,4.8962,24.4622,17.1149,5.873099999999999,11.0142,6.7668,8.4272,8.723700000000001,13.4596,10.880099999999999,6.6931,10.3308,9.4717,9.946100000000001,9.580400000000001,6.946199999999999,10.6723,9.764199999999999,7.861600000000001,6.8751999999999995,9.1471,5.1113,25.9193,8.7336,6.5685,7.115,6.831899999999999,6.0597,9.5694,4.5278,8.381,9.6599,8.997399999999999,2.8970000000000002,10.0509,7.655099999999999,6.5259,6.5289,8.351299999999998,14.1508,9.109,10.4174,11.121500000000001,7.545400000000001,9.5037,12.348300000000002,13.6968,10.482,6.5527,5.873099999999999,10.9675,7.1799,9.676,8.3713,8.3916,3.4287,8.8582,9.886199999999999,8.1916,5.873099999999999,10.3636,10.8692,8.8684,4.5577000000000005,3.7349,11.2815,5.3016,10.6447,5.677099999999999,10.188699999999999,7.6865000000000006,8.3916,8.8619,8.5772,8.467500000000001,5.491,12.983999999999998,2.4787,8.4422,9.509699999999999,5.873099999999999,5.873099999999999,10.744,4.2224,7.3275,10.5439,7.480300000000001,7.8785,9.0949,9.6119,7.5532,12.6247,8.9101,6.661899999999999,8.3196,3.6199999999999997,3.9196,11.3144,5.3759999999999994,9.579600000000001,7.1915,6.8812,2.7878,10.4347,10.633299999999998,10.293,7.6758,8.2085,8.2222,12.198,11.761300000000002,10.029599999999999,7.2277,8.453199999999999,7.819100000000001,9.018699999999999,6.9448,7.9939,7.488699999999999,7.504300000000001,12.314900000000002,10.7758,10.0672,10.6921,9.888300000000001,10.422799999999999,6.963,6.0847,5.5236,5.873099999999999,10.543399999999998,9.0078,9.760100000000001,5.8106,3.8804999999999996,7.2324,6.3561,6.510299999999999,6.315300000000001,7.103,9.6283,10.2454,6.2795000000000005,5.8771,8.7738,4.416,13.6464,4.4507,9.878499999999999,7.3881,10.195,6.8037,2.6193,9.821100000000001,8.061,2.6874000000000002,13.03,11.7741
2008-05-01,1816.995,890.5792999999996,926.4157000000001,451.9912999999999,438.5880000000001,398.18729999999994,528.2284,8.963799999999999,10.2836,6.849499999999999,9.3083,9.5422,7.0427,9.662,11.362,6.702500000000001,8.293199999999999,4.784800000000001,13.3408,6.6505,7.916500000000001,10.323599999999999,10.2775,5.9546,8.956299999999999,6.087300000000001,7.1423000000000005,6.9183,7.325100000000001,8.2347,12.2192,12.688500000000001,14.1361,11.750099999999998,6.1272,6.431300000000001,8.190999999999999,12.757200000000001,8.5268,6.2343,6.1559,7.869,5.923,7.7162,11.0386,7.006600000000001,7.9351,8.5565,10.1053,4.8786000000000005,25.4071,16.320299999999996,5.9546,9.476700000000001,8.3598,9.366900000000001,8.9373,14.409300000000002,10.3194,6.3809000000000005,10.5887,9.1582,11.4608,10.0187,6.8294999999999995,10.600100000000001,9.386,7.869300000000001,6.8323,8.9324,5.2157,24.8602,8.1508,7.0105,8.316500000000001,6.7439,5.9997,9.7733,4.4487,8.572099999999999,6.811,8.8994,2.9713000000000003,8.4146,7.5358,6.574999999999999,6.504099999999999,8.5337,11.2529,9.0671,9.961,12.8338,7.718399999999999,7.459300000000001,11.5797,12.7622,10.262699999999999,6.750399999999999,5.9546,10.073,7.871999999999999,9.0784,8.418199999999999,8.5548,3.5731,8.3869,8.9076,8.1085,5.9546,9.922699999999999,10.826799999999999,9.0608,4.590300000000001,3.8678999999999997,11.3105,5.6358,8.4799,3.7105,11.9581,7.6033,8.5548,8.0272,8.2016,8.53,5.5618,12.1801,2.4899000000000004,8.6918,9.2734,5.9546,5.9546,10.6188,5.4773,8.311599999999999,10.6163,7.538499999999999,8.223600000000001,7.0386,8.9139,7.6974,11.343799999999998,9.0839,7.3686,8.4635,3.5424,4.0594,11.4562,5.4216,9.9967,7.163600000000001,6.661,3.8623000000000003,9.896799999999999,11.8469,9.9923,10.001700000000001,9.1411,8.7559,10.0119,11.2304,11.0133,7.3879,125.31500000000001,7.7241,8.470099999999999,7.352900000000001,8.2341,9.5079,7.721299999999999,13.019199999999998,10.776299999999999,9.716,11.129000000000001,9.773299999999999,9.2894,6.832699999999999,6.395,6.235,5.9546,9.086500000000001,8.4116,9.8937,5.736400000000001,3.9881,7.4619,6.350300000000001,6.5845,5.586399999999999,7.931799999999999,8.9421,8.7317,6.2865,5.966900000000001,9.076799999999999,4.2393,12.4249,4.1883,10.002400000000002,7.128499999999999,11.0945,7.002599999999999,2.774,9.8352,7.5851999999999995,2.7134,13.2584,14.1012
2008-05-02,1728.4657999999997,911.8222999999999,816.6434999999998,470.5278,441.2945,395.476,421.1675000000001,9.1603,9.4727,7.032,9.0338,11.6297,7.352799999999999,13.949399999999999,11.8782,5.5411,9.5161,5.0649999999999995,15.0663,6.8469999999999995,8.0585,6.279999999999999,11.0957,6.146800000000001,9.803799999999999,6.339,8.8191,7.3411,7.5252,8.1137,11.4556,15.6974,15.6673,11.8248,6.0687,6.0207999999999995,9.008700000000001,13.508500000000002,8.419400000000001,6.1236,6.2721,6.2156,5.7148,16.207300000000004,12.3237,7.2474,8.5892,7.4817,9.5129,5.120100000000001,23.8048,17.7541,6.146800000000001,9.0699,6.5773,8.693399999999999,8.9346,5.2633,11.6539,6.7705,9.5166,10.1569,13.9343,8.2842,7.6556999999999995,10.6574,10.9945,7.7890999999999995,7.1221000000000005,8.709599999999998,5.3051,25.901600000000002,8.831499999999998,6.2982,6.6155,6.923400000000001,6.2992,10.2628,4.4748,8.9629,7.7525,9.2823,3.0671,7.941700000000001,7.799,6.8450999999999995,6.7088,8.374099999999999,6.324,9.175600000000001,10.9327,10.124099999999999,10.4252,8.643799999999999,14.258900000000002,14.155100000000001,9.3681,7.0029,6.146800000000001,11.1066,7.5033,9.8397,8.5917,8.7141,3.7643,9.6081,9.4558,8.5527,6.146800000000001,9.069700000000001,10.8443,8.778400000000001,4.7915,4.2332,11.3766,5.258800000000001,6.3856,5.9540999999999995,8.6425,7.7524,8.7141,8.0201,8.821100000000001,8.4275,5.4962,14.4485,2.5688,9.0091,8.543099999999999,6.146800000000001,6.146800000000001,9.7021,4.1887,6.7953,10.6628,7.6434,8.058399999999999,7.1816,9.8558,7.9265,11.4939,11.7119,6.9093,8.0976,3.5953999999999997,4.1693999999999996,10.9248,5.6701999999999995,7.8393999999999995,7.805400000000001,8.312899999999999,2.7156000000000002,10.9987,12.3762,10.3756,7.5139000000000005,8.8225,9.2323,11.2247,14.067599999999999,6.4238,6.9885,10.8366,8.0047,8.7913,7.4545,8.317,10.2802,8.0167,12.5476,10.4421,9.420100000000001,10.292100000000001,9.0814,9.7467,7.1509,7.1355,5.837300000000001,6.146800000000001,10.2102,8.2224,9.8705,6.2706,4.3129,7.7903,5.2408,6.6876,4.4403,10.485100000000001,10.1388,9.013599999999999,6.6613999999999995,6.2102,8.616000000000001,4.501200000000001,12.872900000000001,4.543900000000001,12.566799999999999,7.2402999999999995,10.2988,7.5119,2.8518000000000003,9.9453,7.8703,2.7448,13.5156,13.0948
2008-05-03,1319.6794,694.0790000000001,625.6003999999999,364.48329999999993,329.59569999999985,304.52969999999993,321.0706999999998,6.8427,6.807499999999999,5.0951,6.6688,8.2529,5.932799999999999,7.007,9.8079,4.6947,7.071400000000001,4.0314,10.1481,5.0905000000000005,6.8203,5.2044999999999995,10.4632,4.777,6.656700000000001,4.7261999999999995,6.601699999999999,8.735699999999998,5.691000000000001,6.805,9.0383,9.3045,6.877,8.3957,4.2471,4.5388,6.1267,9.8016,6.525099999999999,3.7508,5.2103,6.3398,4.6427000000000005,12.6413,9.5367,5.5737,6.5596000000000005,16.2297,7.1517,4.0795,21.9703,11.0541,4.777,7.4204,4.8187,6.8475,7.0926,4.5579,8.9402,5.455399999999999,6.969799999999999,6.26,8.9497,6.117900000000001,5.6071,8.0734,9.3834,3.6555,5.471400000000001,7.2405,4.086600000000001,19.067,7.6248000000000005,5.0587,4.831200000000001,5.6541,5.398,7.0383000000000004,2.6951,7.014499999999999,5.6415999999999995,7.5065,2.487,6.3149999999999995,5.9635,6.2349000000000006,4.9674000000000005,6.1861,5.6186,7.5019,9.1128,6.9283,6.2345,7.0595,8.4209,7.1435,5.896599999999999,5.828799999999999,4.777,7.9686,5.6898,8.585899999999999,6.8606,6.9428,2.9222,6.8892,8.7617,6.6936,4.777,6.7123,8.302299999999999,8.1683,3.6319,3.8510999999999997,8.4226,4.4469,5.3008999999999995,4.8175,6.2456,6.3171,6.9428,7.0187,6.5302,6.2635000000000005,3.7024,14.229200000000002,2.3437,6.678,6.228400000000001,4.777,4.777,7.326500000000001,4.045999999999999,5.4651,7.8292,6.5647,5.2648,6.3441,6.7695,7.294599999999999,7.7642999999999995,7.1053,4.5667,6.1698,2.6994,2.4093,8.3174,4.4509,6.246600000000001,6.4505,6.267,2.5021,7.823300000000001,7.8222000000000005,8.427999999999999,5.2828,6.1416,7.174300000000001,8.7527,7.2933,3.0723000000000003,5.5281,7.589499999999999,7.425000000000001,7.746600000000001,5.4157,6.1592,8.5445,8.9345,10.644499999999999,7.6568000000000005,6.8134999999999994,7.4202,7.412699999999999,5.8347,8.8871,5.3486,4.5946,4.777,9.2652,7.2529,7.837300000000001,5.1205,2.4916,5.710299999999999,3.5375,6.1690000000000005,3.3366,6.1262,7.537699999999999,6.265099999999999,5.6455,4.7145,6.2241,3.8173000000000004,9.2189,4.4814,5.4624,5.2736,6.516599999999999,6.033799999999999,2.1302,9.296299999999999,5.788500000000001,1.6314,10.9124,10.2485
2008-05-04,1119.8451,584.0621999999998,535.7829,297.0470999999999,287.01509999999996,264.2034,271.5795,5.514,6.0349,4.4029,5.9703,7.613099999999999,4.9442,5.4809,8.3797,3.7664999999999997,5.9398,3.5479,9.177299999999999,4.3904,5.6696,4.7695,6.591700000000001,4.0254,5.6263000000000005,4.3907,5.7354,4.929600000000001,5.384,5.7916,8.001199999999999,8.081299999999999,6.0638,7.0802,3.7410000000000005,3.5155999999999996,4.9291,9.1325,5.4071,3.1409,4.9822,3.9885,3.9695,7.6341,7.7194,4.6204,5.4946,7.4368,6.686,4.998,19.3572,7.3366,4.0254,5.7618,3.7872000000000003,5.685599999999999,6.3954,3.997,8.1205,4.6582,5.7777,5.5717,10.4542,4.989,4.4886,7.8383,8.5518,3.0029000000000003,4.7117,5.5413000000000014,3.7159000000000004,15.819399999999998,6.651299999999999,3.9985,4.0007,4.782,5.166,5.7496,2.2125000000000004,6.0214,4.8027999999999995,6.9031,2.2065,5.601,5.329000000000001,5.2677,4.4769000000000005,5.4308,5.2819,6.333,8.5119,5.775499999999999,5.408899999999999,5.1949000000000005,7.7099,5.5915,5.2153,6.3598,4.0254,6.6393,4.7296,7.545999999999999,6.120100000000001,5.8507,2.9562999999999997,5.786,6.141100000000001,5.8081,4.0254,5.7706,8.1898,7.4604,2.8762,4.0187,8.0516,3.7191,4.9106000000000005,3.9208,5.1137,6.1640999999999995,5.8507,6.2299999999999995,5.6289,5.1922999999999995,3.3739999999999997,8.879900000000001,2.3009,5.889199999999999,5.3850999999999996,4.0254,4.0254,5.9765999999999995,4.0254,4.6581,7.1217,6.27,4.7003,4.937799999999999,5.8325000000000005,6.8107,6.774800000000001,5.8254,4.150399999999999,5.308,2.4482,1.9399,7.4289,3.7086000000000006,5.0853,6.5393,5.3163,1.5962999999999998,6.7446,6.694600000000001,7.986800000000001,4.3673,5.1447,5.3286999999999995,7.389799999999999,6.7119,2.8661,4.8126,6.468399999999999,7.2019,6.5499,4.7195,5.4526,5.2375,6.321199999999999,7.0861,6.0428,5.8723,6.1556,6.681,4.895999999999999,4.261699999999999,4.6341,4.1231,4.0254,6.7719000000000005,6.376900000000001,7.6987000000000005,5.1043,1.9563000000000001,4.5985,3.3321,5.8559,2.9075,5.2981,6.786999999999999,5.3347,5.048,4.2905,5.7499,3.2201,7.7988,3.9237,4.7728,4.5271,5.3797999999999995,6.4415,2.0021,8.6031,4.6741,1.4083,10.5206,8.359000000000002
2008-05-05,1554.1367999999998,816.2139,737.9228999999998,419.9948,396.21909999999986,362.69700000000006,375.22589999999997,8.0648,8.744299999999999,6.5771,8.7897,8.9274,6.582700000000001,9.180399999999999,10.6958,5.7221,8.497399999999999,4.4151,12.4166,6.212400000000001,7.249499999999999,8.5728,9.5145,5.5933,7.7026,5.825900000000001,6.8689,7.4366,7.033099999999999,7.2059999999999995,11.1905,12.296,11.3222,8.459100000000001,6.0562000000000005,5.296600000000001,7.2664,13.301299999999998,7.546100000000001,5.9181,6.0303,6.277,5.7232,13.3057,10.054000000000002,6.419600000000001,7.4183,8.3655,9.6766,5.2346,24.430500000000002,15.2635,5.5933,6.7748,6.3942,8.0473,8.5049,5.6535,9.7333,5.915699999999999,8.391200000000001,9.2391,10.704799999999999,8.3627,6.527299999999999,10.190999999999999,8.6461,7.2814,6.6707,8.1084,5.031000000000001,23.930899999999998,7.7207,5.5845,6.6225000000000005,6.3181,5.9341,8.558399999999999,4.1884,8.045099999999998,6.3413,8.7558,2.6538,7.5549,7.408499999999999,6.1869,6.172899999999999,7.7951,7.254200000000001,8.512599999999999,9.5419,9.4455,7.0996999999999995,8.8076,10.8438,12.0203,9.2478,6.9394,5.5933,9.1683,6.6795,8.875899999999998,7.9498,7.933000000000001,3.4415999999999998,8.2994,8.337399999999999,7.8346,5.5933,9.0098,10.4324,8.2737,4.521800000000001,3.7538,10.9221,4.704,6.1243,5.3973,8.834599999999998,7.3377,7.933000000000001,7.1407,7.2173,8.7597,5.3663,8.7225,2.4511000000000003,8.215900000000001,8.7604,5.5933,5.5933,9.882200000000001,5.5933,7.0656,11.4445,7.6637,7.5877,7.745499999999999,9.038599999999999,7.2862,11.2852,9.0399,6.2638,7.3881,3.3730000000000007,3.7664999999999997,11.031600000000001,5.066,7.571300000000001,7.1082,6.1601,2.7419000000000002,7.4430000000000005,9.526,9.9534,6.508500000000001,6.670300000000001,6.1113,10.031400000000001,8.9829,8.39,6.7059,9.5519,7.7783999999999995,7.891000000000001,6.8633,7.693,7.072799999999999,8.105599999999999,10.5718,10.0743,8.7665,8.9907,9.460899999999999,11.2119,7.087,6.0734,5.2782,5.5933,9.450299999999999,7.7575,9.4839,5.4231,3.8626,6.9119,6.59,6.4903,3.9377,6.2384,8.529900000000001,8.3136,6.0245,5.6497,8.5072,4.0501000000000005,12.0657,3.7922000000000002,7.1836,6.2384,8.9015,6.8115000000000006,2.5429,9.455000000000002,7.157700000000001,2.4422,12.522100000000002,10.6069
2008-05-06,1631.6036,859.9507999999997,771.6528000000002,437.6919,422.2589000000001,376.5402000000001,395.1126,8.5139,9.1662,6.6751000000000005,9.249099999999999,9.712399999999999,6.7906,9.6296,10.9836,6.3050999999999995,8.234,4.6531,14.9208,6.334899999999999,7.431499999999999,8.181799999999999,10.0063,5.765700000000001,8.0218,6.1086,6.9542,8.9282,7.3529,8.7837,11.2639,14.3735,13.107299999999999,10.9722,6.5455,5.1296,7.725,11.8363,7.8218,5.9891,6.1043,6.740500000000001,6.0005,8.2768,10.636599999999998,6.6678999999999995,7.696199999999999,9.0843,9.5317,4.8201,24.0415,14.9583,5.765700000000001,10.134599999999999,6.932500000000001,8.1658,8.6673,14.788,10.0205,6.255199999999999,8.735,11.0752,12.6241,8.3096,6.850200000000001,10.0918,10.3729,7.8651,6.792199999999999,8.7654,5.088900000000001,23.990000000000002,7.772600000000001,6.1819,6.8236,6.4975000000000005,5.9649,8.9999,4.366099999999999,8.2551,6.9368,9.342300000000002,2.6942999999999997,8.299199999999999,7.4735,6.305,6.4064,8.110100000000001,6.8489,8.9415,9.8833,9.9643,7.1424,7.1284,12.2996,11.9024,9.342500000000001,6.9715,5.765700000000001,9.6069,6.9777000000000005,10.7805,8.1343,8.2845,3.4895,8.2438,8.497900000000001,8.096599999999999,5.765700000000001,8.7049,10.278400000000001,8.49,4.3024000000000004,3.6984000000000004,10.8956,5.0293,6.3850999999999996,5.6137,8.8965,7.3885999999999985,8.2845,9.6923,7.219899999999999,8.4851,5.427099999999999,13.5319,2.5307000000000004,8.5533,9.282800000000002,5.765700000000001,5.765700000000001,9.564599999999999,5.765700000000001,6.2999,11.0998,7.360600000000001,7.645099999999999,7.1110999999999995,8.9107,7.402,9.770600000000002,9.543700000000001,7.083,7.9162,3.3554000000000004,3.9125999999999994,11.194700000000001,5.2643,9.286,7.2308,6.4473,2.5862000000000003,9.2219,10.3112,9.9042,6.9854,7.2829999999999995,8.5044,9.8511,9.6929,10.025500000000001,6.9412,10.115,7.6467,8.5532,7.020899999999999,8.067599999999999,7.228299999999999,8.8899,12.2493,10.9513,9.959299999999999,9.515699999999999,9.2174,7.3606,7.7072,6.1536,5.4625,5.765700000000001,8.4069,9.068999999999999,9.4266,5.3589,4.0358,7.037,6.3944,6.561399999999999,5.8134,6.719999999999999,8.9329,8.4036,6.1608,6.0164,8.529800000000002,4.1746,11.407699999999998,4.2111,8.639800000000001,7.158899999999999,9.3667,6.7524999999999995,2.5568,9.7129,7.2447,2.5289,13.5472,14.0646
2008-05-07,1667.2159,878.9467000000001,788.2691999999998,446.32190000000014,432.6248,385.0341,403.23510000000005,8.4526,9.1158,7.229700000000001,9.249600000000001,9.6597,7.024100000000001,9.2488,12.697299999999998,5.4824,9.145,4.6117,12.549600000000002,6.3955,8.0275,9.009,11.0363,5.873099999999999,8.2163,5.9726,7.396100000000001,6.561,7.2,8.053,11.6292,16.8358,14.6342,11.4621,5.5725,5.2938,8.094000000000001,12.8048,7.9162,6.1522,6.1488,6.2859,5.6121,9.999,12.4551,6.7832,7.8454999999999995,8.5993,9.8047,4.889799999999999,23.957099999999997,16.5731,5.873099999999999,9.008299999999998,6.7928999999999995,8.363900000000001,8.7286,9.2344,11.953800000000001,6.3158,9.7478,9.437800000000001,13.1224,8.4396,7.022100000000001,10.4963,10.2983,7.7196,7.0386999999999995,8.4301,5.193099999999999,25.1585,7.9536999999999995,5.5319,7.183199999999999,6.7111,6.0035,9.5694,4.3738,8.443299999999999,6.6031,9.369800000000001,2.9113,8.4073,7.6608,6.5882000000000005,6.4621,8.2229,7.8889,8.8587,11.067499999999999,8.9674,7.247,8.7088,14.6464,14.699100000000001,10.581199999999999,6.7,5.873099999999999,9.7715,7.0155,9.9871,8.3416,8.3916,3.4358999999999997,9.0002,9.8396,8.211400000000001,5.873099999999999,8.8167,10.6578,9.350100000000001,4.5598,3.7235,11.080200000000001,5.2829999999999995,6.6942,5.6212,8.564499999999999,7.5564,8.3916,8.5839,9.5677,8.1267,5.4398,11.1674,2.5039,8.4619,8.569700000000001,5.873099999999999,5.873099999999999,9.7195,5.5407,8.4279,11.874200000000002,7.411,8.0141,6.8967,9.2972,7.4191,10.3398,9.8484,7.2463,8.0168,3.4343000000000004,4.1178,11.415,5.418100000000001,8.804400000000001,7.596100000000001,6.5403,2.7293000000000003,9.4546,10.7429,10.043700000000001,7.9134,8.2218,7.4219,10.8016,12.7273,10.5732,7.1873,10.5899,5.0633,7.990200000000001,7.0107,8.074,8.9054,7.269100000000001,12.5362,10.4879,10.8636,10.3188,9.2299,8.709900000000001,6.7440999999999995,6.1709000000000005,5.5423,5.873099999999999,9.0291,8.6909,9.7177,5.4089,4.1154,7.0936,7.1628,6.5858,6.4495000000000005,7.401999999999999,8.9309,9.5315,6.1419999999999995,5.8288,8.764,4.5099,11.8111,4.1051,10.395399999999999,6.9511,10.060400000000001,6.8647,2.6064,10.026800000000001,7.554399999999999,2.6219,13.8949,10.889500000000002
2008-05-08,1724.0980000000004,903.3473000000005,820.7506999999998,455.0252,448.3221000000001,406.0643999999999,414.6863000000001,10.779,9.139800000000001,7.4274000000000004,9.2909,9.200899999999999,7.200100000000001,10.767799999999998,13.153199999999998,5.9683,9.0775,4.8690999999999995,15.2213,6.513999999999999,7.8851,8.393699999999999,10.959800000000001,5.9546,8.9911,6.1745,8.2759,6.6122,7.4254,8.4495,11.9081,14.158,14.468,12.344,5.9814,5.6332,8.4887,12.4912,8.2653,6.1777999999999995,6.4152000000000005,6.8526,5.3962,9.866599999999998,12.0561,7.009600000000001,8.0364,7.655899999999999,9.9046,4.9854,22.9247,17.1553,5.9546,8.8216,6.6594999999999995,8.791699999999999,8.8924,6.8702000000000005,11.7186,6.6129999999999995,12.4635,10.9245,10.6685,11.7756,7.4093,11.003699999999998,10.4459,7.815099999999999,6.907100000000001,8.556999999999999,5.2481,26.2898,8.2637,5.979900000000001,7.300599999999999,6.8191,6.2005,9.7733,4.4572,8.6106,6.8406,9.6274,2.8717,8.2547,7.8017,6.6672,6.5076,8.5167,8.2512,9.1852,10.834499999999998,11.9495,8.5495,8.723600000000001,13.0756,16.8338,12.7701,6.7861,5.9546,10.358699999999999,7.6194,9.567,8.6583,8.5548,3.6007,9.0212,8.8259,8.4938,5.9546,9.2523,11.163,8.3127,4.3915999999999995,3.9345,12.0882,5.2152,6.5355,5.5926,13.2439,7.835800000000001,8.5548,7.4732,11.6009,8.392,5.4698,11.6441,2.491,9.087299999999999,9.1794,5.9546,5.9546,13.1766,5.3645000000000005,9.6875,11.3109,7.5109,8.0044,7.1442,9.8039,7.689599999999999,11.4132,10.072200000000002,6.9709,9.6085,3.4889,3.9898999999999996,11.805900000000001,5.4951,8.6792,7.4421,6.799899999999999,2.8754,10.4444,13.2654,10.0776,7.636599999999999,8.491299999999999,7.9154,10.4768,10.1769,10.9458,7.1791,10.0328,5.2272,8.3208,7.1656,8.1897,7.5649999999999995,7.4363,12.537500000000001,10.9055,10.4527,13.069299999999998,11.2377,8.7681,7.0899,6.548,5.6831,5.9546,9.754000000000001,8.5775,9.953499999999998,5.3523,3.8888,7.3247,7.5230999999999995,6.599600000000001,4.4504,7.4776,9.3794,8.8432,6.3447,5.9777000000000005,8.7371,4.4694,13.150500000000001,4.3515,8.9386,7.5239,13.032900000000001,7.059100000000001,2.6107,10.318999999999999,12.769900000000002,2.7491000000000003,13.4007,11.2496
2008-05-09,1763.609,928.7909,834.8181,474.69770000000005,454.09319999999997,404.7429,430.07520000000005,9.5022,9.5768,10.889399999999998,9.125699999999998,10.2726,7.570599999999999,16.386499999999998,12.145199999999999,5.718100000000001,9.7696,5.0097000000000005,13.314499999999999,6.7651,8.0217,6.292800000000001,10.7993,6.146800000000001,9.2625,6.3499,10.364799999999999,7.1176,7.6246,8.966,11.9936,17.8155,14.121400000000001,11.596200000000001,5.9549,5.623200000000001,8.095600000000001,13.451899999999998,8.5107,6.188000000000001,6.3,7.9864999999999995,5.7425,10.5305,11.4917,7.194000000000001,8.4177,10.938600000000001,10.029399999999999,5.2418000000000005,25.003800000000002,16.538,6.146800000000001,8.184099999999999,6.7627999999999995,8.9089,8.9376,5.567399999999999,10.490300000000001,6.9838,10.2622,8.2885,11.4421,8.7621,8.4122,10.9097,10.0624,7.2433000000000005,7.0039,10.5638,5.3668,24.9753,8.9957,7.882399999999999,7.0413,7.121700000000001,6.4078,10.2628,4.507,8.927299999999999,7.347299999999999,9.424499999999998,3.0797,8.4236,8.1096,7.0913,7.5852,8.552100000000001,6.477499999999999,9.425,10.302900000000001,16.4221,10.0489,8.9645,15.708399999999997,18.2731,9.410400000000001,6.8964,6.146800000000001,11.333499999999999,7.5726,9.8885,8.686900000000001,8.7141,3.7912,9.5534,9.3839,9.3268,6.146800000000001,7.9768,11.1008,8.857299999999999,4.7981,4.4457,11.788599999999999,5.3879,6.3743,5.9774,8.9885,7.8033,8.7141,7.9311,12.440100000000001,8.5805,5.4376,16.6824,2.5674,9.0946,8.7213,6.146800000000001,6.146800000000001,10.3367,5.4834,8.061399999999999,9.707799999999999,7.7216000000000005,8.1763,7.316600000000001,9.9521,7.9826,10.963899999999999,9.8115,6.9417,8.3748,3.4186,4.078799999999999,11.2413,5.601999999999999,9.1773,7.821300000000001,8.2729,2.731,10.15,12.517,10.544699999999999,7.000400000000001,9.9222,8.9634,14.2216,11.7363,8.686599999999999,7.2722,10.360400000000002,5.4895,8.759599999999999,7.434,8.3485,10.6171,7.764499999999999,14.6763,10.8979,9.803899999999999,11.1491,9.1876,9.471,6.6104,7.1112,5.8244,6.146800000000001,9.5287,8.4332,10.2663,5.9838000000000005,4.0927,7.7088,6.7619,6.7035,4.2597000000000005,10.1572,10.3269,9.0349,6.5682,6.1759,8.7028,4.512700000000001,12.8769,4.6059,10.025200000000002,7.803999999999999,11.466899999999999,7.7165,2.8165,9.9072,12.3987,2.8808,13.643999999999998,14.1831
2008-05-10,1355.9471000000003,718.0703000000001,637.8768000000002,365.44759999999985,352.6226999999999,320.17159999999996,317.70519999999993,7.112400000000001,6.9421,8.1586,7.0484,8.7599,6.283600000000001,9.240200000000002,10.3854,4.691800000000001,7.529100000000001,4.2636,10.5896,5.505199999999999,7.0567,5.405899999999999,9.1429,4.777,6.912100000000001,5.1892000000000005,6.896599999999999,5.7948,5.945,6.9512,9.1282,8.685400000000001,7.0717,8.8106,4.5491,4.3132,6.063000000000001,12.2136,6.810199999999999,3.9866,5.2231,5.1841,4.5816,9.141300000000001,9.8171,5.787100000000001,6.7109000000000005,7.832299999999999,7.1841,4.1546,21.6691,14.0277,4.777,8.0764,4.5841,7.068200000000001,7.4159999999999995,8.9693,8.883199999999999,5.5468,7.413599999999999,6.625399999999999,9.4027,6.3701,6.0716,8.424900000000001,10.646799999999999,3.8327,5.456,8.5933,3.9851,21.6406,8.0434,5.019400000000001,5.077500000000001,5.8138,5.635000000000001,7.0383000000000004,2.7912,7.179100000000001,5.8957,8.116599999999998,2.5168,6.426999999999999,6.2682,6.4031,6.228199999999999,6.6228,5.8717,7.882000000000001,9.2584,7.0842,6.6376,5.7562,8.1524,13.032399999999999,6.1617,5.8101,4.777,8.1924,5.923299999999999,8.900199999999998,7.239099999999999,6.9428,3.2379,7.338500000000001,7.486599999999999,7.0404,4.777,6.8122,8.6252,8.4991,3.7739000000000003,4.0065,8.9277,4.23,5.4566,4.9474,6.5439,6.3933,6.9428,7.872400000000001,8.1404,6.6105,3.9520999999999997,17.019399999999997,2.3506,7.295399999999999,6.73,4.777,4.777,7.5512999999999995,4.257200000000001,5.6152999999999995,7.9879,6.65,5.356000000000001,6.3278,7.1690000000000005,7.479,7.894900000000001,7.034400000000001,4.6777999999999995,6.3793999999999995,2.7353000000000005,2.5202,8.9927,4.5777,6.9593,7.129699999999999,6.836399999999999,2.561,8.3077,7.9287,8.988,5.4489,6.3052,8.068299999999999,7.8636,6.5403,2.9285,5.824199999999999,7.7122,5.3463,7.9522,5.8872,6.621,6.6488000000000005,6.9396,9.0504,7.9982999999999995,7.1297,7.907299999999999,7.330299999999999,5.653099999999999,5.778499999999999,5.7265999999999995,4.6464,4.777,7.5225,7.550700000000001,8.261800000000001,5.359,2.6271999999999998,5.7485,4.5459,6.195499999999999,3.5294,6.6352,7.614599999999999,6.5022,5.7747,5.0929,6.430300000000001,4.008900000000001,9.3536,4.7604,5.1832,5.3857,6.8914,6.934399999999999,2.192,9.4141,5.9448,1.7771,11.4211,10.718300000000001
2008-05-11,1195.6580000000004,627.1533000000003,568.5047,321.1739,305.97940000000006,281.5234,286.98130000000003,5.903700000000001,6.4491,7.3478,6.1846000000000005,7.27,5.4298,5.7958,9.9832,3.8861,6.6545,3.8444999999999996,9.5807,4.6854,6.0992,5.2371,6.6579999999999995,4.0254,5.655,4.7032,6.7124,6.0801,5.6157,6.531599999999999,8.052700000000002,7.546499999999999,6.047999999999999,7.7216000000000005,4.0281,5.451499999999999,5.0913,13.0274,6.152900000000001,3.4032999999999998,4.845599999999999,4.2684999999999995,4.3764,7.3631,9.8668,5.0782,5.7448,7.6194999999999995,6.6339999999999995,3.7608,17.7224,9.1323,4.0254,7.4375,4.1,5.7863,6.5561,4.7352,8.407399999999999,4.888199999999999,6.2052,5.706200000000001,8.6694,5.333200000000001,5.199,8.288,10.7508,3.3005000000000004,5.0388,5.3607000000000005,3.8785000000000003,17.3897,7.3362,4.1513,4.3544,5.087400000000001,5.575900000000001,5.7496,2.4503,6.113899999999999,5.1094,7.6350999999999996,2.5089,5.9227,5.763599999999999,5.8878,5.5436,5.7853,5.8506,6.792999999999999,8.8102,5.6259,6.135400000000001,5.3495,7.264899999999999,6.3408,5.284800000000001,6.9292,4.0254,6.893,5.0794999999999995,9.135299999999999,6.3304,5.8507,3.2637000000000005,6.5005999999999995,6.3903,6.2199,4.0254,6.2196,8.610600000000002,7.9401,3.1723,4.255999999999999,8.421,3.8591,5.2806999999999995,4.1204,5.5428999999999995,6.4167000000000005,5.8507,6.719899999999999,5.9518,5.5215000000000005,3.5178,13.8059,2.2217000000000002,6.1739999999999995,5.8168,4.0254,4.0254,6.417400000000001,4.0254,4.711,7.2364,6.110199999999999,4.5878,5.0169,6.257999999999999,7.2121,6.845899999999999,6.033200000000001,4.0341,5.4923,2.5483,2.124,7.8444,4.3549,5.2948,6.4322,6.1622,1.5962999999999998,7.6686,6.6322,9.1443,4.7058,5.3191,6.4993,7.09,5.9935,2.7975,6.0845,6.8048,7.6482,6.24,5.0806000000000004,5.873600000000001,5.5375,7.1,7.3779,6.3037,6.061599999999999,6.6341,6.647200000000001,4.8965,4.2928,4.995799999999999,4.1704,4.0254,6.3272,6.9262,8.013200000000001,5.373200000000001,2.1989,4.7585,4.125,5.8886,2.9206000000000003,7.4561,6.9345,5.5347,5.4125,4.5565,5.9704999999999995,3.4768999999999997,7.958600000000001,4.2225,4.4413,4.683,5.6612,7.475800000000001,2.1912000000000003,8.854600000000001,5.1831,1.7576,10.7242,9.8002
2008-05-12,1587.4912,826.6218,760.8693999999999,425.7441999999999,400.8776,363.6448,397.2246000000001,8.3248,8.9017,10.5717,8.8227,8.9626,6.507,8.5585,11.217299999999998,5.2155000000000005,7.5435,4.510999999999999,17.258000000000003,6.2707,7.404100000000001,7.9512,10.901200000000001,5.5933,7.6868,5.9399999999999995,7.1893,6.6982,7.231599999999999,6.9196,10.647300000000001,13.5415,11.7821,9.601299999999998,5.515499999999999,4.8919999999999995,7.647,12.1917,7.5722,5.8644,5.9897,5.9865,5.8345,9.2263,10.180900000000001,6.4932,7.4963,7.200200000000001,9.4509,4.8443000000000005,24.2965,14.5577,5.5933,9.020700000000001,7.4078,8.1775,8.5526,4.4803999999999995,9.563300000000002,6.0672999999999995,9.159500000000001,10.4982,10.017900000000001,7.9616,7.2529,10.249400000000001,8.7655,7.7598,6.7056000000000004,8.008600000000001,4.9292,23.5896,7.848800000000001,5.5987,6.6294,6.465,6.149900000000001,8.558399999999999,4.304,8.1342,6.5786,9.7686,2.8588,7.4482,7.4786,6.1878,7.757099999999999,7.9521999999999995,6.680400000000001,8.6073,9.4795,7.5814,7.097799999999999,9.0339,12.104000000000001,11.003699999999998,10.0108,7.362,5.5933,9.0209,6.7122,9.2011,9.173100000000002,7.933000000000001,3.5491,7.5355,8.471499999999999,8.180499999999999,5.5933,9.3535,10.5147,8.430900000000001,4.3601,3.9749,11.0551,5.1347000000000005,6.168799999999999,5.420399999999999,8.385200000000001,7.482100000000001,7.933000000000001,7.961,6.6754999999999995,8.418000000000001,5.428099999999999,9.1804,2.4287,8.186200000000001,8.3656,5.5933,5.5933,9.5281,5.5933,7.1105,10.3194,7.6412,7.5417000000000005,6.771800000000001,8.2601,7.3588,10.8284,9.580200000000001,6.328200000000001,7.463600000000001,3.4077,3.7833000000000006,10.9683,5.2867,8.418899999999999,7.3542000000000005,6.397400000000001,2.7419000000000002,8.1859,9.7812,10.0436,6.3589,6.7742,6.0403,11.2867,7.8328,9.000399999999999,8.4296,9.3748,7.917000000000001,7.7612000000000005,6.808999999999999,7.6423000000000005,7.633100000000001,7.5302999999999995,10.8076,9.6145,8.836,9.746,8.9511,10.012799999999999,5.751,6.1407,5.3996,5.5933,10.211300000000001,8.6171,9.627500000000001,5.5301,3.9099,7.0909,9.7819,6.4617,18.4094,6.4134,8.712,8.3509,6.0626,5.7488,8.4825,4.1185,11.5693,3.7355,6.7277,6.3286999999999995,8.7515,7.0464,2.5997,9.5226,7.2322999999999995,2.5235,13.9171,11.631699999999999
2008-05-13,1657.3594000000003,863.1055000000001,794.2539000000002,442.60009999999994,420.5053999999999,390.17549999999994,404.0784000000001,8.721799999999998,9.0776,10.8273,9.3485,8.982800000000001,6.680300000000001,8.4567,11.8624,6.9093,8.8887,4.5455,12.4447,6.3453,7.7623999999999995,9.5321,10.6677,5.765700000000001,8.6155,5.9533,7.292699999999999,6.555400000000001,8.454899999999999,7.7178,11.1524,13.3034,12.838799999999999,11.450499999999998,6.046200000000001,5.3588,7.5359,12.1853,7.965,6.0794,6.1137,7.241899999999999,5.9984,9.1778,11.0257,6.657799999999999,7.8626000000000005,9.3151,9.9226,4.8705,24.4585,15.3622,5.765700000000001,9.8033,6.5687999999999995,8.342600000000001,8.7888,5.2265999999999995,10.0801,6.392600000000001,8.882,8.6725,11.5615,8.9989,6.9483999999999995,12.976199999999999,8.206399999999999,7.7324,6.7035,9.3139,5.1081,23.8792,8.040799999999999,6.2119,6.9823,6.5252,6.1532,8.9999,4.2887,8.373199999999999,7.1641,9.5296,2.8633999999999995,8.3446,7.554899999999999,6.4725,8.492799999999999,8.1565,9.7556,8.974,9.9413,9.7412,7.2148,6.4833,12.2408,13.0462,10.3544,6.9265,5.765700000000001,10.7517,7.5534,9.113000000000001,8.2437,8.2845,3.5207,8.892,8.8667,8.25,5.765700000000001,9.1037,12.9212,8.419599999999999,4.7171,4.0001,11.270399999999999,5.5916,6.4712,5.6462,9.5273,8.9698,8.2845,8.0716,8.6212,9.7941,5.532399999999999,12.3693,2.4577999999999998,8.3772,9.3443,5.765700000000001,5.765700000000001,9.803600000000001,5.765700000000001,8.699000000000002,10.3651,7.2943,7.7364999999999995,6.5821,9.5322,7.4275,11.4221,9.113,6.6270999999999995,10.0741,3.4025,4.0011,11.270600000000002,5.1768,10.0525,7.1708,6.6448,1.8154,9.9595,10.660599999999999,10.4603,7.194299999999999,6.8863,6.3382000000000005,10.1913,9.8611,10.3901,9.1461,10.168800000000001,7.873900000000001,8.9819,6.9277999999999995,8.003,7.3969,7.4382,12.9561,11.055800000000001,10.108699999999999,9.733900000000002,9.1587,8.012899999999998,6.3078,6.1181,5.4597999999999995,5.765700000000001,8.645900000000001,8.7072,9.867,5.5099,4.106400000000001,7.264900000000001,10.9528,6.643000000000001,6.755899999999999,7.100099999999999,9.2567,8.5525,6.2725,5.7702,8.9338,4.2565,13.1666,4.0089999999999995,8.4156,7.494999999999999,8.9056,6.8683,4.4672,9.624299999999998,8.2749,2.5561,12.723200000000002,11.5825
2008-05-14,1709.0589000000004,903.6961000000002,805.3628000000003,466.9345,436.7616,399.5237,405.8391,8.6768,9.1762,11.4263,8.7809,8.5872,6.831300000000001,8.4374,12.2597,5.5733999999999995,9.5793,4.704899999999999,14.0034,6.5216,7.8455,10.091800000000001,10.183700000000002,5.873099999999999,8.006699999999999,6.183999999999999,7.248600000000001,9.5268,7.6667000000000005,8.3065,11.334299999999999,13.9805,12.713999999999999,12.5263,6.736800000000001,4.9023,7.6439,12.4726,7.9435,6.135400000000001,6.1093,6.0799,5.9989,25.610799999999998,11.9013,6.7872,7.889100000000001,8.587,10.020800000000001,4.9782,25.214100000000002,16.6139,5.873099999999999,9.4937,6.617000000000001,8.5768,8.702,8.1783,11.320599999999999,6.212400000000001,9.4998,10.054400000000001,11.2087,11.1021,7.1988,10.9185,9.2163,7.5398,6.8431999999999995,9.259,5.153700000000001,25.3341,8.2651,5.802899999999999,6.7028,6.7075000000000005,6.1295,9.5694,4.3009,8.4254,7.7231000000000005,11.639,2.7673,8.220099999999999,7.9696,6.4862,8.2133,8.034500000000001,6.8231,12.303400000000002,10.682099999999998,9.0406,7.289199999999999,8.6416,12.5891,13.6297,11.6887,7.318899999999999,5.873099999999999,9.952,7.523999999999999,9.1348,8.390999999999998,8.3916,3.4846,9.2513,8.7565,9.2697,5.873099999999999,9.764199999999999,11.067900000000002,8.538,4.5367999999999995,3.9329,11.6267,6.0299,6.182600000000001,5.6928,11.941199999999998,7.748099999999999,8.3916,7.3950000000000005,8.165,9.0359,5.4396,14.003,2.4913,9.3638,10.3782,5.873099999999999,5.873099999999999,12.892100000000001,5.1364,7.7496,10.597800000000001,7.4192,7.946299999999999,6.9846,10.425,7.5669,10.8783,9.1908,6.935,8.1594,3.2292,3.9698,11.7149,5.3824000000000005,8.184000000000001,7.2722999999999995,6.8481000000000005,2.7365,10.848500000000001,10.289100000000001,12.1497,7.6103000000000005,8.794,7.9916,10.5243,11.212299999999999,10.424,8.5565,10.4314,7.9077,8.135100000000001,7.1068,7.922000000000001,8.4481,9.1436,13.309,10.572500000000002,9.458,10.3902,10.967799999999999,9.6187,6.107,6.155899999999999,5.4976,5.873099999999999,8.7926,8.8499,10.0375,5.3402,4.134399999999999,7.207800000000001,5.9646,6.5642,6.5637,6.8068,9.013100000000001,8.5267,6.3101,5.979900000000001,8.7498,4.45,12.5393,4.0542,9.5627,6.993399999999999,9.4019,6.8738,3.0522,9.854,7.7758,2.6605,13.157399999999999,10.8694
2008-05-15,1733.4323,893.7803000000002,839.6519999999997,455.62210000000005,438.15819999999997,413.4762,426.1758000000001,9.0831,9.221,8.5591,9.2301,9.0326,7.1403,9.1022,9.9764,7.168799999999999,9.0194,4.7185,11.4991,6.6297999999999995,8.788900000000002,10.402000000000001,10.6279,5.9546,9.2028,6.0336,7.813600000000001,6.7989999999999995,10.262699999999999,8.5294,9.964500000000001,16.5755,14.6732,10.9754,6.1537,5.609300000000001,8.1352,12.633600000000001,8.1807,6.1599,6.29,7.549799999999999,6.0299,6.8245000000000005,11.6449,7.0007,8.0563,7.7524999999999995,11.6114,5.439599999999999,25.5927,16.6928,5.9546,9.511999999999999,6.8421,9.9435,9.0289,5.3827,11.7887,6.5676000000000005,10.7873,10.2528,12.734100000000002,10.2842,7.2863,10.993099999999998,8.418199999999999,8.0138,6.8553999999999995,10.0498,5.4276,20.775,8.319899999999999,6.903700000000001,7.541200000000001,7.0225,6.6157,9.7733,4.3721,8.7153,7.3052,9.8476,3.0134000000000003,6.7849,7.7989,6.8305,7.6228,8.4995,11.2867,10.0448,8.558800000000002,12.303999999999998,7.9324,7.904400000000001,14.5691,14.043399999999998,11.4756,5.9546,5.9546,10.2951,7.2712,9.4939,8.5046,8.5548,3.5533,8.9847,8.8891,8.6667,5.9546,9.1978,9.9943,8.6854,4.7894,3.9518999999999997,11.6938,6.1854,7.686,5.6256,11.396799999999999,8.2562,8.5548,7.896,13.1918,8.602,5.9001,10.095600000000001,2.5556,8.826900000000002,9.6266,5.9546,5.9546,11.290099999999999,5.8377,7.877199999999999,12.346599999999999,6.6334,8.0808,7.2959000000000005,8.3968,13.7125,11.8598,10.0116,6.9963999999999995,8.456800000000001,3.7245,4.1197,11.9543,5.452999999999999,10.405899999999999,7.1403,6.995,4.497999999999999,10.4143,11.5883,12.1829,8.1702,8.791699999999999,8.5124,11.0356,13.3673,9.9495,8.8126,10.346499999999999,6.865200000000001,9.297,7.3301,8.2392,8.6188,8.2296,13.889800000000001,10.6611,10.0662,11.794599999999999,9.254299999999999,9.8668,6.7005,6.4877,5.5794,5.9546,9.4064,8.8665,9.9363,5.8131,4.2965,7.6237,9.6687,8.4515,5.3449,8.7142,9.5149,9.353299999999999,6.3916,5.8954,8.217200000000002,4.7272,12.746599999999999,4.0742,10.3153,7.3482,12.029599999999999,7.1025,2.6247,10.1465,8.3679,2.7769,12.6691,12.894100000000002
2008-05-16,1707.7714,869.5547999999998,838.2166000000003,444.89869999999996,424.6560999999998,401.83670000000006,436.3799,9.264800000000001,9.513,7.1654,8.7141,10.0915,7.3645,14.516200000000001,8.7141,5.597700000000001,9.4649,4.7631,9.2012,6.8078,8.4012,6.2555,10.699300000000001,6.146800000000001,9.137,6.2858,8.7141,7.032,7.589,8.7257,8.9263,14.2677,15.154,11.0775,5.9086,5.6807,8.378799999999998,12.752,8.499,6.1228,5.8535,6.6795,5.6546,8.2456,12.168299999999999,7.2464,8.4756,6.146800000000001,12.5146,5.1849,24.5283,16.8743,6.146800000000001,8.0954,6.6995000000000005,8.7384,8.7141,5.1916,10.4372,7.644699999999999,10.6542,8.029499999999999,12.2412,9.013,7.7079,10.8575,8.674800000000001,7.4325,6.3111,8.834399999999999,5.3549999999999995,15.725200000000001,8.796299999999999,6.374600000000001,6.7636,7.0642,6.805400000000001,10.2628,4.4498999999999995,8.83,7.5538,9.2814,3.0307,6.146800000000001,7.9073,7.0001999999999995,7.2959000000000005,8.4553,6.424799999999999,9.4,8.7141,13.2767,10.160400000000001,8.708,13.0421,15.0807,8.9172,6.146800000000001,6.146800000000001,11.2789,7.532,9.715599999999998,8.689599999999999,8.7141,3.7430000000000003,9.4158,9.421500000000002,8.7141,6.146800000000001,9.041300000000001,8.7141,6.146800000000001,4.7081,4.3645,11.621199999999998,5.531899999999999,6.39,5.861299999999999,9.3181,8.7141,8.7141,7.904299999999999,14.970099999999999,8.343,5.7564,6.146800000000001,2.5584000000000002,8.915,8.6009,6.146800000000001,6.146800000000001,10.4764,5.4834,6.9271,12.5146,6.146800000000001,8.0626,8.8049,8.7141,14.970099999999999,10.346499999999999,10.692,6.8873,8.8085,3.8388999999999998,4.1261,11.2255,5.6679,7.623800000000001,7.5997,8.478200000000001,6.146800000000001,10.3484,12.449800000000002,10.2628,6.7156,9.044,9.3472,11.519300000000001,14.970099999999999,7.2088,19.5478,7.817399999999999,5.4895,8.6975,7.208699999999999,8.331800000000001,10.074399999999999,8.7141,13.1447,10.3919,9.965399999999999,11.3566,8.7141,10.6652,7.1207,7.104900000000001,5.7661999999999995,6.146800000000001,9.449200000000001,8.265799999999999,9.6493,6.3795,4.187200000000001,7.7448999999999995,5.5225,10.2628,4.2961,11.0061,10.7961,8.9036,6.146800000000001,6.1129999999999995,6.146800000000001,4.4959,12.8011,4.4219,11.6234,7.5832,10.9183,7.527100000000001,2.7946,10.2628,9.6809,2.7759,13.645999999999999,13.676
2008-05-17,1379.3251,714.1206,665.2045000000002,358.5287000000001,355.59190000000007,329.5252000000001,335.67930000000007,6.8413,9.5298,8.042100000000001,6.846499999999999,7.8515,6.148,7.531000000000001,10.028500000000001,4.5315,7.338699999999999,4.0844000000000005,10.5734,5.245,6.91,5.3361,7.9151,4.777,6.9086,4.8873,6.5925,6.358700000000001,6.1808,7.3952,9.082,8.9108,7.048000000000001,8.6008,4.2768999999999995,4.1301,6.1099000000000006,11.6263,6.6142,3.8511999999999995,5.3233,5.1635,5.4062,8.057699999999999,9.7825,5.6057,6.8434,7.842599999999999,7.161,4.165500000000001,22.189500000000002,9.930900000000001,4.777,8.6518,4.8311,7.481400000000001,7.212400000000001,22.3804,8.8741,5.508900000000001,7.1255,6.4252,10.7667,6.167,5.7511,8.603000000000002,9.8844,3.7632000000000003,5.5569999999999995,6.321400000000001,4.0105,18.0685,7.8232,4.9439,4.9484,6.2329,5.6571,7.0383000000000004,2.7089,7.405100000000001,6.0067,8.270800000000001,2.5290999999999997,6.3123,6.0677,6.5329,6.1242,6.3132,5.8713999999999995,9.178,9.2116,6.852,6.4104,6.7224,8.5518,7.3322,6.0242,4.777,4.777,8.0935,5.7223,10.223700000000001,7.0595,6.9428,3.0233999999999996,7.24,7.4571000000000005,7.8913,4.777,7.8573,8.906400000000001,8.3966,3.904,3.4491,9.2486,8.9398,5.355700000000001,5.0632,6.3628,6.8319,6.9428,14.4926,6.5,6.3708,3.7621,15.5194,2.3856,6.8642,6.3044,4.777,4.777,7.3633,4.3752,5.5432,7.835500000000001,6.6254,5.3765,6.1645,6.9709,7.3966,8.006,7.1953,4.7955000000000005,6.954700000000001,2.7656,2.4116999999999997,8.6453,4.4514,6.2475000000000005,6.974600000000001,6.631699999999999,2.5313,8.1188,7.964,10.455,5.3353,6.710800000000001,11.761,9.000900000000001,6.482100000000001,3.1218,6.8286,7.550199999999999,7.642,7.0779,5.5938,6.3261,6.4811000000000005,7.328200000000001,10.3504,7.5507,7.341200000000001,7.475899999999999,7.233300000000001,7.080900000000001,4.852600000000001,5.6431000000000004,4.7193000000000005,4.777,9.2392,7.4333,8.5365,5.1491999999999996,2.5486,5.7536000000000005,4.617800000000001,6.1198,3.5415,6.4489,7.585700000000001,6.381699999999999,5.7028,4.7392,6.3209,3.9832,9.3659,4.7514,5.0924000000000005,5.4202,6.5815,6.3133,4.1398,9.3354,5.7604,1.7792,11.363100000000001,19.456699999999998
2008-05-18,1135.8781,590.3812999999998,545.4968,307.1774,283.20390000000003,268.5421,276.9546999999999,5.5047999999999995,6.7049,7.2286,5.891400000000001,6.6290000000000004,5.1257,5.7433,8.608799999999999,3.7112,6.1103000000000005,3.5061,9.4636,4.3155,5.797,4.8435,6.5642,4.0254,5.538399999999999,4.3452,5.908200000000001,6.5003,5.6154,5.8742,7.972,7.608499999999999,5.9827,7.1917,3.7152000000000003,3.1652,4.945,10.139100000000001,5.352,3.2442,4.8339,4.0443,4.5951,13.0318,7.9199,4.5699,5.6032,7.672500000000001,6.6073,3.7079999999999997,18.2098,7.6012,4.0254,5.6396999999999995,4.144400000000001,5.6357,6.4647,3.899,7.8306,4.6457999999999995,5.6544,5.658799999999999,7.5243,4.8629,4.7379,7.884899999999999,8.252099999999999,3.0618999999999996,4.6706,4.7775,3.8669999999999995,16.1725,6.8787,3.9669,3.9165,4.9244,5.1823999999999995,5.7496,2.2515,5.9981,5.1033,6.8573,2.5412,5.7758,5.273,5.347300000000001,5.5567,5.293699999999999,5.5079,6.7333,8.309099999999999,5.6243,5.5026,5.4092,7.204199999999999,5.819100000000001,5.2537,4.0254,4.0254,6.587599999999999,4.6587,7.5121,6.238200000000001,5.8507,2.8598,5.9427,6.023299999999999,6.7661999999999995,4.0254,4.7713,8.2855,7.930999999999999,3.1797,3.3316,8.3909,4.4608,5.0144,3.9074999999999998,5.0899,6.418799999999999,5.8507,6.1541999999999994,5.7665,5.2575,3.3752,8.2856,2.144,5.8217,5.3621,4.0254,4.0254,5.8222000000000005,3.7307,4.5478,7.285699999999999,6.0983,4.6067,4.9838000000000005,6.0305,6.920299999999999,6.803699999999999,5.8049,4.0378,5.1796999999999995,2.4808,1.9231,7.7642999999999995,3.8853999999999997,5.0898,6.464700000000001,5.5532,4.0254,6.8237,6.527299999999999,9.1022,4.3370999999999995,5.0717,6.3799,7.136199999999999,5.971,2.8099999999999996,6.052999999999999,6.3632,7.2409,6.0163,4.6932,5.3866000000000005,5.4331,7.3939,7.004099999999999,6.0707,5.9254999999999995,5.999700000000001,6.4777,6.7882,4.1488,4.7552,4.0292,4.0254,6.1567,6.5203,7.892,5.1898,2.0152,4.5528,4.4347,5.8591999999999995,2.9640000000000004,5.4514,6.7515,5.1569,5.1162,4.1889,5.856199999999999,3.2462,7.8552,3.8636,4.3647,4.5377,5.3129,6.7125,2.1675,8.6053,4.8355999999999995,1.4268,10.786,9.033100000000001
2008-05-19,1625.2664000000004,858.6641000000003,766.6023,454.2851000000001,404.3790000000001,376.7541,389.8482,8.2225,8.9325,10.1015,8.6858,8.6062,6.6007,7.6772,11.1497,5.2696000000000005,7.9209,4.5359,12.1662,6.2348,7.3613,6.9871,9.5596,5.5933,7.7058,5.8898,6.9439,7.1907,7.6837,7.0066999999999995,10.742500000000001,13.5348,12.9796,11.633799999999999,5.3061,5.055,7.5593,12.1007,7.640899999999999,5.836,6.0745000000000005,6.2511,5.5856,43.323299999999996,10.198699999999999,6.3698,7.4645,8.4315,9.6249,4.8632,23.9093,15.6093,5.5933,7.3895,6.2416,8.3625,8.5784,10.0644,9.916800000000002,6.0962,8.4911,7.549300000000001,12.715500000000002,7.869800000000001,6.738899999999999,10.2217,8.6655,7.4434,6.686100000000001,7.9672,5.050599999999999,24.1363,7.8154,5.674099999999999,6.4847,6.4393,6.233700000000001,8.558399999999999,4.16,8.0557,6.5071,9.135000000000002,2.7759,7.817799999999999,7.506600000000001,6.1731,7.9348,7.8443,6.59,8.7156,9.761099999999999,8.2362,7.0776,8.2351,12.220600000000001,12.6661,8.6823,5.5933,5.5933,9.755099999999999,6.7601,9.23,8.9456,7.933000000000001,3.5088,7.892499999999999,8.254,8.8013,5.5933,8.649899999999999,10.514199999999999,8.3552,4.4733,4.0476,11.773,5.4873,6.2199,5.3683,8.1601,7.718,7.933000000000001,7.7501,8.0049,8.799499999999998,5.3965,8.991900000000001,2.4104,8.432300000000001,8.3417,5.5933,5.5933,8.9934,5.4444,7.7497,12.2683,7.918199999999999,7.5977,6.5625,9.0838,7.446,10.709900000000001,9.7906,7.0946,7.9135,3.2443,3.8217,10.9588,5.0161,7.7249,7.4785,6.4207,5.5933,9.7321,10.267700000000001,10.3323,8.4627,6.7200999999999995,7.532299999999999,10.7824,10.1848,8.8392,9.1813,9.768699999999999,8.0093,8.072,6.8161000000000005,7.7433,8.973400000000002,7.8482,10.589200000000002,10.0225,8.769200000000001,9.1471,8.646,9.139800000000001,7.9884,6.1311,5.429499999999999,5.5933,9.3521,7.6606,10.543099999999999,6.9861,3.7041000000000004,8.2021,5.5427,6.491,5.4877,7.2856,8.8456,7.6022,6.1545,5.6892,8.5577,4.0565,11.7987,3.9533999999999994,8.6022,6.488100000000001,7.9193,7.3002,2.4152,9.91,7.5749,2.3945,13.0097,11.114099999999999
2008-05-20,1684.0192000000002,875.1354999999999,808.8837000000002,445.29259999999994,429.8428999999999,395.06890000000004,413.8148,9.0769,9.2001,10.8307,9.2299,9.035,6.878,9.6391,11.1484,5.503399999999999,9.1038,4.688000000000001,12.3675,6.3961,7.6263,8.639199999999999,10.5324,5.765700000000001,9.639199999999999,6.0771999999999995,7.3469,9.8405,7.481199999999999,7.8448,11.628,13.3353,13.996299999999998,12.3901,6.7531,5.0618,7.925899999999999,12.2409,7.8724,6.0999,6.2081,7.236700000000001,5.6347000000000005,5.6924,10.6207,6.7928999999999995,7.9626,8.5944,9.8164,5.047999999999999,24.41,17.2057,5.765700000000001,6.9317,7.1297,9.922,9.126900000000001,4.6463,10.2867,6.317500000000001,11.000599999999999,9.8316,10.7815,11.0721,7.1562,10.2096,9.2435,8.036200000000001,6.872,8.3719,5.218299999999999,25.704700000000003,7.9451,5.9581,7.222099999999999,6.5784,6.1663,8.9999,4.3029,8.8765,6.666399999999999,9.729199999999999,2.7603999999999997,8.2474,7.7104,6.493,8.5984,8.1512,8.9458,8.8276,10.1636,12.1869,7.3844,9.269099999999998,12.0682,14.0557,10.726500000000001,5.765700000000001,5.765700000000001,11.447600000000001,7.1239,9.1922,8.341800000000001,8.2845,3.5401,8.826799999999999,8.772400000000001,9.0533,5.765700000000001,10.3406,10.418,8.6138,4.4683,4.0085,13.980500000000001,5.9053,6.815,5.639199999999999,11.651,7.6333,8.2845,7.853200000000001,9.175,8.1031,5.4773,11.7006,2.5637999999999996,8.7243,9.6644,5.765700000000001,5.765700000000001,12.538599999999999,6.5425,8.9508,9.976,7.4604,7.8713,6.5636,9.7959,7.516000000000001,12.2111,10.139700000000001,4.4174,8.5694,3.3657,3.8796999999999997,11.236300000000002,5.080399999999999,7.0649999999999995,7.3988,6.7386,3.1608,10.5535,10.533100000000001,10.4024,8.117999999999999,7.6138,7.695,10.761400000000002,11.0999,8.8232,9.0623,10.8656,7.8564,8.7605,7.0827,7.9847,9.0322,9.6414,13.0661,10.5259,9.0307,12.588599999999998,10.7779,9.8433,6.872399999999999,6.236700000000001,5.5479,5.765700000000001,10.192799999999998,9.272099999999998,9.6634,7.6979,3.8689,7.2005,6.4496,6.5182,4.9946,7.4839,9.0075,7.4565,6.2157,5.8719,8.6767,4.1233,13.8487,4.2835,9.395700000000001,7.084,11.4207,6.991199999999999,2.419,9.8834,8.6208,2.5571,12.7438,10.9529
2008-05-21,1721.2664,895.9698000000001,825.2966,451.98429999999996,443.98550000000006,402.56209999999993,422.73449999999997,8.808799999999998,10.635000000000002,11.146,8.9376,9.3579,7.1328,9.6209,11.647200000000002,6.6128,8.7503,4.7105,13.0015,6.375299999999999,7.8248999999999995,8.733500000000001,11.0778,5.873099999999999,8.3728,6.2012,7.6443,7.7261999999999995,7.508100000000001,7.2555,12.0372,13.778699999999999,14.418500000000002,10.5474,6.2136000000000005,5.1507,7.6026,11.979800000000001,7.834599999999999,6.3812999999999995,6.2582,10.036,6.0041,5.9548000000000005,11.186599999999999,6.6819,8.1645,8.5442,10.066299999999998,4.9473,24.1163,17.164,5.873099999999999,11.6438,6.7394,8.915000000000001,8.7904,9.2448,11.9004,7.4881,11.0242,9.8967,12.8069,12.0473,7.052199999999999,10.547699999999999,9.8575,7.8803,6.5519,8.2425,5.279299999999999,25.1453,8.2744,6.019499999999999,6.6244,9.3824,6.0977,9.5694,4.1219,8.5216,7.8539,9.602799999999998,2.8218,9.0966,7.5874,6.0312,6.432200000000001,8.2527,7.2067,13.9492,11.2591,11.0421,3.3775000000000004,8.6321,12.9201,15.909600000000001,11.200800000000001,5.873099999999999,5.873099999999999,11.2833,7.3384,9.2426,8.0821,8.3916,3.4999000000000002,8.614899999999999,9.0343,10.7938,5.873099999999999,9.5609,10.671199999999999,8.2975,4.4382,4.0097000000000005,11.7216,6.3594,6.0868,5.6692,13.042200000000001,8.048200000000001,8.3916,8.063600000000001,11.0606,9.1521,5.0866,14.466899999999999,2.5588,8.8596,8.8585,5.873099999999999,5.873099999999999,13.4206,5.6442,9.209399999999999,11.5059,10.6799,7.904800000000001,6.646699999999999,9.5365,7.6714,11.1951,8.6332,2.3203,7.901599999999999,3.3739999999999997,3.9605,11.136700000000001,5.3763,8.535499999999999,7.513599999999999,6.9597,4.1467,8.9505,11.0725,10.2324,7.783599999999999,8.4342,8.7701,11.8369,11.049300000000002,9.122499999999999,8.217099999999999,10.2924,7.7898,8.5333,6.9193,7.8552,8.2914,8.426200000000001,11.9738,10.3428,9.9435,12.5144,11.060799999999999,8.6944,6.6728999999999985,6.1381,5.5396,5.873099999999999,11.4257,9.427,9.665799999999999,7.7112,3.9124,7.1749,5.6833,7.0158000000000005,5.035299999999999,7.801,10.1168,8.859,6.4283,6.1469000000000005,9.053899999999999,4.2214,14.3725,3.9829,9.4725,7.3369,10.4754,6.8301,2.4514,10.165499999999998,11.691500000000001,2.6002,13.3384,14.4816
2008-05-22,1772.8456000000006,909.0229,863.8227000000005,461.1975,447.8254000000001,439.1945000000002,424.6282,6.6105,5.9546,6.5146,10.7128,9.7974,7.3157,11.0739,5.9546,5.944599999999999,32.5355,6.533799999999999,13.394100000000002,3.7482,12.501000000000001,10.084699999999998,3.1242,4.7608,11.3827,4.713900000000001,7.413499999999999,8.8092,14.7224,4.5722000000000005,11.5979,15.2394,9.3156,5.9546,21.516,10.5012,11.0776,4.9738999999999995,6.4258999999999995,6.7087,9.872399999999999,9.5506,10.841000000000001,5.2874,6.3719,6.9163,7.3012,8.1039,10.3138,6.563599999999999,8.7715,16.5046,12.5882,10.0108,6.8666,7.893400000000001,5.9546,6.4097,7.0382,3.4128,11.490199999999998,9.4753,9.8995,9.1179,8.7324,7.967599999999999,7.8125,8.5871,9.348,8.594999999999999,5.3192,24.9998,5.9546,6.1223,15.9485,6.9323999999999995,8.39,13.565100000000001,4.6864,8.6767,7.0128,6.9106000000000005,3.0439,18.551099999999998,5.9546,8.9934,6.856400000000001,11.869,7.3103,7.6968,8.6268,9.693100000000001,2.2007000000000003,8.8279,3.6822,17.3234,11.8125,4.9491,10.9925,7.7671,6.768699999999999,10.663499999999999,15.3228,8.4569,8.8356,8.814300000000001,10.4082,14.0695,3.0239999999999996,10.3438,6.3847,10.7699,7.039,4.2244,7.5553,11.755,6.9106000000000005,4.805,9.291899999999998,7.8906,8.5548,18.0654,8.1006,6.680000000000001,2.917,14.485199999999999,6.546900000000001,5.6182,6.5959,5.9546,8.7952,11.8967,8.913900000000002,9.781500000000001,5.4254999999999995,6.346699999999999,9.7006,9.459700000000002,10.7366,11.2837,11.1917,9.7103,9.4267,8.6937,4.301500000000001,8.881999999999998,10.6543,5.7952,8.736799999999999,16.054000000000002,9.8523,12.1563,12.714500000000001,4.1254,4.4479,13.842300000000002,8.6872,9.9639,11.954899999999999,11.7359,9.2624,8.938699999999999,9.881,4.0455000000000005,12.4754,8.496,8.4654,6.2926,8.912399999999998,9.7111,8.555499999999999,9.4978,7.6867,9.743,7.4872,6.5084,4.9455,5.8049,7.141299999999999,9.6822,9.6234,8.686,5.8268,10.242799999999999,7.6121,8.8238,6.5291999999999994,4.744,8.829699999999999,9.832799999999999,10.7594,7.3248,7.6907000000000005,9.636700000000001,6.9604,9.1355,5.9546,10.021799999999999,8.0235,7.4594000000000005,7.295399999999999,7.875,11.0836,5.5751,2.6921,14.500799999999998,14.7011
2008-05-23,1686.1009999999999,866.1622999999997,819.9387000000002,452.33379999999994,413.8285000000001,402.74520000000007,417.1934999999999,7.560600000000001,6.146800000000001,8.2758,6.461,10.578800000000001,7.9156,22.665300000000002,8.217400000000001,5.3948,9.0522,4.7356,11.8265,10.741299999999999,11.2557,6.3414,6.146800000000001,4.8239,11.9722,8.7141,7.4845999999999995,9.4457,13.6159,6.146800000000001,11.8811,17.2718,6.9895,5.643599999999999,5.3974,5.5045,7.8917,5.4792000000000005,8.457600000000001,5.912699999999999,6.2195,9.2118,9.942799999999998,6.146800000000001,6.286700000000001,7.091199999999999,8.2427,11.942400000000001,9.2983,8.1495,23.5561,18.6959,6.146800000000001,8.6447,10.620899999999999,8.7572,7.432600000000001,4.8309999999999995,10.2204,9.676200000000001,10.0853,8.944600000000001,11.036399999999999,7.4997,3.7695,10.5011,5.867,5.9527,6.7759,4.2778,5.3263,26.6346,6.146800000000001,6.086,9.328299999999999,6.9186000000000005,11.07,8.3062,4.2019,8.579,6.843,9.1097,15.5607,6.146800000000001,8.5733,8.0936,6.702500000000001,8.308399999999999,6.833600000000001,7.769399999999999,9.7118,8.6926,2.2729,8.459800000000001,3.5077,18.753800000000002,8.259,6.146800000000001,9.1628,6.500500000000001,7.5832999999999995,9.6691,10.080400000000001,6.146800000000001,4.682,7.9235,10.2994,10.7006,6.146800000000001,8.887599999999999,10.762500000000001,8.7141,6.146800000000001,4.487399999999999,11.2631,6.309,6.232,5.8611,7.5194,8.1913,8.7141,19.445100000000004,9.4026,6.934099999999999,5.7408,14.773,2.2889,4.5898,8.4509,6.146800000000001,6.146800000000001,10.0406,9.4713,6.8155,5.5661,6.5868,10.192599999999999,4.2857,9.2188,8.821,8.6347,9.2661,6.0186,7.8974,3.4080000000000004,8.7214,11.605599999999999,5.3886,15.0868,14.134799999999998,6.340199999999999,6.146800000000001,8.886800000000001,5.4669,5.2486,6.2789,9.362,10.9777,11.7379,9.7792,7.2415,7.4344,7.7911,10.0,5.211600000000001,7.403899999999999,8.1997,7.7335,14.8016,8.8478,9.8823,9.2952,11.2563,10.597100000000001,5.5181000000000004,6.637099999999999,16.8617,5.7646999999999995,8.5991,4.011900000000001,7.9315,9.7913,8.229700000000001,3.8960999999999997,7.4038,9.5088,18.0017,4.1602,4.922,9.2915,7.5802,6.9617,7.3957,8.4086,9.148,8.1552,9.2724,8.6078,7.1232999999999995,5.534800000000001,7.6506,9.035400000000001,10.055900000000001,3.5901,2.6464,12.7894,4.518
2008-05-24,1220.1838,621.9893000000001,598.1945,332.8554000000001,289.13390000000004,300.48189999999994,297.7126,5.892899999999999,4.777,6.0296,5.503,8.175,6.535,12.541,6.3011,4.2323,7.2444999999999995,3.2855,7.895,9.161000000000001,6.4358,4.871599999999999,4.777,3.6919,8.9165,6.9428,6.3377,5.2288,6.634399999999999,4.777,8.7357,8.3683,4.2032,8.6952,3.9953000000000003,3.8831000000000007,5.513399999999999,4.223,6.1225000000000005,3.5250999999999997,4.824,7.531,9.45,4.777,4.447900000000001,5.1949000000000005,6.2924,11.837499999999999,6.8861,7.8716,22.0405,8.897400000000001,4.777,6.228999999999999,6.4808,6.6575,5.2096,4.4168,8.145800000000001,5.3245,6.7797,6.5558000000000005,8.548300000000001,5.3401,3.3963,7.5859000000000005,5.162800000000001,3.534,4.8901,3.8221000000000003,3.8089999999999997,17.2245,4.777,4.5506,6.630599999999999,5.2985,7.374499999999999,6.4227,2.3757,6.601100000000001,5.0259,7.1083,4.2196,4.777,5.9248,5.501799999999999,4.7863,5.2924,5.1729,5.770300000000001,6.5107,6.4443,1.8426000000000002,5.4619,2.4622,8.2437,5.3831,4.777,7.699,4.1136,5.4657,7.8778999999999995,7.7794,4.777,4.8666,6.26,7.0235,8.4729,4.777,6.3462000000000005,7.9136999999999995,6.9428,4.777,4.1865,8.003,4.5085999999999995,5.1519,4.8149999999999995,5.4139,5.982799999999999,6.9428,13.493599999999999,7.4607,5.7878,4.1647,9.2532,2.1223,2.9576999999999996,5.9277,4.777,4.777,6.9495000000000005,7.9335,5.3522,4.2725,4.5938,8.5258,2.9115,7.5853,7.7326,7.2296,6.5114,4.4208,5.8339,2.6237000000000004,6.66,7.802000000000001,4.0394000000000005,12.214500000000001,7.6651,5.1937,2.5524999999999998,7.9001,3.1563,4.834999999999999,4.8392,6.1922,6.3369,7.7478,4.8187999999999995,4.5419,4.9375,6.1104,7.6271,3.4648999999999996,5.1586,5.8702,6.2777,7.804,9.1868,7.0541,6.556899999999999,7.2895,8.351700000000001,4.0668,4.801200000000001,10.452300000000001,4.1312999999999995,6.2292000000000005,2.7201,6.0569,7.4939,6.681,2.2711,5.3239,5.2651,13.655000000000001,2.9883,2.0317,7.5638000000000005,5.681900000000001,5.7026,5.890000000000001,6.0845,4.9913,6.6831000000000005,7.6899999999999995,4.9269,5.1304,4.2808,6.4178999999999995,6.915,7.657399999999999,2.8724,1.4926,11.273299999999999,3.1561
2008-05-25,1044.0661999999998,525.5898,518.4763999999999,271.8497,253.74009999999996,259.84889999999996,258.6275,5.319800000000001,4.0254,4.8817,5.2940000000000005,6.749499999999999,5.0137,5.5753,5.3552,3.5003,6.8579,3.0758,6.6693,7.632999999999999,5.4033,4.6594,4.0254,3.3875,7.672899999999999,5.8507,6.201499999999999,4.7515,5.6851,4.0254,7.727,7.9535,3.5661,5.548500000000001,3.5679000000000003,3.0597,4.6136,3.5796,5.0995,3.1829,4.2742,3.9025,6.612,4.0254,3.8712,4.289300000000001,5.4542,5.964899999999999,6.3056,7.1216,19.0017,7.2197,4.0254,4.5357,5.552199999999999,5.6375,4.544700000000001,4.552300000000001,7.6412,4.622400000000001,5.4759,5.846799999999999,8.3508,4.747300000000001,3.2969999999999997,7.1923,4.8966,3.0191,4.338100000000001,3.6591000000000005,3.4737999999999998,15.791699999999999,4.0254,3.6253,6.2243,4.5381,6.680199999999999,5.8708,2.0479,5.5997,4.3695,6.9222,3.7022,4.0254,5.4687,4.6898,4.2339,4.4121999999999995,4.5487,5.0805,4.8323,5.2035,1.7644,4.6033,2.1803999999999997,5.9204,4.877,4.0254,7.1859,3.3381,4.5074000000000005,7.4703,6.218,4.0254,3.0685,5.756600000000001,5.7940000000000005,6.889600000000001,4.0254,5.4543,7.4803999999999995,5.8507,4.0254,3.9518,7.477600000000001,4.5424,4.727,3.9548,4.7868,5.4669,5.8507,8.620000000000001,6.3058,5.1114,3.6346,6.845499999999999,2.131,2.6071,5.133699999999999,4.0254,4.0254,5.716900000000001,6.809499999999999,4.587400000000001,3.5516,3.7412,7.387599999999999,2.4385000000000003,5.8044,6.8746,5.879700000000001,5.452500000000001,3.8406000000000002,4.9496,2.4142,5.8495,7.259399999999999,3.7069,11.5565,6.3894,5.079,4.0254,6.8639,2.6507,4.6965,4.2579,5.1418,5.276,7.6993,4.105499999999999,3.6924,4.468999999999999,4.9589,6.483399999999999,3.1628999999999996,4.5509,5.2199,5.8217,5.0668999999999995,5.9794,5.6571,5.5049,5.909199999999999,7.900399999999999,4.379,4.119199999999999,7.2186,3.6336,5.2379999999999995,2.2702999999999998,5.3633999999999995,7.150799999999999,5.5565,1.8411,4.271000000000001,4.5019,8.7225,2.6342,3.8036000000000003,6.9047,5.1076999999999995,5.128,5.537599999999999,5.7947,4.6251,6.138199999999999,6.8534999999999995,4.1823999999999995,4.4496,3.8755,6.868,6.5687999999999995,7.039300000000001,2.8975,1.3062,10.0549,3.1342999999999996
2008-05-27,1584.8850999999997,806.2731999999999,778.6118999999999,410.3456999999999,395.92749999999995,391.9734,386.63850000000014,7.1693,5.765700000000001,7.5446,6.7999,8.836,6.4493,7.459899999999999,7.6169,5.1455,10.0183,4.250299999999999,10.729099999999999,11.563199999999998,8.3415,10.2955,5.765700000000001,4.6307,10.4282,8.2845,8.0212,7.251,12.643899999999999,5.765700000000001,11.1888,15.095600000000001,6.0855999999999995,6.4670000000000005,6.1854,4.911099999999999,9.137,4.0181000000000004,7.639399999999999,5.9405,5.877,6.969600000000001,10.484000000000002,5.765700000000001,7.1271,6.3991,7.7291,6.666500000000001,9.7568,8.2072,24.8662,16.4444,5.765700000000001,7.7042,7.7476,8.203000000000001,7.1880999999999995,4.7479,10.0764,6.1343,8.8902,8.798,11.5404,7.2972,3.8008,10.5064,5.5396,7.2794,6.8236,4.1813,5.0854,25.178,5.765700000000001,6.6081,7.7378,6.3389,9.0911,9.77,4.356400000000001,9.0452,6.498799999999999,9.8521,6.584200000000001,5.765700000000001,7.901700000000001,8.2023,6.2358,6.724500000000001,6.869199999999999,8.1179,8.7256,8.39,2.0322,8.9235,3.4714,12.8402,9.430299999999999,5.765700000000001,8.758600000000001,6.5455000000000005,6.9765999999999995,9.608,7.5295000000000005,5.765700000000001,17.026600000000002,7.7095,9.084299999999999,8.927299999999999,5.765700000000001,9.4017,10.6496,8.2845,5.765700000000001,3.9679,11.1228,5.828799999999999,9.9344,5.5779,7.2359,11.1402,8.2845,14.964999999999998,7.994199999999999,6.153899999999999,5.5995,9.8777,2.3434999999999997,4.7742,9.0311,5.765700000000001,5.765700000000001,9.5366,8.8613,9.0135,4.9456,5.9748,9.630299999999998,4.1219,10.4966,7.4634,9.4247,10.1339,5.7243,8.199100000000001,3.4101000000000004,8.8841,11.082,5.144,14.2533,7.713299999999999,11.744899999999998,5.765700000000001,10.4503,6.6853,4.9153,6.0744,8.167300000000001,7.9681,10.736,6.675700000000001,6.6199,7.264199999999999,8.5103,9.2523,5.6712,6.9539,7.9997,7.6434,9.698,9.5725,10.625,8.873000000000001,9.466899999999999,10.6262,5.1521,8.2698,8.2239,5.536300000000001,8.0461,4.4793,8.0307,9.5474,8.5983,4.2269,6.8793,6.5078,15.731200000000001,4.3835999999999995,4.566699999999999,8.8056,8.2372,6.3022,7.4336,8.6391,9.479500000000002,7.833500000000001,8.0342,7.5769,6.5181,5.4834,7.6449,7.929,10.3306,2.8682,2.4886,13.4463,5.2519
2008-05-28,1603.3386999999998,807.3954,795.9432999999998,416.6138,390.7816,393.0468,402.89649999999995,7.3629999999999995,5.873099999999999,7.919,3.2389,9.1095,6.9062,7.9131,7.6457999999999995,5.3253,9.241900000000001,4.5938,10.7094,10.4859,8.8367,9.992799999999999,5.873099999999999,4.696,10.796299999999999,8.3916,7.4913,7.2504,14.600099999999998,5.873099999999999,11.1298,14.950299999999999,6.9533,6.3202,5.8759999999999994,5.1614,7.555000000000001,4.0737,8.069700000000001,6.2078,7.2501,6.018,9.4391,5.873099999999999,6.135800000000001,6.8294999999999995,7.9744,6.8355999999999995,9.973500000000001,9.565999999999999,25.942600000000002,16.1081,5.873099999999999,12.2345,8.4313,8.3345,7.3711,5.2157,14.1339,6.614600000000001,10.3049,8.9405,9.7487,7.3958,3.7436,10.401,5.4956000000000005,8.1844,7.0241,4.2254000000000005,5.129,24.8796,5.873099999999999,5.810700000000001,7.902200000000001,6.5499,9.1435,8.9191,4.409599999999999,8.4883,6.637700000000001,9.4178,6.7440999999999995,5.873099999999999,8.363,7.5282,6.5271,8.1466,7.1905,7.2106,7.7437,8.1111,2.0086,8.6452,3.5132,13.4328,10.579600000000001,5.873099999999999,9.0164,6.8737,7.289899999999999,9.2807,7.847799999999999,5.873099999999999,4.4662,7.494,10.5606,9.2081,5.873099999999999,9.4418,10.592099999999999,8.3916,5.873099999999999,3.7714,11.0332,6.1622,8.938399999999998,5.6555,7.6053,7.9178999999999995,8.3916,15.171,8.1336,6.2609,5.5961,11.8827,2.3655,4.4809,9.1766,5.873099999999999,5.873099999999999,10.7971,10.432300000000001,7.3237,5.065300000000001,6.0602,10.013399999999999,4.545999999999999,9.2652,7.5533,8.1419,9.575399999999998,5.8727,8.4161,3.4372000000000003,9.6812,10.9218,5.434200000000001,13.8491,7.846799999999999,11.5989,3.3077000000000005,10.843,7.8481,4.9002,7.2383,9.408900000000001,7.7762,12.0421,9.9106,7.0928,7.0477,8.453199999999999,9.7382,5.506,7.3145999999999995,8.1477,7.7271,12.0437,8.4355,10.271,9.0336,11.194099999999999,10.055,5.9666,6.8632,8.5278,5.5828,9.5094,4.4588,8.158999999999999,9.6236,7.9997,3.9647,7.0313,6.7319,15.751000000000001,4.465999999999999,6.8464,9.0844,8.4946,6.3574,7.4906,8.7842,9.952,7.9223,8.1996,9.8987,6.8043,5.628699999999999,7.4738999999999995,8.272,10.962399999999999,2.8101000000000003,2.4957000000000003,14.2799,4.7143999999999995
2008-05-29,1772.9385000000004,831.7270000000002,941.2115000000002,424.3855000000001,407.34150000000005,405.41330000000005,535.7982,7.4468,5.9546,8.269400000000001,5.9546,9.4117,7.1419999999999995,9.0333,7.915500000000001,5.3326,9.169,4.8364,11.0667,11.2351,9.0943,9.334399999999999,5.9546,4.8136,11.016300000000001,8.5548,7.0138,6.9616999999999996,13.5294,5.9546,11.4977,14.2593,9.664600000000002,6.2218,6.1965,5.3804,7.898200000000001,4.2438,8.108600000000001,6.0831,6.1183,6.8063,10.0185,5.9546,6.3172999999999995,6.9773,8.047699999999999,6.923900000000001,9.9863,9.965800000000002,25.8228,16.112000000000002,5.9546,9.3232,9.3791,8.670100000000001,7.4585,4.762499999999999,12.5088,6.4543,11.0488,9.7375,11.095500000000001,7.5828,3.7969,10.5738,5.4891,8.3205,6.948699999999999,4.2490000000000006,5.366,24.936999999999998,5.9546,6.2734000000000005,7.6983999999999995,6.749700000000001,9.2433,8.9481,4.5689,9.7785,6.8519000000000005,9.3163,10.1238,5.9546,7.9417,9.4012,6.4658999999999995,8.9661,7.304900000000001,7.146000000000001,9.0255,9.4826,2.1049,9.0931,3.6138,15.213899999999999,10.5741,5.9546,9.0442,6.9002,7.598299999999999,10.2751,7.893099999999999,5.9546,4.545,7.632199999999999,10.8778,9.5649,5.9546,9.840499999999999,10.778400000000001,8.5548,5.9546,3.8444000000000003,11.3056,6.0085999999999995,6.8137,3.7174,7.487000000000001,10.255199999999999,8.5548,15.751399999999999,8.1484,6.4663,5.5509,12.4535,2.4558,4.7176,9.3094,5.9546,5.9546,11.4278,15.3318,7.4135,6.4963999999999995,6.1499999999999995,9.9667,6.8980999999999995,9.8873,7.656199999999999,8.940999999999999,9.6521,5.9853000000000005,8.7365,3.4407999999999994,9.461500000000001,11.494,5.5357,14.6606,8.4312,8.348700000000001,3.2231,9.7463,7.757000000000001,4.9138,7.9712,10.4897,9.3624,13.449499999999999,10.0019,6.7938,7.9702,125.31500000000001,9.7651,6.534800000000001,7.293200000000001,8.325199999999999,7.808300000000001,12.8318,9.226199999999999,10.7841,9.298599999999999,11.923199999999998,10.8076,5.6977,6.7232,8.583699999999999,5.6606,8.8351,7.6366,7.8647,9.6816,8.0698,4.0383000000000004,7.294599999999999,6.8187,16.992099999999997,5.2842,8.6865,9.0825,8.5855,6.3943,7.7513,8.7416,10.607199999999999,8.107,8.2471,8.9139,7.1257,5.7165,7.076499999999999,8.062899999999999,11.0151,2.87,2.5900000000000003,14.4974,5.055400000000001
2008-05-30,1659.3272999999997,841.9460999999997,817.3812,436.25530000000003,405.69079999999997,400.6765000000001,416.7047000000002,7.805200000000001,6.146800000000001,8.1538,3.3802000000000003,9.8792,7.331099999999999,15.479999999999999,8.1341,5.522600000000001,9.2179,4.9664,11.1144,11.605599999999999,8.9312,6.2566,6.146800000000001,4.7965,11.357299999999999,8.7141,7.2904,7.720000000000001,13.8339,6.146800000000001,12.3189,17.005200000000002,8.3968,6.2347,6.0796,5.5799,8.1733,4.754300000000001,8.4144,6.0619,6.140499999999999,6.3158,9.7774,6.146800000000001,6.503099999999999,7.03,8.3615,8.252099999999999,9.4566,11.259699999999999,26.0273,16.5591,6.146800000000001,9.363399999999999,9.738,8.721,7.5062999999999995,5.0122,10.1922,6.9969,10.236999999999998,9.0223,11.6185,7.6244000000000005,3.7171000000000003,10.619399999999999,5.6133,7.056400000000001,7.0657000000000005,4.306,5.3546,24.904600000000002,6.146800000000001,6.1480999999999995,8.2234,7.071999999999999,10.1552,8.516599999999999,4.3061,8.8139,7.0512999999999995,9.3037,12.2673,6.146800000000001,7.8529,8.7524,6.6027000000000005,8.514700000000001,7.0903,7.607100000000001,8.073899999999998,9.0677,2.1795,8.8121,3.6526000000000005,18.6229,8.782800000000002,6.146800000000001,9.2421,6.6956,7.478000000000001,9.7623,8.750399999999999,6.146800000000001,4.517,7.5694,10.279,10.3125,6.146800000000001,9.2714,10.739999999999998,8.7141,6.146800000000001,4.1847,11.415099999999999,5.999700000000001,6.299199999999999,6.415299999999999,7.4854,8.7148,8.7141,18.9491,8.771,6.6242,5.7643,13.148900000000001,2.3743,4.842499999999999,8.7086,6.146800000000001,6.146800000000001,10.494,14.4483,6.7578,5.3447,6.472799999999999,10.4108,4.3319,9.1186,8.0411,8.3004,9.7772,6.038399999999999,9.5237,3.3882000000000003,8.7905,11.1693,5.803800000000001,14.678,8.822,6.338100000000001,2.9467999999999996,11.5433,5.6019,5.0879,6.5648,8.8458,9.1874,11.6229,9.9064,7.0558,7.1504,6.146800000000001,9.6055,5.5669,7.392199999999999,8.259599999999999,7.9406,14.662400000000002,9.047,10.257,10.1643,11.3875,10.7084,5.2617,6.775399999999999,10.5673,5.865,8.648399999999999,3.9596,8.9652,9.7748,8.3921,4.634,7.6986,7.761000000000001,17.646900000000002,4.242,9.3879,9.1816,8.7749,6.716,7.6385000000000005,8.5984,8.9434,8.0066,8.8235,8.8364,6.891699999999999,5.743499999999999,7.551399999999999,8.7941,11.1074,3.1753,2.7669,14.6614,4.8527000000000005
2008-05-31,1253.9541,620.3203,633.6338000000001,321.0943000000001,299.22600000000006,311.19499999999994,322.4388,6.1496,4.777,6.284599999999999,4.777,8.5036,5.9479999999999995,6.9369000000000005,6.2634,4.3811,7.5006,4.1613,7.8697,11.392,6.6665,5.0969,4.777,3.9549,9.249200000000002,6.9428,6.3323,5.4838000000000005,6.747000000000001,4.777,8.8352,8.1981,4.451600000000001,5.8215,4.242900000000001,4.1663,5.866,3.6921999999999997,5.951499999999999,3.7613999999999996,4.8812,5.0534,7.8803,4.777,4.6049,5.5747,6.4495000000000005,6.2341,7.0578,8.195,21.589599999999997,9.6573,4.777,5.4538,6.6734,6.6519,5.6245,4.5608,8.3109,5.2826,7.056800000000001,7.4254,9.029,5.7942,3.3956,7.916,5.0799,3.6209999999999996,5.205500000000001,3.8879,3.8642000000000003,17.9215,4.777,4.8662,6.780199999999999,5.3705,7.3666,6.8672,2.5361000000000002,6.9986,5.4637,7.3469,4.2428,4.777,6.104100000000001,6.0561,4.864000000000001,5.3125,5.5046,5.709999999999999,6.2795000000000005,6.542999999999999,1.8291,6.191300000000001,2.7497,10.2863,5.7971,4.777,7.8116,4.3869,5.7619,8.276299999999999,7.1204,4.777,3.6784000000000003,6.2949,7.3702,8.184999999999999,4.777,6.7524,8.2906,6.9428,4.777,3.7335,8.2922,4.6151,5.238,5.1236,5.8489,6.4308,6.9428,14.165099999999999,6.9449000000000005,5.8422,7.0816,11.823899999999998,2.1325,4.1818,6.3499,4.777,4.777,7.3133,7.610799999999999,5.2217,4.418699999999999,4.6625,9.2996,3.0754999999999995,6.9144,7.3538,6.754300000000001,6.6773,4.769500000000001,6.0571,2.6905,6.7524,8.4357,4.2181999999999995,12.3886,7.1101,5.5203,2.4747000000000003,7.8099,3.0883000000000003,4.6463,5.3977,6.5081999999999995,6.9946,8.3185,4.9035,4.4366,5.2399000000000004,4.777,7.773000000000001,3.9533,5.3924,6.2933,6.707700000000001,11.485899999999999,6.8576999999999995,7.3963,6.6399,7.731599999999999,8.8879,4.8911,5.2034,7.37,4.385199999999999,6.4252,2.8748,6.3672,7.6707,6.9484,2.6409000000000002,5.5091,15.1793,16.2017,3.3141,6.4139,7.5818,6.0393,5.6818,6.2512,6.2571,5.3911,6.7712,7.5459,4.9707,5.172499999999999,4.6006,6.004,7.2585999999999995,7.9084,2.6043000000000003,1.5867000000000002,11.848200000000002,3.7813
2008-06-01,1078.3099000000002,539.2652999999999,539.0446000000002,274.4973,264.768,267.5521,271.49249999999995,5.946300000000001,4.0254,5.1147,4.0254,6.921899999999999,5.0364,5.4066,5.2341,3.5540000000000003,7.0257000000000005,3.5197999999999996,6.7796,8.2222,5.3492999999999995,4.854800000000001,4.0254,3.3702999999999994,7.5952,5.8507,6.117500000000001,4.7981,5.8453,4.0254,7.7766,7.332000000000001,3.8566000000000003,5.7144,3.6334999999999997,3.2337000000000002,4.7554,3.2352,4.7546,3.2299000000000007,4.5391,4.1565,6.5486,4.0254,4.0309,4.5555,5.3804,5.2421999999999995,6.5319,7.2419,19.0751,7.178,4.0254,6.1422,5.4594000000000005,5.4846,4.7142,4.0092,7.8575,4.4337,5.8588000000000005,6.0813999999999995,7.773,4.8329,3.3724,7.8566,4.9780999999999995,3.0808999999999997,4.5727,3.6808,3.7276,15.7786,4.0254,3.8823999999999996,6.1398,4.7194,6.560100000000001,8.1347,2.2826999999999997,5.834200000000001,4.7362,6.934699999999999,3.5820000000000003,4.0254,5.611,5.0342,4.2413,4.2844999999999995,4.674,5.2632,5.2099,5.284,1.6993,5.0547,2.4614,5.614,5.1518,5.578500000000001,7.601799999999999,3.6020000000000003,4.636,7.6133,6.1934000000000005,4.0254,5.1477,5.8665,6.168900000000001,6.6286,4.0254,5.671,8.273200000000001,5.8507,4.0254,3.7880999999999996,8.052200000000001,4.3802,4.944599999999999,4.2386,4.9581,5.731,5.8507,8.3676,6.0733,5.144399999999999,6.3669,9.005500000000001,1.9639000000000002,2.7619,5.2869,4.0254,4.0254,5.8822,6.480700000000001,4.3699,3.6858000000000004,3.8528,7.9747,2.6019,5.8045,6.7285,5.6884,5.5168,3.9213999999999998,5.1633,2.4894,5.904999999999999,7.3901,3.9399999999999995,11.8535,5.7254000000000005,5.4258,4.0254,6.7691,2.7749,4.5912,4.405200000000001,5.1472,5.7752,7.113199999999999,4.2608,4.0893999999999995,4.7415,4.0254,7.1629000000000005,3.5004,4.618,5.3184000000000005,6.1277,7.3237000000000005,5.7431,5.9625,5.7788,6.7016,8.1079,4.7795,5.1409,6.2719000000000005,3.9434,5.3286,2.4671000000000003,5.5804,7.711799999999999,5.880099999999999,2.0063,4.586600000000001,4.4039,11.7909,2.903,5.2194,6.788899999999999,5.282299999999999,5.1224,5.782500000000001,5.848599999999999,4.819,6.3936,6.5032,4.3156,4.3213,3.9218,6.145099999999999,6.817099999999999,7.1915000000000004,2.8241000000000005,1.3268000000000002,10.4182,3.3062
2008-06-02,1527.2391000000002,773.0029,754.2362000000002,395.7333,377.2695999999999,373.7875,380.44870000000003,7.2914,5.5933,7.465999999999999,5.5933,8.8718,9.614700000000001,7.5969999999999995,7.5138,5.372400000000001,9.4093,4.5001,10.4985,10.5947,8.0966,8.9835,5.5933,4.447,10.1844,7.933000000000001,6.986400000000001,6.4561,12.799800000000001,5.5933,11.3029,14.771500000000001,6.4459,5.6865,5.5255,5.5356000000000005,7.293000000000001,4.0735,6.7812,5.9133000000000004,5.7614,6.706599999999999,9.0657,5.5933,5.841600000000001,6.4614,7.532,6.3943,9.2414,8.165,24.428,13.575800000000001,5.5933,8.3742,7.550399999999999,8.1004,7.0299,4.4695,10.1436,6.0328,8.593399999999999,8.644400000000001,9.5609,7.1248,3.7534,10.0662,5.210800000000001,7.3967,6.6631,4.178100000000001,4.9493,22.5273,5.5933,5.6850000000000005,7.381,6.3639,8.888200000000001,9.503499999999999,4.3085,8.124500000000001,6.6701,9.281299999999998,8.5584,5.5933,7.6503,8.1183,6.2313,6.471699999999999,6.8861,7.4111,8.9602,8.0497,1.9181999999999997,9.6182,3.369,14.1527,10.1592,6.7546,8.9009,6.4781,7.0228,9.1534,7.4805,5.5933,5.5994,7.0762,8.949100000000001,8.6914,5.5933,9.0688,10.3284,7.933000000000001,5.5933,3.8125,10.9343,5.6769,6.2,5.7578,7.0465,10.814400000000001,7.933000000000001,16.239900000000002,8.053899999999999,6.0214,7.7816,9.8371,2.2640000000000002,3.9725,8.640799999999999,5.5933,5.5933,9.4372,8.0395,6.7913,4.9364,5.7651,9.6173,4.7069,8.753,7.5158000000000005,7.7162,8.8218,5.5882000000000005,7.3569,3.3055000000000003,9.349,11.2213,5.2469,13.1524,7.567,9.6259,5.5933,9.0192,5.6937999999999995,4.8744,6.807899999999999,7.903899999999999,6.079700000000001,11.1266,6.7789,6.486599999999999,6.9079,5.5933,9.0475,5.3288,6.8870000000000005,7.7406,7.8100000000000005,9.5846,7.8995999999999995,9.9083,8.7847,9.6471,10.0812,5.6835,5.8567,8.020199999999999,5.3719,7.9758,4.9853000000000005,7.6218,9.539,7.773,4.1644,6.9838,11.5118,15.3845,4.112,6.478400000000001,8.8011,8.3269,6.2264,7.3856,8.5748,9.7289,7.377400000000001,7.7912,8.044,7.0232,5.3857,7.1111,7.833699999999999,10.063299999999998,2.7372,2.4273,13.368100000000002,5.0883
2008-06-03,1582.8037000000004,793.9846000000002,788.8191,404.60990000000004,389.3747000000001,386.5751000000001,402.24399999999997,7.4155999999999995,5.765700000000001,7.6827,5.765700000000001,8.460799999999999,6.8506,7.728400000000001,7.792,5.171800000000001,9.2455,4.654,11.4234,10.362400000000001,8.3154,8.190000000000001,5.765700000000001,4.583600000000001,10.7395,8.2845,6.9535,8.0228,13.1151,5.765700000000001,11.3774,14.776699999999998,7.7331,5.6985,5.7324,5.273,7.454700000000001,4.0132,7.0199,6.0897,5.9173,5.968500000000001,9.665,5.765700000000001,6.019,6.7558,7.912599999999999,6.6827,9.6467,10.094199999999999,25.0814,14.9531,5.765700000000001,7.2487,8.4679,8.1797,7.2629,4.594799999999999,10.047,6.453099999999999,8.9148,8.685400000000001,12.4039,7.3212,3.7904,10.245000000000001,5.363899999999999,7.4944999999999995,6.7036999999999995,4.1746,5.1522,23.936600000000002,5.765700000000001,5.737500000000001,8.4056,6.6592,9.1784,9.3566,4.4666,8.364,6.5482,9.4067,8.0531,5.765700000000001,7.9284,8.025200000000002,6.4052,7.151,7.1329,7.3016,7.9315,8.799499999999998,2.0284,8.2897,3.5005,14.683599999999998,10.0316,10.957,9.0132,7.0847,7.0205,9.074100000000001,7.703399999999999,5.765700000000001,4.2791,7.132,9.1475,8.8873,5.765700000000001,9.136800000000001,10.5247,8.2845,5.765700000000001,3.6899999999999995,10.9456,6.1868,6.6799,5.9953,7.1104,10.846799999999998,8.2845,16.195600000000002,8.032399999999999,6.201600000000001,7.9281,11.032599999999999,2.2755,4.8793,8.768,5.765700000000001,5.765700000000001,9.817799999999998,8.9314,7.9985,5.0872,5.907,10.777,5.2142,9.668800000000001,7.662599999999999,8.6934,8.9088,5.6915,7.518400000000001,3.4374000000000002,8.8824,11.087499999999999,5.3199000000000005,14.690100000000001,7.5851,7.869300000000001,2.7625,9.0303,8.782399999999999,4.836600000000001,7.3499,8.1166,7.2865,10.4026,7.1309000000000005,7.2316,7.1629,5.765700000000001,9.25,5.6558,7.0516000000000005,8.0351,7.7684,11.732600000000001,8.6534,10.3454,9.0104,9.453800000000001,10.2134,5.0183,6.3998,7.9404,5.5253,8.337599999999998,5.8818,7.7547,9.5591,8.0962,3.8903000000000003,6.992900000000001,21.9528,16.164,4.350199999999999,6.892099999999999,9.0109,8.4577,6.2468,7.5443,8.6343,9.512400000000001,7.6015,8.0904,7.9726,6.7905999999999995,5.7612,6.9452,8.0048,10.5443,2.758,2.5625,13.859,5.0419
2008-06-04,1657.9991999999997,835.0363999999998,822.9627999999999,429.7743,405.26210000000003,416.2355,406.72729999999996,7.3936,5.873099999999999,7.8809000000000005,3.8809000000000005,8.9765,7.0541,8.9336,8.6536,6.042199999999999,9.316199999999998,4.6427,12.499300000000002,10.9483,8.7733,8.7248,5.873099999999999,4.639,13.6904,8.3916,7.4997,8.0068,13.8144,5.873099999999999,10.4818,14.845300000000002,8.2467,8.9342,6.2242,5.3743,7.5549,4.0152,7.4586,6.2341,6.017,6.8309,10.0962,5.873099999999999,6.0906,6.9418,7.9759,8.750399999999999,10.9122,8.761600000000001,26.1407,16.825499999999998,5.873099999999999,10.0626,9.6993,8.907,7.2659,4.7345,11.1612,6.443999999999999,10.2318,9.625399999999999,12.038,7.3504000000000005,4.1767,10.8019,5.337400000000001,8.014299999999999,6.6858,4.5297,5.1674999999999995,23.5258,5.873099999999999,6.6491999999999996,8.1638,6.771,9.106900000000001,9.6156,4.5192,8.608500000000001,6.8067,9.4295,10.706000000000001,5.873099999999999,7.1958,8.684000000000001,6.4395,8.596599999999999,7.4805,7.4152,9.970099999999999,8.5292,2.0499,9.5663,3.699,14.4027,12.5248,9.1292,8.4462,6.894900000000001,7.2516,9.3952,7.9098999999999995,5.873099999999999,4.4038,7.3765,10.081100000000001,10.642199999999999,5.873099999999999,9.5904,10.2888,8.3916,5.873099999999999,3.8148,11.3564,6.0600000000000005,6.1183,6.033200000000001,7.133900000000001,11.6093,8.3916,23.4534,8.0702,6.400600000000001,7.1027000000000005,10.3887,2.275,4.7854,9.149799999999999,5.873099999999999,5.873099999999999,10.7126,16.0054,10.0397,5.1427,7.290699999999999,9.8616,4.7139999999999995,9.7034,8.729,9.239,9.0135,5.7567,7.755,3.6307,11.221,11.738199999999999,5.375500000000001,15.1546,7.8949,7.2532000000000005,4.1916,10.683800000000002,7.1274999999999995,5.8887,8.392399999999999,9.1714,8.6535,11.1855,9.3735,7.270399999999999,8.9836,5.873099999999999,8.9447,7.953600000000001,7.183,8.014100000000001,7.4122,11.1299,9.487300000000001,10.717,9.2197,10.7909,10.2614,4.91,7.0741,8.9696,5.5558000000000005,8.7178,5.4521999999999995,8.8238,9.703299999999999,8.3461,4.0092,7.2886,7.0363999999999995,16.9922,4.4259,7.205500000000001,8.783800000000001,8.2277,6.320500000000001,7.2453,8.6766,10.281600000000001,9.0846,8.280000000000001,9.4558,7.2254000000000005,6.4504,6.9507,8.175999999999998,9.801299999999998,2.7962000000000002,2.5927,13.6737,5.741099999999999
2008-06-05,1673.279900000001,840.7283000000006,832.5516000000002,432.62090000000006,408.1074,417.35749999999996,415.1941,7.5215,5.9546,8.1706,3.3387000000000002,9.6146,7.086799999999999,10.1711,12.616599999999998,5.4843,10.2937,4.8598,10.511099999999999,11.632299999999999,9.106200000000001,9.545300000000001,5.9546,4.6635,12.7685,8.5548,7.1214,6.6876999999999995,14.7293,5.9546,11.2497,13.977799999999998,7.5899,5.950100000000001,6.052099999999999,5.6621999999999995,8.1412,4.1964,7.2851,6.1309000000000005,5.9991,6.1666,9.802,5.9546,6.8152,6.8959,7.994400000000001,7.0823,10.0038,8.443100000000001,25.0367,17.4764,5.9546,10.1755,10.513200000000001,12.404499999999999,7.325999999999999,4.7265999999999995,10.31,6.621200000000001,10.5866,9.1488,13.6079,7.4396,3.7824,11.2774,5.4018,7.9406,6.917,3.9605,5.2826,25.1697,5.9546,5.8599,7.1025,6.875700000000001,9.1907,10.4189,4.441,8.683399999999999,7.1846,9.999600000000001,11.6649,5.9546,7.702500000000001,8.963,6.6383,8.263000000000002,7.0832999999999995,7.441000000000001,8.1914,9.3691,2.0774,8.074300000000001,3.5696999999999997,16.2333,10.1721,9.1375,8.6918,7.0034,7.6253,9.7527,8.1351,5.9546,4.5588,7.3591999999999995,10.607500000000002,9.7195,5.9546,9.813199999999998,11.331399999999999,8.5548,5.9546,3.8876999999999997,11.8913,8.9213,7.0217,6.146700000000001,7.2546,12.142299999999999,8.5548,16.663800000000002,8.3948,6.4615,7.6244000000000005,14.7984,2.4126,4.4815000000000005,9.2585,5.9546,5.9546,10.7361,10.8875,13.3691,6.2933,6.2246,10.2455,4.7346,9.3834,7.4442,8.6248,10.3264,5.8176000000000005,8.4147,3.3762999999999996,10.1921,11.4399,5.301499999999999,15.7482,8.011199999999999,9.536299999999999,2.9859,10.1099,6.2473,4.6966,8.3692,9.6881,8.2984,10.554499999999999,11.052699999999998,6.9917,6.4113,5.9546,9.293099999999999,5.4007000000000005,7.1568,8.1074,8.3465,16.4987,9.1057,10.152899999999999,10.078,11.5243,10.7653,4.8672,6.7276,9.029699999999998,6.422499999999999,8.844899999999999,5.0308,8.8737,10.0348,8.0431,4.1613999999999995,7.3703,5.4261,16.4006,5.8377,7.8175,8.9521,8.4905,6.1687,7.3354,8.5213,9.8368,10.6554,8.3432,9.886,7.4405,5.819800000000001,9.5364,8.4691,10.8594,3.0134000000000003,2.559,13.171199999999999,5.5554
2008-06-06,1738.8249000000005,869.5753000000002,869.2496000000002,442.1404000000001,427.43490000000014,430.9967000000001,438.25289999999995,7.7714,6.146800000000001,8.302900000000001,6.146800000000001,9.6675,7.5586,14.195,8.134699999999999,5.4274,10.0502,5.001,11.3126,11.193,9.1521,6.2585999999999995,6.146800000000001,4.871,14.0227,8.7141,7.3782,9.2543,15.002200000000002,6.146800000000001,11.3169,13.3315,8.0937,6.0096,5.8383,5.6493,8.4536,4.7014,7.5287,6.259499999999999,6.2431,6.2524999999999995,13.5442,6.146800000000001,6.3568999999999996,7.164999999999999,8.335,8.5205,10.023900000000001,8.4818,25.921599999999998,19.2108,6.146800000000001,7.1332,11.3107,8.7459,7.5645,4.8393,10.4613,8.427299999999999,10.268900000000002,9.1578,12.2696,7.6692,3.7805999999999997,13.1156,5.7158999999999995,7.3795,6.9079,4.2386,5.2423,27.2495,6.146800000000001,6.2055,9.0935,7.3279000000000005,10.3433,9.615000000000002,4.4695,8.7861,7.114,9.912500000000001,12.176900000000002,6.146800000000001,7.9053,10.4223,6.6324000000000005,9.759300000000001,7.0518,7.7003,8.2606,8.585,2.2159999999999997,8.3709,3.6136,17.1871,10.0361,13.065999999999999,9.296800000000001,7.120100000000001,7.588,9.817800000000002,9.1573,6.146800000000001,4.6446,7.7135,11.0822,10.7263,6.146800000000001,9.0804,13.358600000000001,8.7141,6.146800000000001,4.297599999999999,13.126999999999999,6.5258,6.5333000000000006,6.4511,7.4395,10.1176,8.7141,18.0571,8.8329,6.733099999999999,8.749099999999999,16.379900000000003,2.2914,4.8329,8.6231,6.146800000000001,6.146800000000001,12.4225,15.3083,6.8589,5.4127,6.3933,10.4234,6.2064,12.9823,8.2911,12.147599999999999,10.929300000000001,6.0404,8.1175,3.5122999999999998,9.4649,11.5912,5.5360000000000005,15.1802,8.9907,6.3432,2.7956,13.0058,5.7878,5.0745000000000005,6.6394,11.3693,2.7356000000000003,10.9193,12.6492,7.1003,7.0377,6.146800000000001,9.764800000000001,5.4678,7.4954,8.3589,7.733699999999999,18.6232,12.5754,9.924199999999999,9.625,12.8767,10.763000000000002,5.376799999999999,6.6037,10.847199999999999,5.8271999999999995,9.4031,8.5843,8.7193,11.6309,8.4783,4.1659,7.666,13.1659,17.284,4.57,9.2817,9.340399999999999,8.957699999999999,6.8001,7.5631,8.82,9.917300000000001,8.7015,10.8053,10.857099999999999,7.284299999999999,5.8386000000000005,7.3953,8.757000000000001,11.3082,3.2883,2.6299,13.5059,5.0816
2008-06-07,1293.6671000000001,643.5276,650.1395,333.9226,309.605,331.0563999999999,319.08310000000006,6.2315,4.777,6.3544,2.5564,8.256499999999999,6.1817,6.9773,6.426699999999999,4.4046,7.793799999999999,4.2124,8.082799999999999,9.9596,6.677700000000001,5.2219,4.777,4.006,10.974800000000002,6.9428,6.5781,6.2078999999999995,6.986800000000001,4.777,8.756900000000002,10.871,4.766,5.8208,4.407500000000001,5.9199,5.8791,3.7846,5.949199999999999,4.1082,5.0242,5.0437,8.1424,4.777,4.7621,5.6489,6.564,6.4553,7.2509999999999994,7.4460999999999995,21.706699999999998,15.224799999999998,4.777,6.225199999999999,6.7254000000000005,6.7925,5.728400000000001,4.6662,8.802,5.5553,7.3093,7.224399999999999,9.223099999999999,5.8246,3.4807,8.269499999999999,5.3939,3.8710999999999993,5.225099999999999,3.8038999999999996,4.0822,22.7025,4.777,4.8157,7.224099999999999,5.6963,7.5708,6.4947,2.7619,7.2846,5.5951,7.735899999999999,4.287,4.777,6.3003,6.0244,5.0514,5.734999999999999,5.5115,5.9027,6.3178,6.7255,1.8845,4.8908000000000005,2.8998999999999997,9.1488,6.1469000000000005,5.6896,7.8919,4.6295,5.8210999999999995,8.477,7.4181,4.777,3.9845999999999995,6.4199,7.5028999999999995,9.0969,4.777,6.8987,8.553799999999999,6.9428,4.777,3.7889999999999997,8.5349,5.2678,5.2829,5.1811,5.7988,6.614899999999999,6.9428,11.9174,7.193899999999999,6.002,7.1244,13.374600000000001,2.173,4.1585,6.4845999999999995,4.777,4.777,7.5866,21.3553,5.4604,4.4787,4.7236,9.3428,3.2362,6.915299999999999,7.4894,6.954700000000001,6.9515,4.7874,6.245,2.8315,6.809200000000001,8.7068,4.2834,12.9923,6.9226,5.7056000000000004,2.5283,8.0917,3.4801,4.704000000000001,5.3134999999999994,6.7197000000000005,7.8613,7.9337,5.1553,4.6052,5.6606000000000005,4.777,7.7759,4.3435999999999995,5.6048,6.376499999999999,6.7245,14.290000000000001,7.057200000000001,7.5319,7.0931999999999995,7.849600000000001,9.084700000000002,4.3879,4.9809,7.7108,4.5177000000000005,6.7598,3.0220000000000002,6.5501000000000005,8.025,7.0354,2.6041,5.4713,3.2316000000000003,14.943100000000001,3.5599,6.474,7.7372,6.1143,5.718299999999999,6.261699999999999,6.517900000000001,6.1644,7.0732,7.8335,5.1058,5.332800000000001,4.697,6.6135,7.4515,8.444,2.8172,1.6199,11.1903,3.392
2008-06-08,1096.1403,552.1816000000001,543.9586999999998,276.10130000000004,276.0803000000001,271.87859999999995,272.08009999999996,6.0389,4.0254,4.991099999999999,4.0254,6.7501,4.8911999999999995,5.571300000000001,5.2576,3.6273999999999997,7.2223,3.4094,6.951700000000001,8.2933,5.3845,5.0716,4.0254,3.5031000000000003,7.7156,5.8507,6.3009,4.744299999999999,6.0613,4.0254,7.7383,7.596,3.8955,5.8210999999999995,3.7253,3.1155000000000004,4.6971,3.3242000000000003,4.5123,3.3516,4.5504,4.1177,6.9464,4.0254,4.0075,4.3288,5.3978,5.2957,6.616899999999999,7.3194,19.8333,7.503199999999999,4.0254,4.8513,5.4513,5.4761999999999995,4.8398,14.0788,7.8938,4.6543,5.5921,6.1921,7.9838,4.99,3.7119999999999997,7.8118,4.9963,3.228,4.642,3.6086,3.8382,16.1196,4.0254,3.878,6.2475,4.818300000000001,6.612500000000001,6.1027000000000005,2.3333000000000004,6.0325,4.8260000000000005,7.1853,3.605,4.0254,5.5741,5.093500000000001,4.4802,4.373200000000001,4.8083,5.7067,5.187900000000001,5.2991,1.6925999999999999,5.252800000000001,2.5635000000000003,5.694,5.2271,7.6116,7.6288,3.5904,4.6089,7.621,6.263200000000001,4.0254,3.1529000000000007,5.8496,5.7422,7.359999999999999,4.0254,5.678100000000001,8.1524,5.8507,4.0254,3.9912,8.2275,4.7652,5.0633,4.296100000000001,4.9269,5.746700000000001,5.8507,8.3732,6.1464,5.2557,6.3923000000000005,11.6013,1.9374000000000002,2.7619,5.329199999999999,4.0254,4.0254,5.874899999999999,6.702100000000001,4.4944999999999995,3.7163,4.0293,7.6273,2.6773,5.9314,6.7963000000000005,5.7095,5.4893,4.0609,5.2289,2.4532,5.9899000000000004,7.541799999999999,3.7746,12.1649,5.8236,5.6918999999999995,2.4197,6.8331,2.8661000000000003,4.6934000000000005,4.3323,5.148300000000001,5.8039,7.1846,4.429,4.3009,4.9269,4.0254,6.958200000000001,3.7108000000000003,4.700000000000001,5.4305,6.039499999999999,11.7013,5.8431999999999995,5.9722,6.0698,5.9609,8.214500000000001,3.9901,3.9403,6.5724,3.9678000000000004,5.4273,2.5639000000000003,5.637899999999999,7.835699999999999,5.911500000000001,2.1476,4.5644,4.0363,7.2844999999999995,2.8842999999999996,5.236,6.866899999999999,5.2829999999999995,5.0546999999999995,5.7814,5.930499999999999,4.911899999999999,6.1881,6.677300000000001,4.4299,4.4355,4.0843,6.807,6.754600000000001,7.4061,2.9804000000000004,1.4053,10.415,3.3966
2008-06-09,1526.8227,770.8063999999998,756.0163000000001,396.2536,374.5528000000001,380.3461,375.6702,7.1851,5.5933,7.4718,5.5933,7.8393999999999995,6.668099999999999,7.5259,7.418699999999999,5.0197,9.6623,4.5202,10.4773,10.8388,8.1633,9.1139,5.5933,4.5049,11.6632,7.933000000000001,7.13,6.4738,12.6223,5.5933,10.5386,12.7941,6.3644,5.626200000000001,7.0550999999999995,4.7374,7.2705,4.177,6.7621,5.7939,5.776400000000001,7.1193,9.6502,5.5933,5.8808,6.4493,7.451300000000001,6.818099999999999,9.906699999999999,7.385,23.7061,15.472200000000003,5.5933,10.985800000000001,7.582,8.0183,7.141299999999999,4.4247,9.4176,5.930400000000001,8.4061,8.6327,9.7066,7.092,3.789,10.4094,5.343,7.1497,6.611800000000001,3.6406,5.1063,24.2715,5.5933,6.7835,7.2311,6.4199,8.5897,10.089200000000002,4.2936,8.118199999999998,6.5281,10.152800000000001,5.5785,5.5933,7.518700000000001,8.046600000000002,6.28,7.724499999999999,6.689399999999999,7.6395,8.3472,7.3917,1.92,7.853200000000001,3.3255999999999997,11.5719,11.0528,7.0424,8.8039,6.1844,6.8656,9.2161,8.4916,5.5933,4.1549,9.3659,8.571,9.5134,5.5933,10.572099999999999,10.6476,7.933000000000001,5.5933,3.8229999999999995,11.1928,5.8346,6.3157,5.7669999999999995,7.4132,9.799600000000002,7.933000000000001,14.073699999999999,9.431000000000001,6.0375,7.7498,10.3421,2.2836,3.9725,10.901900000000001,5.5933,5.5933,10.499199999999998,8.4819,6.5182,4.8317,5.7955000000000005,9.1151,4.0722000000000005,9.412600000000001,7.410200000000001,8.3618,8.5654,5.602,7.3191,3.3145,11.8194,10.994499999999999,5.52,13.5188,7.7827,8.1646,5.5933,8.5304,6.2242,4.9168,6.3574,7.7143,6.0077,10.8901,6.8727,6.4613,6.8884,5.5933,9.0655,5.3914,6.9914000000000005,7.9521999999999995,7.471400000000001,10.2714,8.7761,9.9627,8.7731,9.136600000000001,10.285799999999998,4.7056000000000004,5.8995,8.1972,5.4633,8.5503,4.1727,7.9861,9.665099999999999,8.0759,3.8606,6.8995,6.433400000000001,14.509800000000002,4.0099,6.6737,9.1543,8.2558,6.1675,7.3265,8.6351,11.151599999999998,7.760199999999999,8.2492,7.6963,6.1381,5.2587,7.4441,8.040899999999999,9.817,2.8192,2.3405,12.592099999999999,4.929399999999999
2008-06-10,1666.4982,846.9108999999999,819.5873000000003,436.3332999999999,410.57759999999996,412.89149999999995,406.6958,7.2782,5.765700000000001,7.905200000000001,5.765700000000001,8.5933,6.870799999999999,8.113800000000001,9.2051,6.436299999999999,10.399999999999999,4.7984,11.1312,10.852599999999999,8.547799999999999,9.722999999999999,5.765700000000001,4.6426,11.620999999999999,8.2845,7.0316,6.6493,26.764400000000002,5.765700000000001,11.614999999999998,15.715300000000001,8.3928,7.1182,5.6879,5.1233,8.1251,4.0985,7.5279,6.119800000000001,6.0572,6.2399000000000004,11.062299999999999,5.765700000000001,6.0,7.2324,8.032900000000001,6.6731,10.0872,7.2520999999999995,25.482300000000002,18.4707,5.765700000000001,9.5425,8.8529,9.0543,7.3264,9.9516,10.6621,8.348600000000001,11.3895,8.6821,11.075700000000001,7.388999999999999,3.6834999999999996,10.515699999999999,5.390499999999999,8.1466,7.4539,4.0898,5.1901,26.8476,5.765700000000001,5.871,7.3187999999999995,6.4894,9.7001,9.4532,4.5334,12.7257,6.6722,10.4005,6.6168,5.765700000000001,7.9147,9.136700000000001,6.4571000000000005,10.411999999999999,6.9745,7.718500000000001,8.6042,10.514500000000002,3.4514,8.4559,3.5406,12.1478,9.6668,6.5336,8.8716,6.831,7.1967,9.4001,7.8667,5.765700000000001,4.2758,7.3241,11.3888,9.8137,5.765700000000001,9.6633,10.744200000000001,8.2845,5.765700000000001,3.8382,11.2509,6.2942,6.970600000000001,6.0263,7.1334,10.6495,8.2845,15.0758,18.035999999999998,6.4753,8.047,13.1547,2.3348,4.7686,8.8406,5.765700000000001,5.765700000000001,11.540700000000001,8.6533,9.736,5.16,6.0684000000000005,9.6018,4.2132,11.0022,7.5494,10.1579,10.3891,5.8265,8.5409,3.3632999999999997,10.3951,11.0047,5.1559,14.5278,7.7805,10.2531,2.9445000000000006,9.8762,7.2933,4.8579,7.3,10.9509,7.0271,11.696,10.5789,7.009799999999999,7.2065,5.765700000000001,9.2612,5.6303,7.063700000000001,8.0903,7.6426,13.753900000000002,9.8657,10.804300000000001,9.0145,12.256,10.3048,4.7145,6.168200000000001,8.3033,5.6424,10.0574,4.5358,8.7513,9.7867,8.3855,5.2495,7.2631,5.8492,18.9388,4.3701,7.1534,8.9723,8.567,6.3832,7.5268,8.752600000000001,9.5082,7.938199999999999,8.2042,9.4708,7.5844,5.5779000000000005,7.1281,8.2172,10.7729,2.846,2.5953999999999997,13.0085,5.5016
2008-06-11,1674.1212999999998,845.6993,828.4219999999997,431.2538,414.4455000000001,414.3833000000001,414.0387,7.669099999999999,5.873099999999999,8.1,3.8809000000000005,8.5924,7.082599999999999,8.1287,7.9011000000000005,5.3736999999999995,10.4002,4.8581,11.4371,10.754999999999999,9.6591,8.6159,5.873099999999999,4.7688,11.0958,8.3916,7.0254,11.1592,12.0757,5.873099999999999,12.2653,13.7531,9.713499999999998,13.190900000000001,6.8464,5.2032,8.0451,4.226,7.243,6.2602,6.1941,6.0226,11.390799999999999,5.873099999999999,6.1588,6.9825,8.1696,6.8732,10.194799999999999,8.006499999999999,25.1517,19.288000000000004,5.873099999999999,8.9316,8.7711,8.4862,7.5497000000000005,5.6947,9.8717,7.6702,9.5056,9.4813,10.232,7.618500000000001,3.7591,10.5922,5.5274,7.734400000000001,6.87,4.0753,5.365200000000001,27.604300000000002,5.873099999999999,5.8133,10.261999999999999,6.8504000000000005,9.906500000000001,9.8554,4.413600000000001,8.8557,6.9637,10.8002,13.215800000000002,5.873099999999999,8.0945,8.9572,6.6604,8.022,7.065200000000001,7.8856,7.864,11.0163,2.1178,8.824100000000001,3.5349999999999997,15.7671,12.507900000000001,7.5395,9.203599999999998,7.1312999999999995,7.406499999999999,9.2705,7.881600000000001,5.873099999999999,4.3909,7.367299999999999,9.7794,9.7999,5.873099999999999,10.6778,10.853100000000001,8.3916,5.873099999999999,3.9622,11.2574,6.635,6.1968,6.0655,7.504,9.18,8.3916,17.0333,8.2723,6.545,8.1079,17.4611,2.3703000000000003,4.7613,9.7696,5.873099999999999,5.873099999999999,14.739099999999999,8.871500000000001,7.557600000000001,5.2728,6.1198,9.692499999999999,4.348599999999999,11.0775,7.733700000000001,9.9565,9.5655,6.0662,8.6421,3.3285,11.2864,11.0049,5.308999999999999,14.4716,7.925599999999999,8.607,2.9174,10.6735,6.8983,4.892099999999999,6.811800000000001,13.885700000000002,8.0382,11.728,8.553,6.9237,7.387700000000001,5.873099999999999,9.5611,5.8168,7.376500000000001,8.401,7.8221,20.5151,10.3213,10.5358,11.9504,10.415,10.3417,4.6823,6.3649000000000004,8.4761,5.7452000000000005,8.623899999999999,4.0801,8.905199999999999,9.7948,8.3033,4.226100000000001,7.4893,7.174799999999999,16.7532,4.5105,7.6518999999999995,9.2804,8.232,6.5123999999999995,7.5713,8.656500000000001,9.9316,8.004999999999999,8.4788,8.4543,6.827499999999999,5.6806,7.0866999999999996,8.3901,10.6328,3.053,2.6882,13.973,6.2424
2008-06-12,1724.3943999999997,872.986,851.4083999999997,447.8212000000001,425.1648,418.7302999999999,432.67810000000003,7.5184999999999995,5.9546,8.3474,3.3387000000000002,9.575199999999999,7.1425,13.2995,8.282599999999999,5.3839999999999995,10.6553,5.0507,11.325,12.462699999999998,8.9891,7.792199999999999,5.9546,4.8771,12.3022,8.5548,7.7524999999999995,10.9504,14.945599999999999,5.9546,12.1619,14.2211,7.385200000000001,14.283100000000001,6.076099999999999,5.5245999999999995,8.5049,4.456099999999999,7.7167,6.3062,7.8042,6.1049999999999995,11.568800000000001,5.9546,6.2574,7.3296,8.1512,7.230700000000001,10.2143,7.597100000000001,25.5957,18.136599999999998,5.9546,9.7458,10.565000000000001,8.8993,7.6655999999999995,4.821999999999999,14.7065,8.802,11.492,9.1482,12.6238,7.7568,3.8631,10.9143,5.7836,8.223099999999999,6.9358,4.0968,5.4779,26.363,5.9546,6.0336,10.416699999999999,6.7645,10.1827,9.6599,4.4069,8.7485,7.178699999999999,10.6892,12.2959,5.9546,8.0491,9.258399999999998,7.9094,9.0798,7.3583,7.8507,7.9167,8.8315,2.1869,7.9611,3.6405000000000003,14.6759,11.204999999999998,7.231,9.195599999999999,7.0109,7.667599999999999,10.5231,8.5516,5.9546,4.585800000000001,7.7545,11.4721,10.5796,5.9546,9.6127,11.1491,8.5548,5.9546,4.029999999999999,11.6461,6.6962,6.4758,6.1996,7.7737,11.3179,8.5548,16.7092,8.5267,6.567699999999999,9.29,13.731,2.3302,4.727399999999999,9.066600000000001,5.9546,5.9546,12.3107,9.2944,7.2351,5.369400000000001,6.239599999999999,9.8121,4.5065,11.2259,9.988900000000001,10.465,10.1931,6.2303,7.9456,3.5380000000000003,10.6678,11.8323,5.5143,16.244,8.3661,7.1783,3.6192,11.8691,7.252100000000001,4.9681,8.293,11.2139,8.794400000000001,11.481499999999999,14.8401,7.055400000000001,7.508400000000001,5.9546,9.7336,6.0334,7.7307999999999995,8.480799999999999,7.7554,14.8429,10.319499999999998,10.8669,9.536100000000001,12.6945,11.215499999999999,4.6882,8.2273,9.7928,5.7096,9.2472,4.5992,8.7139,10.0124,8.268600000000001,4.3479,7.470000000000001,7.4131,17.7651,5.7047,9.7142,9.3354,8.6793,6.5174,7.6110999999999995,8.8084,10.3417,8.743500000000001,9.326500000000001,12.1526,6.7851,5.7940000000000005,7.5212,8.6282,11.4998,3.0564,2.6976,13.577,5.084899999999999
2008-06-13,1735.002899999999,884.1354999999998,850.8673999999994,458.66539999999986,425.47010000000006,423.1432999999999,427.7241,8.0824,6.146800000000001,8.557,6.146800000000001,9.7305,7.3281,18.4225,10.117999999999999,5.3979,9.5238,5.1577,11.1113,12.5968,9.2654,6.1666,6.146800000000001,4.9626,11.3695,8.7141,7.599,10.8279,11.7813,6.146800000000001,11.309999999999999,13.356200000000001,7.1265,19.100099999999998,5.8168999999999995,5.4892,9.0519,5.940300000000001,7.9274000000000004,6.0465,6.264999999999999,6.095599999999999,11.1709,6.146800000000001,6.3717999999999995,7.556699999999999,8.377600000000001,10.8278,9.782,8.6865,24.7138,17.6087,6.146800000000001,8.878499999999999,10.0409,9.8428,7.688599999999999,7.279400000000001,10.2202,10.8933,11.0337,9.383700000000001,12.2762,7.7423,3.8355,11.198699999999999,5.8356,6.6156999999999995,6.9117,4.1431000000000004,5.4114,25.959799999999998,6.146800000000001,6.0784,10.0229,6.9663,11.3971,10.2534,4.3229,9.0369,7.1978,9.7991,14.814600000000002,6.146800000000001,7.955,7.9886,6.975300000000001,9.4787,7.1988,8.163499999999999,7.782,8.282599999999999,2.2195,7.9718,3.6618000000000004,17.6346,8.6374,7.481300000000001,9.4512,6.6267000000000005,7.8163,10.1324,9.469100000000001,6.146800000000001,4.7296,7.790299999999999,10.953500000000002,11.8068,6.146800000000001,8.747,11.565,8.7141,6.146800000000001,4.5308,11.8217,6.357200000000001,6.2098,6.1039,7.6226,9.8543,8.7141,19.013799999999996,9.2301,6.8452,11.0091,16.002399999999998,2.42,4.7088,8.7098,6.146800000000001,6.146800000000001,10.5013,9.62,11.120000000000001,5.553699999999999,6.6391,10.2726,5.0288,10.1436,8.394,9.3506,11.1099,6.2775,8.497499999999999,3.3193,8.831299999999999,11.8235,5.542599999999999,15.464300000000001,11.6247,6.5053,3.4537000000000004,12.2838,5.5360000000000005,5.2527,6.4142,10.0096,10.0684,11.1494,8.391200000000001,7.2364999999999995,7.2219,6.146800000000001,9.6462,5.689,7.6551,8.5035,7.8468,17.082,10.1963,9.8781,10.682,11.689400000000001,10.959000000000001,4.710699999999999,7.140499999999999,13.9722,5.8454999999999995,9.0484,3.9821,8.683599999999998,10.7638,8.3917,4.2325,7.466,5.1632,20.059700000000003,4.3263,12.4484,9.3285,7.9703,6.9027,7.704999999999999,8.573,9.122399999999999,8.458400000000001,9.259599999999999,7.9544,7.432899999999999,5.7493,8.229700000000001,9.2127,11.0949,3.5136,2.8222,13.148499999999999,4.9698
2008-06-14,1344.6252000000004,672.7985000000001,671.8267000000003,347.9622,324.8363,336.1506000000001,335.6760999999999,6.309100000000001,4.777,6.7021,2.5564,8.2573,6.2332,6.8466000000000005,7.2023,4.4891,8.2942,4.3519000000000005,10.649000000000001,10.517600000000002,6.9841,5.2473,4.777,4.2066,10.2573,6.9428,6.901299999999999,6.338699999999999,7.1106,4.777,9.232000000000001,8.825800000000001,4.7994,9.170399999999999,4.5413,4.319,6.693300000000001,4.1041,6.2113000000000005,3.8548,4.965,5.1988,8.7304,4.777,4.988700000000001,5.9118,7.011199999999999,9.4201,7.1659,8.6008,20.2498,15.3747,4.777,7.8879,7.0703,7.398300000000001,5.9546,4.6899,8.7911,5.8706,7.4746999999999995,7.242900000000001,9.7579,6.1106,3.5305999999999997,8.4779,5.713100000000001,3.8353,5.4568,3.9299999999999997,4.1464,22.835,4.777,5.0349,7.3625,5.4971,7.853,7.0362,2.9013,7.4876999999999985,6.064900000000001,8.277000000000001,6.185499999999999,4.777,6.3479,6.195099999999999,5.0863,5.6957,5.5961,6.2649,6.614299999999999,6.807,1.9816,5.6248,2.857,13.5167,6.0606,6.4775,7.892799999999999,4.5773,6.127,8.7506,7.940500000000001,4.777,4.0581,6.768599999999999,7.702,9.5486,4.777,7.082199999999999,8.8107,6.9428,4.777,4.2713,8.9445,4.769,5.3704,5.1344,6.2034,6.662999999999999,6.9428,16.849,7.5321,6.144299999999999,7.3129,15.531400000000001,2.2564,4.1365,6.6936,4.777,4.777,7.7242,9.1476,6.0875,4.6661,4.898,9.3563,4.3357,7.524400000000001,7.830499999999999,7.4848,8.2136,5.0172,6.1847,2.8095,7.3371,8.69,4.4991,12.958400000000001,7.706200000000001,5.7922,2.5033000000000003,8.4254,3.5279,4.8997,5.4418,6.842099999999999,8.6899,8.609200000000001,5.1663,5.2533,5.612799999999999,4.777,7.805899999999999,4.233499999999999,5.8447000000000005,6.6263000000000005,6.786899999999999,17.6579,8.352900000000002,7.5802,7.0702,7.9135,9.4222,4.4849,5.8289,8.11,4.6571,6.6651,3.0287,6.732999999999999,8.4004,7.3453,2.5368,5.7816,3.4931,17.1692,3.3107,6.6817,7.932,6.3259,5.943999999999999,6.3411,6.348000000000001,5.6533999999999995,7.2218,9.702399999999999,5.038399999999999,5.5813,4.7982,7.0257000000000005,7.597799999999999,7.9862,3.1814999999999998,1.7429999999999999,11.7149,3.9113
2008-06-15,1145.5667999999998,570.9843999999998,574.5824,293.8385999999999,277.14580000000007,287.59209999999996,286.9903,6.1127,4.0254,5.548,4.0254,7.0032,5.2506,5.7281,5.4028,3.7151,7.724599999999999,3.7896,6.8632,9.1984,5.868099999999999,5.1022,4.0254,3.6997,8.0546,5.8507,6.904599999999999,5.8825,6.112299999999999,4.0254,8.0749,7.3454,4.1152999999999995,10.4213,4.0708,3.4394,5.1097,3.6639999999999997,5.1861,3.3814,4.4111,4.2197,7.1998999999999995,4.0254,4.3461,4.9733,5.7457,6.0604,6.7044999999999995,8.107499999999998,17.7198,7.674799999999999,4.0254,7.128499999999999,5.8298000000000005,5.6792,5.2665999999999995,4.3736,8.008199999999999,4.809900000000001,6.2134,6.1862,8.531500000000001,5.265499999999999,3.5822,8.1375,5.0187,3.2245,4.9131,3.748,3.9162999999999997,16.2134,4.0254,3.9995,6.8406,4.9588,6.8761,6.4498999999999995,2.2779,6.2315000000000005,5.0446,7.5075,5.2254,4.0254,5.791399999999999,5.168699999999999,4.4524,4.6744,4.952100000000001,5.6229,5.3726,5.4476,1.6831,4.5825,2.6694,6.4278,5.3119,6.8968,7.6249,3.6511000000000005,5.1724000000000006,9.4659,6.829599999999999,4.0254,3.4374000000000002,5.910299999999999,6.3706,8.2798,4.0254,6.1501,8.603,5.8507,4.0254,4.4222,8.4176,4.3306000000000004,5.1746,4.191800000000001,5.4117999999999995,6.1619,5.8507,9.218499999999999,6.540900000000001,5.6531,6.7679,9.889800000000001,2.2077999999999998,2.7619,5.836200000000001,4.0254,4.0254,6.260300000000001,7.2141,4.620900000000001,4.0440000000000005,5.1945,8.1884,3.8352,6.2187,7.2732,6.2343,6.0364,4.3654,5.2276,2.5933,6.1257,7.6709,3.9746,12.8371,6.537800000000001,5.753699999999999,4.0254,7.2236,2.9149,5.129,4.6307,5.6399,7.4415000000000004,7.0632,4.381,4.199,5.2367,4.0254,6.910300000000001,3.961,5.214500000000001,5.911499999999999,6.232,8.7227,6.3527,6.145200000000001,6.1888000000000005,6.575199999999999,8.9267,4.9681999999999995,4.5774,7.0846,4.285299999999999,5.462400000000001,2.6115000000000004,5.7814,7.972300000000001,6.0345,2.4291,4.6188,3.2659000000000002,11.7103,2.8657,5.8916,6.9848,5.472899999999999,5.527,5.8411,5.9763,4.9891,6.5602,7.1983,4.3729000000000005,4.6689,4.2782,7.7245,7.0869,7.333600000000001,4.0244,1.7112,10.7183,3.4753
2008-06-16,1563.6149999999998,814.8742,748.7407999999999,429.8291999999999,385.0450000000001,371.1799,377.5609,7.248200000000001,5.5933,7.7354,5.5933,8.5805,6.566400000000001,9.904800000000002,7.569799999999999,5.1417,8.906600000000001,4.6409,9.9819,11.2713,8.1556,6.2177,5.5933,4.541300000000001,10.1179,7.933000000000001,7.591799999999999,9.813100000000002,11.4536,5.5933,10.2085,11.4193,6.276300000000001,45.2316,6.820499999999999,4.7704,7.1808,4.3497,7.124200000000001,6.036099999999999,5.6783,5.8447,8.8349,5.5933,5.868399999999999,6.8102,7.4255,6.577,9.360399999999998,8.1697,24.1488,14.003300000000001,5.5933,6.7898000000000005,7.4786,8.100999999999999,8.3899,4.6109,9.4066,6.1240000000000006,9.8707,8.5243,10.6981,7.3134999999999994,3.9280999999999997,10.2428,5.4616,6.7732,6.5981,4.1812000000000005,5.096299999999999,22.8266,5.5933,5.4843,9.6004,6.2856,8.7646,9.9976,4.112299999999999,8.0067,6.4155999999999995,9.462800000000001,12.3138,5.5933,8.4702,7.342400000000001,6.282900000000001,8.3325,7.2875000000000005,7.3519,7.7916,7.3281,1.963,7.912100000000001,3.5072,14.358,10.078899999999999,7.3263,8.9701,6.3302,7.038499999999999,9.2955,7.742100000000001,5.5933,4.2595,7.3504000000000005,9.8465,8.8827,5.5933,10.3455,10.550400000000002,7.933000000000001,5.5933,4.2637,11.1257,5.2103,6.0264,5.7376000000000005,7.2132,9.5041,7.933000000000001,14.594399999999998,8.171700000000001,6.2597,7.8286,9.6762,2.2083,3.9725,9.727299999999998,5.5933,5.5933,9.3286,8.1029,6.304,4.7682,5.7284999999999995,9.3971,4.818,8.476099999999999,7.6901,7.475499999999999,8.4976,5.794600000000001,7.3384,3.2420999999999998,8.534300000000002,10.8033,4.8862,14.6372,7.853199999999999,6.2013,5.5933,9.4916,5.3664000000000005,4.9554,7.876499999999999,8.482,6.5503,10.2584,7.3686,6.613499999999999,7.223599999999999,5.5933,8.8885,5.7418,7.3568,9.4575,7.5778,9.2149,7.901,9.0312,8.919799999999999,10.5541,10.136399999999998,5.061400000000001,7.216100000000001,8.5654,5.3982,8.729099999999999,3.7375000000000003,7.2133,9.607299999999999,7.9429,3.9015000000000004,7.6944,5.2799,15.2225,4.0417000000000005,6.8131,9.0015,6.7621,6.3249,7.3546000000000005,8.6018,9.8414,7.405099999999999,7.893400000000001,7.7585999999999995,6.530799999999998,6.2781,7.8101,8.0623,10.2695,3.1397,2.5375,12.3642,4.8135
2008-06-17,1587.2785999999996,800.0863,787.1922999999996,404.32089999999994,395.76539999999994,390.27289999999994,396.9194,7.4205,5.765700000000001,7.8692,5.765700000000001,8.5107,6.7939,10.5384,7.9472000000000005,5.2937,9.2568,4.6524,10.450700000000001,10.3393,8.3526,7.2577,5.765700000000001,4.6009,11.4819,8.2845,6.9928,7.095,12.1826,5.765700000000001,11.1949,13.237400000000001,6.419499999999999,6.060499999999999,6.9415,4.883,7.5972,4.0759,7.188599999999999,6.1413,5.8954,6.4745,9.8791,5.765700000000001,5.965400000000001,6.571899999999999,7.9081,6.6532,9.798200000000001,7.4519,23.8003,18.4969,5.765700000000001,7.1155,8.4044,8.4294,7.821899999999999,5.4259,9.7937,6.336600000000001,10.4641,8.819199999999999,10.9152,7.3474,3.8353,10.6588,5.4072000000000005,7.838099999999999,6.8405,4.143599999999999,5.2167,26.641999999999996,5.765700000000001,5.658000000000001,7.825200000000001,6.588699999999999,8.9808,9.6353,4.405099999999999,8.409600000000001,6.6753,9.2268,12.098600000000001,5.765700000000001,7.9149,8.1221,6.5597,8.0898,6.9199,7.615600000000001,7.9028,8.6031,2.0153000000000003,7.6812000000000005,3.4974,14.170499999999999,11.0247,6.774,9.089299999999998,6.744299999999999,7.1895999999999995,9.449,7.9376,5.765700000000001,4.3223,7.2256,10.431899999999999,9.8354,5.765700000000001,10.2539,10.8408,8.2845,5.765700000000001,3.9303,11.3537,6.0156,6.1448,6.001299999999999,7.3355,10.9041,8.2845,16.0274,8.1828,6.3885000000000005,7.9456999999999995,12.3482,2.2640000000000002,4.8286999999999995,9.824,5.765700000000001,5.765700000000001,10.5555,8.5975,7.8812,4.9722,5.859500000000001,9.6175,4.8812,9.5864,7.685099999999999,8.367899999999999,8.9474,5.7703,8.3063,3.3891,8.8022,11.1568,4.962299999999999,14.493200000000002,7.9564,6.5976,3.1552,9.967499999999998,6.6334,4.8919,7.4178,9.765,8.3112,10.5247,10.2093,6.788399999999999,7.0926,5.765700000000001,9.0231,5.5302,7.2951999999999995,8.6418,7.8774,12.766399999999999,9.2222,9.5842,9.5079,11.047899999999998,10.0403,4.7658000000000005,6.1508,8.0536,5.4855,8.2291,3.9431,7.1125,9.7805,7.930999999999999,3.8866000000000005,6.91,5.1331999999999995,16.2297,7.4505,7.1797,8.8809,6.6526,6.345599999999999,7.577699999999999,8.6799,10.337800000000001,7.8985,8.101600000000001,9.2946,6.7741999999999996,5.5635,10.168299999999999,8.1795,11.3624,2.9049,2.6564,12.8213,5.2496
2008-06-18,1643.7782000000004,829.5989000000001,814.1793000000004,412.6784,416.92050000000006,403.8550000000001,410.3243,7.649,5.873099999999999,8.3424,3.8809000000000005,8.3901,7.034999999999999,10.410599999999999,7.9024,5.7745999999999995,11.5769,4.65,10.7913,10.5107,8.4521,7.5969,5.873099999999999,4.6312,10.8402,8.3916,7.245699999999999,6.6358999999999995,12.348500000000001,5.873099999999999,12.222099999999998,13.471699999999998,9.883999999999999,6.0775,5.9277999999999995,5.2836,7.686599999999999,4.2189,7.279599999999999,6.0952,5.9404,6.2555,10.6111,5.873099999999999,6.1861999999999995,7.0606,7.8805,6.866099999999999,10.157399999999999,7.478,25.474800000000002,16.0809,5.873099999999999,8.224599999999999,7.971500000000001,8.4652,7.4571000000000005,10.1397,9.779499999999999,6.5595,9.610199999999999,8.8031,12.496099999999998,7.5233,3.8035,10.8397,5.5146999999999995,7.946100000000001,7.8088999999999995,4.0649999999999995,5.2551000000000005,24.841,5.873099999999999,5.6921,7.4787,6.7105999999999995,9.5655,10.3886,4.3498,8.5688,6.734400000000001,10.3899,12.0754,5.873099999999999,8.351400000000002,10.3868,6.5422,7.372400000000001,7.0889,8.1013,8.5947,11.6877,6.3683,6.764,3.5689,14.568999999999999,9.751299999999999,6.946199999999999,9.2013,7.966200000000001,7.574300000000001,11.5757,8.080400000000001,5.873099999999999,4.332800000000001,7.3603,10.177900000000001,9.8465,5.873099999999999,8.3254,11.0717,8.3916,5.873099999999999,3.9811,11.549199999999999,14.064900000000002,6.1762999999999995,6.1206,7.2678,9.6222,8.3916,15.0451,8.1683,6.519299999999999,8.076500000000001,12.840699999999998,2.2922000000000002,5.873099999999999,8.6876,5.873099999999999,5.873099999999999,10.5502,9.9466,6.730499999999999,5.0703,6.1036,9.7847,5.4883,10.3498,8.0781,9.3154,9.0644,5.931900000000001,8.076900000000002,3.2979000000000003,12.349999999999998,10.9634,5.0489,15.0242,8.0842,6.441999999999999,2.7556000000000003,11.0444,6.754499999999999,4.8515999999999995,7.1381,9.8054,8.8906,10.786200000000001,10.4727,6.8035,7.3057,5.873099999999999,9.1873,5.713799999999999,8.1442,8.2841,7.764099999999999,13.5884,9.5646,10.473700000000001,9.268799999999999,11.6819,12.218499999999999,4.9529000000000005,6.7594,8.5774,5.4716000000000005,8.303799999999999,6.4404,8.3257,9.895299999999999,8.4932,4.1161,7.859499999999999,5.2295,16.1829,4.6547,7.6436,9.0136,7.6707,6.431099999999999,7.490399999999999,8.7034,10.1597,8.679300000000001,8.3019,9.5139,8.793099999999999,5.654999999999999,7.2468,8.2497,11.3433,2.951,2.5249,12.9278,5.7415
2008-06-19,1656.8414000000002,829.5376,827.3038000000003,428.39060000000006,401.147,408.83420000000007,418.4695999999999,7.9125,5.9546,9.4457,3.3387000000000002,7.9453,7.0392,10.725,8.9438,5.6407,9.2399,4.8984,11.0344,10.9209,13.8707,6.5048,5.9546,4.7576,10.966899999999999,8.5548,7.5064,7.2413,14.2165,5.9546,12.0509,13.356,7.9946,6.507199999999999,6.2819,5.1181,7.869400000000001,4.3634,7.4128,6.1488,6.1897,6.2728,11.0376,5.9546,6.176399999999999,7.1361,8.6426,7.0512,10.142299999999999,7.3775,24.8249,18.386000000000003,5.9546,8.689800000000002,12.4328,8.8323,7.619,4.7806,13.9408,6.568300000000001,9.535699999999999,9.0913,11.1927,7.6189,3.9924,10.8487,5.6208,8.2067,6.816800000000001,3.9963999999999995,5.2685,26.511699999999998,5.9546,5.8781,7.9164,6.715699999999999,9.366999999999999,7.896099999999999,4.4046,9.0147,6.9884,9.679400000000001,9.141,5.9546,8.302,8.4469,6.9977,7.934100000000001,6.9722,7.799999999999999,8.2521,8.429,2.0769,8.881599999999999,3.5982000000000003,12.860600000000002,9.511000000000001,7.8748,9.4832,7.3462,7.488899999999999,9.6266,8.651499999999999,5.9546,4.4982,7.4421,9.8177,10.2134,5.9546,9.8899,11.000399999999999,8.5548,5.9546,4.0743,11.6699,6.4436,6.3213,6.200100000000001,7.5721,11.437999999999999,8.5548,14.1706,8.4851,7.4734,9.1298,15.302900000000001,2.3585,5.9546,9.127099999999999,5.9546,5.9546,10.0099,11.238700000000001,9.370000000000001,5.2044999999999995,6.179,9.5687,5.103,10.4755,7.854699999999999,9.352599999999999,9.3572,7.0901,8.0951,3.3987000000000003,10.127199999999998,11.7628,5.0257000000000005,14.598,8.4499,6.5729,3.6961999999999997,10.014899999999999,7.526499999999999,4.9435,7.1719,8.894,10.467600000000001,11.494100000000001,12.9895,7.0710999999999995,7.342100000000001,5.9546,9.3385,5.852499999999999,7.5538,8.395,7.853899999999999,16.848100000000002,10.223,10.4643,9.4727,10.2842,10.188999999999998,5.039,7.466900000000001,9.4812,5.5516,8.3309,4.1465,7.567500000000001,9.9646,8.2759,4.139900000000001,7.4546,5.617,17.3221,4.555400000000001,9.7992,9.132100000000001,7.2297,6.636299999999999,7.3772,8.6614,10.1837,8.036299999999999,9.2707,11.445100000000002,7.4199,5.7356,7.4608,8.7031,11.3147,3.0718999999999994,2.6643,12.464000000000002,5.156499999999999
2008-06-20,1694.0942000000002,874.7036000000002,819.3906000000001,460.3060000000001,414.3975999999999,401.3064,418.08419999999995,8.1592,6.146800000000001,8.3942,6.146800000000001,8.604600000000001,8.011299999999999,19.571,8.4104,5.3759,9.4973,5.130199999999999,12.0692,11.412500000000001,10.0821,6.1724,6.146800000000001,4.8168,12.9554,8.7141,7.4465,6.638199999999999,12.410100000000002,6.146800000000001,11.1283,14.090100000000001,6.3271,28.6419,6.288,5.2029,9.9188,5.0702,7.6168000000000005,6.2131,6.3169,6.013400000000001,10.0029,6.146800000000001,6.4,7.2358,8.4372,9.8865,9.987,8.7736,23.9476,18.6098,6.146800000000001,8.807,8.2241,8.9178,7.497,4.8857,11.9293,9.4514,10.148,9.1803,10.500699999999998,7.588700000000001,3.8931000000000004,10.6567,5.7262,7.127800000000001,7.0409,4.0614,5.2185999999999995,26.8277,6.146800000000001,6.8871,7.5579,6.8553,11.1761,6.1765,4.3988,8.8083,7.0585,9.5731,14.571100000000001,6.146800000000001,7.870400000000001,8.598199999999999,8.0702,7.8611,6.99,7.9374,7.7014,8.6434,2.3015,8.1973,3.5685000000000002,17.3198,11.0997,7.1907000000000005,9.3953,6.7081,7.6765,9.4875,9.430800000000001,6.146800000000001,4.6563,7.534400000000001,10.419500000000001,11.206900000000001,6.146800000000001,7.9798,10.8596,8.7141,6.146800000000001,4.3598,11.369499999999999,6.6379,6.0634,6.1039,7.454000000000001,8.2434,8.7141,18.4087,9.0297,6.902899999999999,9.5441,14.468799999999998,2.3814,4.690300000000001,9.168099999999999,6.146800000000001,6.146800000000001,9.922,9.3207,6.7934,5.353,6.3873,10.055900000000001,4.8617,9.1037,8.303,8.4968,12.3973,6.0806,8.062000000000001,3.3167999999999997,9.3185,10.9403,5.6917,14.6359,9.9936,6.3931,2.7406,9.0546,5.5779,5.1861,6.3213,10.110999999999999,9.7462,10.898,10.174900000000001,7.116999999999999,7.0275,6.146800000000001,9.6327,5.5464,7.439,8.2274,7.736599999999999,15.683700000000002,8.6479,10.0011,9.832,11.3271,10.465599999999998,6.0449,6.8786000000000005,12.213,5.816,8.4451,4.1693,8.681099999999999,9.7951,8.2268,4.2243,7.4963,4.8332,18.1061,4.5556,9.7133,9.3909,8.4895,6.7759,7.497499999999999,8.749,9.2878,7.8316,9.1025,8.7254,7.4586999999999986,5.6079,7.902,9.1491,12.0864,3.5267999999999997,2.6436,13.941400000000002,5.0696
2008-06-21,1282.6734999999996,633.2456999999996,649.4278,324.22309999999993,309.0226,328.58349999999996,320.8443,6.1295,4.777,6.321599999999999,2.5564,7.0318,6.1505,6.865600000000001,6.4916,4.276,7.797,4.1879,8.091800000000001,9.4681,6.7927,5.093500000000001,4.777,3.8934999999999995,9.8519,6.9428,6.6622,5.475199999999999,7.077500000000001,4.777,9.0713,8.5754,4.6045,5.8263,6.7333,3.9413000000000005,5.9485,4.0821,5.977,3.8716,4.9716000000000005,4.8016000000000005,8.386099999999999,4.777,4.888999999999999,5.7162,6.639799999999999,6.7699,7.0711,7.461799999999998,21.1468,9.648299999999999,4.777,7.8709999999999996,6.731299999999999,6.7869,5.6583000000000006,4.6889,8.806000000000001,5.551200000000001,7.1791,7.2200999999999995,9.5857,5.7102,3.4726,8.2444,5.404,3.7696999999999994,5.2832,3.7426,4.1414,17.894,4.777,11.195999999999998,6.7697,5.5003,7.578,6.590599999999999,2.6257,7.0498,5.7265,8.1602,6.1904,4.777,6.1483,5.811999999999999,5.0538,5.455499999999999,5.5443,6.1128,6.0757,6.491999999999999,2.0329,6.2296,2.7138999999999998,7.6412,5.8416999999999994,6.0455,7.832599999999999,4.2699,5.8177,8.3338,7.406599999999999,4.777,3.8539999999999996,4.4997,7.3978,10.1312,4.777,6.1673,8.569700000000001,6.9428,4.777,3.8414,8.7022,5.9745,5.0008,4.777,5.884600000000001,6.4780999999999995,6.9428,10.4926,7.2913,6.0776,7.0748999999999995,13.3677,2.1943,4.2872,6.3479,4.777,4.777,7.3847000000000005,19.3644,5.447,4.3278,4.660299999999999,8.854299999999999,4.2054,7.1555,7.4978,7.136900000000001,6.992900000000001,4.7157,6.0895,2.7092,6.765600000000001,8.658100000000001,4.752700000000001,12.895999999999999,7.2835,5.5712,2.5303000000000004,7.9974,3.3196000000000003,4.8468,5.2528,6.5142,7.1739,7.9932,6.5155,4.5817,5.2250000000000005,4.777,7.734699999999999,4.0735,5.5666,6.2782,6.621600000000001,12.9265,7.207800000000001,7.2162999999999995,6.8767000000000005,7.5526,8.969100000000001,6.0219,5.6842,7.9249,4.333,6.352799999999999,2.9123,6.628500000000001,8.1441,6.8736,2.4562,5.3579,3.7833000000000006,16.9612,3.3882000000000003,6.4434000000000005,7.7745999999999995,6.1473,6.803,6.1602,6.3712,5.6101,7.2296,8.0084,5.050800000000001,5.3523,4.6098,6.6198,7.5356000000000005,8.0271,3.0239,1.6423999999999999,10.3064,4.0164
2008-06-22,1135.6480999999999,586.2629,549.3851999999998,320.4682,265.7946999999999,273.3067999999999,276.07840000000004,6.0343,4.0254,5.302200000000001,4.0254,6.626800000000001,5.0271,5.5062,5.3422,3.5755,7.380999999999999,3.7781,6.7904,9.8291,5.673500000000001,5.0342,4.0254,3.5999,7.7354,5.8507,6.7392,4.7409,5.9701,4.0254,8.232899999999999,7.4802,3.8724,42.398399999999995,5.2997,3.1408,4.7696000000000005,3.7720000000000002,4.9443,3.2262,4.5061,4.0213,6.8869,4.0254,3.9932999999999996,4.703,5.4178999999999995,5.8443,6.5565,7.4637,20.1879,7.2295,4.0254,5.6838,5.4893,5.5622,5.0968,4.1989,7.7355,4.638,5.8554,6.1049,8.032399999999999,5.1777,3.9169,7.862699999999999,5.0598,3.0580999999999996,4.5252,3.698,4.000500000000001,15.869599999999998,4.0254,3.8217000000000003,6.259,4.7421,6.6884999999999994,7.174999999999999,2.2023,5.891299999999999,5.0313,7.570399999999999,5.0697,4.0254,5.6349,4.9216999999999995,4.3496999999999995,4.4444,4.6531,5.6891,5.1023000000000005,5.2743,1.6749,5.0869,2.4619999999999997,5.8729,5.1195,6.5161999999999995,7.6542,3.5049,4.8979,7.7601,6.636100000000001,4.0254,3.2691,3.0723000000000003,5.9371,7.5501000000000005,4.0254,5.776,8.296199999999999,5.8507,4.0254,4.1762999999999995,8.3507,4.152100000000001,5.1124,4.0254,5.2336,5.7722,5.8507,7.1115,6.391900000000001,5.3357,6.4833,8.2539,2.0012,2.6071,5.644699999999999,4.0254,4.0254,6.023,6.9064,4.504099999999999,3.7268000000000003,3.9486999999999997,7.588900000000001,3.7317999999999993,6.1032,7.048,5.8748,5.7602,4.2761000000000005,5.119,2.4698,5.959099999999999,7.4986999999999995,3.8388999999999998,12.3809,6.1373999999999995,5.745899999999999,4.0254,6.7713,2.7227,5.4388000000000005,4.265,5.364599999999999,7.9693000000000005,8.997499999999999,5.925800000000001,3.9395000000000002,4.896,4.0254,7.018,3.6361,5.0566,5.7088,6.0176,6.8132,6.0027,5.8743,5.898,6.1784,8.2314,6.045100000000001,4.1145,6.7871,4.087,5.2688,2.4121,5.510300000000001,7.843400000000001,5.7896,1.9783,4.3638,3.6188000000000002,7.1739,2.8009999999999997,5.4862,6.8846,5.2194,5.3229,5.752599999999999,5.851699999999999,4.7774,6.235199999999999,6.979,4.2384,4.4353,4.0124,7.2453,7.5005,7.1765,3.7469,1.4562,10.409199999999998,3.3664
2008-06-23,1501.5759,765.7890999999998,735.7868000000002,390.1015999999999,375.68749999999994,365.8729,369.9139,7.4465,5.5933,7.6168,5.5933,8.6584,6.504700000000001,7.6655,8.2802,5.0144,8.9713,4.6056,9.8876,10.612,8.1644,6.0181000000000004,5.5933,4.571899999999999,10.110199999999999,7.933000000000001,7.6511000000000005,6.268800000000001,11.228,5.5933,11.2747,14.177700000000002,8.076,5.829700000000001,6.5229,4.795,7.170400000000001,4.4955,7.0511,5.9152,5.625500000000001,5.4904,8.9998,5.5933,5.8004999999999995,6.7172,7.4292,6.6282000000000005,10.018500000000001,7.991200000000001,23.455,13.6859,5.5933,8.661,7.5937,8.6735,7.2555,5.096299999999999,9.4068,6.1412,8.952200000000001,8.6656,9.9221,7.3241,3.0968999999999998,10.1206,5.388,7.3303,6.7232,4.1326,5.08,22.7012,5.5933,13.883600000000001,7.1564,6.2887,8.7798,8.5669,4.0855999999999995,8.101199999999999,6.404299999999999,9.108,9.975299999999999,5.5933,7.598199999999999,7.9338999999999995,6.2857,6.324399999999999,6.695,7.288600000000001,7.3456,7.352399999999999,1.9380000000000002,7.9023,3.2983,12.3501,10.1316,6.816,9.202399999999999,6.171799999999999,7.0135000000000005,8.9875,7.958699999999999,5.5933,4.1663,4.5047999999999995,9.211599999999999,9.5334,5.5933,8.9815,10.4083,7.933000000000001,5.5933,4.0424,11.0092,4.921200000000001,6.0825,5.5933,7.2594,9.8102,7.933000000000001,14.052,8.159699999999999,6.0145,7.9023,8.581700000000001,2.1582999999999997,2.2763,8.492,5.5933,5.5933,9.1022,8.062999999999999,8.8546,4.8418,5.6177,9.308499999999999,4.787,8.537899999999999,7.573499999999999,7.2943,8.2366,5.755199999999999,7.2073,3.3168999999999995,10.2599,11.1388,4.9116,13.530000000000001,7.8202,6.2275,5.5933,9.4561,5.9314,5.2231,5.853899999999999,7.9132,6.161300000000001,10.065399999999999,8.6829,6.5603,6.9881,5.5933,8.8331,5.3446,7.023000000000001,8.0359,7.802999999999999,8.0672,8.102599999999999,9.5448,8.6838,10.2332,9.802999999999999,4.8212,6.124300000000001,8.5901,5.3259,7.7397,3.607,7.242900000000001,9.4352,7.6061000000000005,3.8038,6.7348,6.1322,15.855,3.9233000000000002,6.622999999999999,8.868500000000001,6.6982,6.3062,7.282699999999999,8.490200000000002,9.5608,7.2170000000000005,7.7669999999999995,7.6034,6.7309,5.3207,7.5376,8.928899999999999,10.4124,3.0075000000000003,2.3735999999999997,12.0348,4.6835
2008-06-24,1562.6603999999998,788.5169999999998,774.1434,404.6359,383.8810999999999,385.31510000000003,388.8283,7.424300000000001,5.765700000000001,7.8145,5.765700000000001,8.8552,6.9337,9.8354,7.815199999999999,5.2036,11.0188,4.8284,10.786299999999999,10.4113,8.625399999999999,6.2559000000000005,5.765700000000001,4.6191,10.5806,8.2845,7.1379,6.6588,11.825500000000002,5.765700000000001,11.9622,13.229300000000002,9.3733,5.5539000000000005,6.6165,4.7774,7.4517,4.0958,7.1597,6.052,5.8955,6.0398,10.9168,5.765700000000001,6.1372,6.829600000000001,7.8356,6.617400000000001,10.185500000000001,7.7802,23.234900000000003,14.948300000000001,5.765700000000001,8.6723,7.9069,8.4741,7.3814,4.6332,10.838000000000001,6.8693,8.980799999999999,8.7459,10.3246,7.4477,3.0645999999999995,10.5586,5.482200000000001,7.822,6.8806,4.2455,5.193899999999999,23.7957,5.765700000000001,5.6289,7.5005,6.5107,9.367999999999999,8.5962,4.138,8.358899999999998,6.586499999999999,11.3825,10.0138,5.765700000000001,7.8389,8.3295,6.4676,6.7351,7.1498,7.9463,8.1987,8.275300000000001,2.0214999999999996,7.735200000000001,3.4787999999999997,13.804199999999998,10.705200000000001,6.6659999999999995,9.007000000000001,6.7659,7.2324,9.2008,7.9875,5.765700000000001,4.3237,4.5707,9.1773,9.6941,5.765700000000001,8.9544,10.7281,8.2845,5.765700000000001,3.9396000000000004,11.2935,5.459700000000001,6.1253,5.765700000000001,7.2829,11.4146,8.2845,14.4286,8.1435,6.2894,8.2038,12.567400000000001,2.2522,4.7348,8.421399999999998,5.765700000000001,5.765700000000001,9.379100000000001,8.3427,7.611800000000001,4.894,5.785199999999999,9.338500000000002,4.9748,10.154599999999999,7.640499999999999,10.094,8.7888,5.794,7.926500000000001,3.3169999999999997,10.1087,11.5214,4.9811,14.1519,10.3777,6.2709,3.2243000000000004,9.9582,6.2955000000000005,4.867900000000001,6.0114,8.1738,7.2592,10.9312,8.6963,6.927300000000001,7.0587,5.765700000000001,9.104700000000001,5.5196000000000005,7.0807,8.146,7.9216999999999995,13.0809,9.0012,11.2495,9.0452,9.917200000000001,10.1197,4.5017,6.2006,8.5357,5.35,8.3285,3.984,7.8505,9.7071,7.7834,4.0212,6.8823,5.4327000000000005,16.1075,5.0367999999999995,8.0678,9.002099999999999,7.231199999999999,6.2658000000000005,7.395,8.6197,9.4971,7.965300000000001,8.0979,8.059899999999999,6.9777000000000005,5.6158,7.3397,8.096699999999998,10.7187,2.7685000000000004,2.5012,13.0329,5.0285
2008-06-25,1612.5027,809.8340000000002,802.6687,418.0331000000001,391.80090000000007,400.53999999999985,402.12870000000004,7.5064,5.873099999999999,8.084499999999998,3.8809000000000005,8.947199999999999,6.8444,10.258200000000002,7.8988,5.2119,9.633,4.9489,10.719899999999999,10.4847,8.703700000000001,6.2463999999999995,5.873099999999999,4.6958,10.857700000000001,8.3916,7.3009,7.7141,12.291199999999998,5.873099999999999,12.0056,14.219999999999999,7.9822999999999995,12.1791,6.6465,5.1504,7.598,4.1812000000000005,7.4685,6.212000000000001,5.938700000000001,6.678800000000001,10.2738,5.873099999999999,6.1991,7.141,8.0674,6.8446,10.161000000000001,8.073,24.697000000000003,16.8572,5.873099999999999,8.796199999999999,8.5591,8.5133,7.6036,4.7523,10.4885,7.405900000000001,10.160599999999999,9.058,11.0334,7.5672999999999995,3.1856999999999998,10.5983,5.516500000000001,7.9965,7.0561,4.2275,5.2564,25.427500000000002,5.873099999999999,5.7311,8.2427,6.5498,9.5841,8.7332,4.2737,8.438099999999999,6.722099999999999,9.607400000000002,5.824999999999999,5.873099999999999,8.047799999999999,8.009,6.5691,8.6965,7.2083,7.3476,9.2953,8.187899999999999,2.0624000000000002,9.675,3.6530000000000005,13.325099999999999,11.886000000000001,6.609,9.2105,6.8909,7.4792999999999985,9.198599999999999,7.8016,5.873099999999999,4.578,4.7399000000000004,10.2731,9.824,5.873099999999999,9.7972,10.847199999999999,8.3916,5.873099999999999,3.9734999999999996,11.4346,5.6384,6.215,5.873099999999999,7.416399999999999,11.973,8.3916,14.307500000000001,8.2781,6.3796,8.2365,13.0255,2.2676,4.7796,9.2395,5.873099999999999,5.873099999999999,10.9586,8.5808,8.8439,5.0176,6.020999999999999,9.7787,5.033900000000001,10.0363,7.6387,8.954500000000001,8.939,5.9922,8.7387,3.3945,8.9606,11.250399999999999,5.0286,14.757100000000001,13.4702,6.3576,2.8981999999999997,10.3617,7.523599999999999,4.9155,7.3359000000000005,9.9703,9.1869,11.6693,11.498500000000002,6.821400000000001,7.266900000000001,5.873099999999999,9.262,5.6685,7.2663,8.387899999999998,7.7761000000000005,13.869399999999999,9.210899999999999,9.924299999999999,9.1881,11.582300000000002,10.1864,5.3456,6.4961,8.5597,5.4879999999999995,8.7704,3.8703000000000003,7.924799999999999,9.7835,8.050899999999999,4.1241,7.1253,6.1259999999999994,15.718,4.525399999999999,7.8153,9.1855,7.303000000000001,6.390499999999999,7.569599999999999,8.8004,10.0339,7.7136,8.215,9.755,6.673800000000001,5.7582,7.096399999999999,8.3326,10.85,2.8472999999999997,2.5854999999999997,12.9404,5.7163
2008-06-26,1719.3952000000008,899.1446000000007,820.2506000000001,472.2357000000001,426.90889999999996,406.8073999999999,413.4431999999999,7.6589,5.9546,8.4032,3.3387000000000002,8.628,6.8988,12.39,8.5464,5.2587,9.0471,5.4114,33.370599999999996,11.269,9.7797,6.3346,5.9546,4.7736,31.0021,8.5548,7.2775,8.3574,12.636600000000001,5.9546,11.694,8.941500000000001,9.5225,9.8916,6.8108,5.0416,7.598899999999999,4.39,7.4643,6.1611,5.722300000000001,5.981999999999999,10.8337,5.9546,6.0372,7.2191,7.3231,7.1678,10.2642,10.748899999999999,23.4293,28.976399999999998,5.9546,8.8307,7.148899999999999,8.7694,7.556300000000001,10.330200000000001,12.014199999999999,9.5495,11.5549,9.328199999999999,11.0577,7.7277,2.972,10.9287,4.9862,7.5972,6.9596,4.3025,5.330800000000001,35.4102,5.9546,8.8969,8.6466,6.8753,11.266100000000002,8.5069,4.324,9.8923,6.858499999999999,9.3635,11.902700000000001,5.9546,7.975200000000001,8.076099999999999,6.6516,9.2402,4.4926,7.8408999999999995,7.797,8.0633,3.3484999999999996,8.9207,3.6402,16.5857,10.490300000000001,7.1221,9.146899999999999,6.869,7.7424,9.6284,8.356300000000001,5.9546,4.5339,4.218299999999999,11.723099999999999,9.9057,5.9546,9.5945,11.1678,8.5548,5.9546,4.1408,11.842500000000001,5.570399999999999,6.2717,5.9546,7.845400000000001,11.488800000000001,8.5548,16.8658,8.6587,6.6398,10.245999999999999,11.825,2.3449999999999998,4.7744,8.9269,5.9546,5.9546,13.1244,8.7574,9.4921,5.104100000000001,6.1530000000000005,9.6905,4.9922,10.7611,7.9999,9.8599,8.8257,6.1174,8.595400000000001,3.3651,9.4382,11.5271,5.8649000000000004,14.7471,8.4583,6.4843,2.7252000000000005,10.2135,5.614800000000001,4.9769000000000005,6.3063,12.6208,9.040700000000001,12.9964,10.137,6.9813,7.254300000000001,5.9546,8.5826,5.7254000000000005,7.3434,8.3462,8.3633,11.8525,9.1789,9.8986,10.302499999999998,13.4995,10.334100000000001,4.4282,6.7252,9.7394,5.6051,8.9739,3.8675,8.836,10.046199999999999,8.1681,4.139,7.149100000000001,4.2171,18.5841,5.1606000000000005,11.7227,9.093700000000002,8.359,6.5487,7.6812000000000005,8.7673,9.767499999999998,7.813699999999999,8.364799999999999,8.8201,6.1126,5.7871,7.3024000000000004,8.5094,11.2867,2.9309,2.8095999999999997,14.657699999999998,5.677300000000001
2008-06-27,1700.3264,876.9696000000004,823.3567999999997,460.2779000000001,416.6916999999999,401.82499999999993,421.53180000000003,7.6347000000000005,6.146800000000001,8.354800000000001,6.146800000000001,9.4428,7.8447,22.707299999999996,8.2821,5.2888,9.2987,5.1633,13.5198,10.946100000000001,10.733600000000001,6.2572,6.146800000000001,4.8145,14.876100000000001,8.7141,7.3828,8.4928,12.994599999999998,6.146800000000001,12.057300000000001,13.6408,7.787100000000001,18.2637,6.4868,5.2889,7.8196,6.8733,7.6607,6.0969,6.314100000000001,6.0709,9.5421,6.146800000000001,6.8045,7.2663,8.2531,8.3295,9.4805,8.8348,24.407899999999998,20.845,6.146800000000001,7.0553,9.2309,8.766200000000001,7.472099999999999,4.9562,9.977500000000001,9.107199999999999,10.5871,9.1966,11.502799999999999,7.6874,3.0213,10.5702,5.759500000000001,6.7646999999999995,6.8427,4.1776,5.4655000000000005,28.231599999999997,6.146800000000001,14.6429,8.82,6.974,10.8154,8.6013,4.2686,8.7119,6.999600000000001,9.5077,14.4602,6.146800000000001,7.8919,6.9335,6.7515,8.388,6.4567,7.8361,7.601099999999999,8.2909,2.2929,7.2362,3.5986000000000002,18.624499999999998,8.8364,7.917,9.2564,6.665799999999999,7.5779000000000005,9.5357,8.7558,6.146800000000001,4.6289,4.7132000000000005,10.8128,11.514,6.146800000000001,8.9799,10.854,8.7141,6.146800000000001,4.5184,11.1272,6.1627,6.3309999999999995,6.146800000000001,7.405799999999999,9.1671,8.7141,19.4719,9.1218,6.8832,9.7262,15.2975,2.2882,4.6912,8.546199999999999,6.146800000000001,6.146800000000001,10.0092,9.2054,6.861,5.2438,6.2458,9.8701,4.9762,8.9195,8.2535,8.1851,9.4921,6.0314,8.037600000000001,3.311,8.8606,11.4101,5.418499999999999,15.139399999999998,9.5969,6.518,2.6514000000000006,10.5823,5.575,5.1509,6.2644,9.7673,11.4117,12.4011,10.4203,6.9537,7.1348,6.146800000000001,9.8339,5.5601,7.4439,8.2649,7.749499999999999,16.8011,8.6249,10.6954,9.5563,11.800699999999999,10.534199999999998,5.1779,6.7169,12.416500000000001,5.7149,8.7066,3.838,8.225200000000001,9.660699999999999,8.1805,4.0833,7.4249,7.1022,19.110200000000003,4.1987000000000005,10.3916,9.795499999999999,7.3147,6.6699,7.5161999999999995,8.590699999999998,9.0915,8.0682,9.045300000000001,9.1111,7.2782,5.6804,7.560700000000001,8.7308,10.8719,3.2759,2.7329,13.117,4.7995
2008-06-28,1271.7756999999997,645.4626999999998,626.313,335.0788999999999,310.38379999999995,310.9181,315.39490000000006,6.232200000000001,4.777,6.412599999999999,2.5564,7.8171,5.977399999999999,8.4975,6.4678,4.2556,7.7873,4.3519000000000005,8.169599999999999,9.690100000000001,6.816599999999999,5.0907,4.777,3.8973,9.4091,6.9428,6.5807,5.5274,6.9308,4.777,8.9733,8.9521,4.4419,13.798100000000002,5.6014,4.0539000000000005,5.8859,3.8200000000000003,6.060300000000001,3.8409,4.8983,4.8924,7.8946000000000005,4.777,4.836399999999999,5.6787,6.7635000000000005,6.5261,7.117400000000001,8.0447,22.1626,12.854,4.777,5.5153,6.7928,6.8222000000000005,5.5562000000000005,4.5678,8.381,5.6960999999999995,6.982,7.8682,9.450399999999998,5.7002999999999995,2.8562000000000003,7.9596,5.266699999999999,3.7214,5.4545,3.8318,3.9663999999999997,20.593700000000002,4.777,6.9687,6.7988,5.5691999999999995,7.658099999999999,6.6005,2.7066,7.0615000000000006,5.597799999999999,7.7247,4.3335,4.777,6.0258,5.8809000000000005,5.0283,5.7890999999999995,12.1143,6.0356000000000005,6.2668,6.7792,1.9071000000000002,6.105700000000001,2.7547,7.1762,6.3286,5.9549,7.863200000000001,4.2546,5.8512,8.283000000000001,7.8709999999999996,4.777,3.8563,3.4101000000000004,7.2007,9.1493,4.777,6.571000000000001,8.284399999999998,6.9428,4.777,3.9613,8.2559,4.7309,5.1861,4.777,5.638,6.6985,6.9428,9.4681,7.207,6.0807,7.072700000000001,12.586400000000001,2.1184000000000003,4.2173,6.0858,4.777,4.777,7.2482,7.7988,5.4301,4.4146,4.5983,9.0521,4.2394,6.691099999999999,7.4759,6.7035,6.9446,4.7056,6.1631,2.7537000000000003,6.7424,8.8816,4.1071,12.66,7.116,5.5758,2.5136000000000003,7.8523000000000005,3.3850000000000002,4.7065,5.1749,6.9015,7.6914,7.952100000000001,6.4314,4.4482,5.3954,4.777,7.7082,4.01,5.4991,6.2249,6.615399999999999,13.0098,7.0062,7.0967,7.0486,7.414300000000001,8.8229,4.2807,4.955299999999999,7.7858,4.3401000000000005,6.4375,2.9000999999999997,6.315900000000001,7.6579,6.771100000000001,2.4867,5.429,4.2276,16.7059,3.2462999999999997,6.3984000000000005,7.8978,5.8739,5.7645,6.2546,6.3576,5.4513,6.939699999999999,7.834099999999999,4.9466,5.3166,4.4968,6.456899999999999,7.3858,8.049199999999999,2.7753,1.6614000000000002,11.0434,3.7995
2008-06-29,1076.3672000000001,543.2066,533.1606,279.9459999999999,263.2606,272.40289999999993,260.75769999999994,5.699000000000001,4.0254,5.0708,4.0254,6.6499,5.0432,5.5145,5.2833000000000006,3.5307999999999997,7.0539000000000005,3.6312,6.740200000000001,8.452,5.792199999999999,4.787800000000001,4.0254,3.3436999999999997,7.5838,5.8507,6.2757000000000005,4.7051,6.046600000000001,4.0254,7.852,7.5512999999999995,3.7377,10.4224,5.4864,3.1252000000000004,4.5736,3.4454000000000002,4.7781,3.1683000000000003,4.3683,4.011,6.873800000000001,4.0254,3.9529000000000005,4.5504,5.4697,5.5922,6.458,7.5361,18.5897,7.1968000000000005,4.0254,4.3961,5.3406,5.518,4.7452000000000005,3.7733999999999996,7.5992999999999995,4.5199,5.7096,7.0318,7.2976,4.8512,2.7603999999999997,7.4452,4.9779,3.0286,4.5443,3.6659,3.5683,15.869299999999999,4.0254,6.8172,6.2029,4.6561,6.6169,6.1238,2.179,5.743399999999999,4.7369,6.9787,3.6681000000000004,4.0254,5.4779,4.927199999999999,4.3816999999999995,4.2775,9.0918,5.360799999999999,5.0577,5.2161,1.5785,4.886100000000001,2.3973,5.624300000000001,5.0949,5.8914,7.4395999999999995,3.4253,4.6921,7.5655,6.435999999999999,4.0254,3.0972999999999997,3.067,5.8327,7.483,4.0254,5.587599999999999,7.777,5.8507,4.0254,3.9475000000000002,7.858600000000001,4.443,4.8616,4.0254,4.8357,5.7363,5.8507,6.956999999999999,6.1804,5.194800000000001,6.4398,6.73,1.9579,4.0254,12.142300000000002,4.0254,4.0254,5.7322,6.8123000000000005,4.5134,3.5424,3.8979,7.472,3.6743,5.752000000000001,6.977399999999999,5.7822,5.383100000000001,3.9624,5.0024999999999995,2.4672,5.918200000000001,7.4223,3.6412,11.286999999999999,6.075,5.3831999999999995,4.0254,6.7834,2.761,4.7387999999999995,4.3237000000000005,5.0861,4.8317,6.993,5.968999999999999,3.9446999999999997,4.6824,4.0254,6.7525,3.478,4.6272,5.3205,5.972099999999999,5.0895,5.9341,5.7051,5.5379000000000005,6.064,7.989599999999999,4.4152000000000005,3.9890999999999996,6.732,4.0385,5.233499999999999,2.3632,5.2623,7.3519,5.7002999999999995,1.9347,4.3947,3.8819,7.2399,2.9076,5.2543,6.8724,4.8991,5.2046,5.691599999999999,5.8111,4.6474,5.902,6.8507,4.292299999999999,4.4398,3.8666,6.6201,6.9305,7.2317,3.0673999999999997,1.347,10.2327,3.2349
2008-06-30,1525.3708000000006,783.3313,742.0395000000005,395.80409999999995,387.5271999999999,372.652,369.38749999999993,7.2821,5.5933,7.530600000000001,5.5933,8.4674,6.702500000000001,11.1076,7.8286999999999995,5.0502,9.041799999999999,4.6387,10.1204,10.8324,8.3554,8.042399999999999,5.5933,4.4893,10.3398,7.933000000000001,8.3529,6.2684,10.820200000000002,5.5933,10.8779,10.9772,6.7917,10.109200000000001,6.2555,4.7860000000000005,7.6042000000000005,4.302,6.9700999999999995,5.8867,5.8853,5.4472,9.4817,5.5933,5.9817,6.6232,7.5306,6.5870999999999995,9.291099999999998,9.2894,23.420099999999998,15.2258,5.5933,6.8819,7.5687999999999995,8.247599999999998,7.0184999999999995,5.536700000000001,11.4765,6.0150999999999994,8.6588,8.7843,9.7429,7.1984,2.9055999999999997,10.1606,5.4366,6.811299999999999,6.5725,4.2351,4.995100000000001,24.1159,5.5933,6.5999,7.245299999999999,6.2669,8.502099999999999,8.5014,4.1558,7.9796000000000005,6.335699999999999,9.064,10.031600000000001,5.5933,7.635999999999999,6.8858999999999995,6.1906,6.5487,22.7444,7.3576,6.8634,7.5211,1.9461999999999997,8.4512,3.3444,14.442400000000001,9.4847,7.0581,8.8703,6.302,6.8767,8.9563,8.276700000000002,5.5933,4.2974,4.4475,8.918,10.300799999999999,5.5933,8.713999999999999,10.3052,7.933000000000001,5.5933,4.1018,10.948599999999999,5.521000000000001,5.9825,5.5933,7.0351,11.051000000000002,7.933000000000001,15.322099999999999,8.081700000000001,6.0905000000000005,7.772399999999999,10.2758,2.2285,5.5933,8.3333,5.5933,5.5933,8.978200000000001,8.7896,6.2488,4.8441,5.723,9.5342,4.8046,8.2128,7.5497,7.8765,9.8475,5.685699999999999,7.5516000000000005,3.2974,8.4018,10.9288,4.8683,13.9149,7.8715,7.4681999999999995,5.5933,8.3977,6.0729,4.974399999999999,5.9674,7.759,6.9826999999999995,10.230899999999998,7.825699999999999,6.5144,6.8035,5.5933,9.1902,5.3795,7.0185,7.773,7.5315,10.0776,8.1771,9.3841,8.6831,9.5451,10.0563,4.5478000000000005,6.023300000000001,8.2657,5.3035,7.9483,3.6411999999999995,8.030000000000001,9.428099999999999,7.5967,3.8553999999999995,6.7342,5.300599999999999,15.949100000000001,4.4007,6.4998000000000005,8.8065,7.1190999999999995,6.2817,7.4419,8.479500000000002,8.7569,7.7908,8.0946,6.7181999999999995,6.5167,5.2524999999999995,7.239000000000001,7.8214999999999995,10.2868,2.9267000000000003,2.3680000000000003,12.578100000000001,4.6181
2008-07-01,1560.8159,795.6578999999998,765.1580000000001,403.72999999999996,391.9279,375.66279999999995,389.4951999999999,7.4177,5.765700000000001,7.8767,5.765700000000001,8.3436,6.8325000000000005,8.308800000000002,7.690200000000001,5.2356,8.680599999999998,4.8037,10.6049,10.9998,8.6003,6.1441,5.765700000000001,4.5404,10.7068,8.2845,7.3278,7.3334,11.8899,5.765700000000001,11.1571,12.555,8.219,12.0009,6.8025,4.8761,7.235200000000001,4.103800000000001,7.107800000000001,5.957000000000001,5.8517,5.5556,9.446200000000001,5.765700000000001,6.1387,6.844199999999999,7.809800000000001,6.7994,9.631,8.8984,23.1192,16.548499999999997,5.765700000000001,7.0609,8.1356,8.5643,7.0966,4.6949,9.532,6.169599999999999,10.6856,8.9438,10.8288,7.219900000000001,2.8628,10.294899999999998,5.3512,7.3179,6.7673,4.2521,5.1855,25.4369,5.765700000000001,6.7535,7.901,6.3838,8.8362,9.0902,4.2292,8.134799999999998,6.5138,9.039200000000001,8.993300000000001,5.765700000000001,7.7293,9.884899999999998,6.450500000000001,9.280100000000001,13.085799999999999,7.3047,7.0948,7.9051,1.9895,8.036900000000001,3.4341,14.336500000000001,9.5913,7.6882,8.9716,6.5925,7.185699999999999,9.109800000000002,8.0592,5.765700000000001,4.4901,4.521199999999999,10.4708,9.8232,5.765700000000001,8.7253,10.5276,8.2845,5.765700000000001,3.9558999999999997,10.984200000000001,5.9183,6.1143,5.765700000000001,7.1086,7.576,8.2845,15.257100000000001,8.1908,6.343100000000001,8.2593,9.921600000000002,2.2396,5.765700000000001,8.8096,5.765700000000001,5.765700000000001,10.9881,9.0765,6.458699999999999,4.991899999999999,5.7607,9.691400000000002,5.0088,8.3342,7.6752,7.872100000000001,8.5434,5.7408,8.1666,3.3562000000000003,8.5131,10.536100000000001,5.0834,14.2516,7.8424000000000005,6.2009,2.7097000000000007,10.379999999999999,5.6075,4.857800000000001,6.9138,10.1842,7.7871,10.2753,10.0122,7.7062,7.056000000000001,5.765700000000001,9.0977,5.519299999999999,6.9442,7.8177,8.651,9.6908,8.4036,9.5992,8.798200000000001,11.4239,10.119,4.523899999999999,6.2391000000000005,8.2753,5.4381,8.8077,5.5757,8.205499999999999,9.427900000000001,8.078700000000001,3.9906999999999995,7.0066999999999995,5.2486,16.3421,5.221,8.2412,8.852599999999999,7.1453,6.359500000000001,7.5634999999999994,8.5689,9.0185,7.6713000000000005,8.210899999999999,8.450000000000001,7.1845,5.4506,6.895,8.2065,11.0983,2.8093,2.4932,13.659300000000002,4.5687
2008-07-02,1611.1223,817.2534999999997,793.8688000000002,415.8286,401.42490000000004,398.8439,395.02489999999995,7.3594,5.873099999999999,8.1449,3.8809000000000005,8.5923,7.8972,14.601199999999999,7.8751,6.1701999999999995,9.9097,5.1246,11.086,10.5407,9.4178,6.1035,5.873099999999999,4.6194,10.8336,8.3916,7.103400000000001,6.4107,11.4103,5.873099999999999,11.2743,12.0806,9.4418,8.9223,6.3865,5.1485,7.4978,4.278,7.4147,5.9503,5.9521,5.8078,10.3482,5.873099999999999,6.3783,7.1552,7.8665,7.2731,9.8171,8.9555,25.0609,16.753300000000003,5.873099999999999,7.4204,8.1162,8.3981,7.293100000000001,4.7387,9.8352,6.3833,10.4362,9.067499999999999,9.961300000000001,7.3353,3.1572,10.4104,4.7439,8.1928,6.8036,4.1778,5.290500000000001,25.334799999999998,5.873099999999999,6.6395,7.3435999999999995,6.4817,9.1136,8.4227,4.0928,10.367,6.6782,9.7655,8.6727,5.873099999999999,7.825699999999999,8.225200000000001,6.5073,9.2152,13.4731,7.3072,7.642,8.2347,2.0365,8.3429,3.5675999999999997,19.4824,9.204,8.4248,9.2821,6.7921000000000005,7.5212,9.3566,8.5151,5.873099999999999,4.3932,4.605700000000001,10.4052,11.7338,5.873099999999999,9.211500000000001,10.5503,8.3916,5.873099999999999,4.1166,11.0973,5.787800000000001,6.049300000000001,5.873099999999999,7.1640999999999995,9.3359,8.3916,25.5796,8.4128,6.4209,8.5652,9.6858,2.267,5.873099999999999,8.2257,5.873099999999999,5.873099999999999,10.8742,9.4993,7.0637,5.0867,5.9708000000000006,9.701699999999999,5.0991,9.8446,7.901,8.8407,9.0606,5.9068000000000005,8.380899999999999,3.2602,8.5493,11.113199999999999,5.3816,13.998000000000001,8.6125,6.343,2.7693000000000003,10.2542,7.118699999999999,4.929,6.861,10.1984,8.6432,10.512599999999999,9.491,6.616,7.0575,5.873099999999999,9.2065,5.493399999999999,7.2296,7.980899999999999,8.3968,9.4768,9.1912,9.6811,8.970199999999998,11.3004,10.325499999999998,4.6353,7.0087,8.8359,5.4316,9.0232,4.6417,8.1778,9.6389,8.5476,3.9608,6.911700000000001,5.1427,15.776600000000002,4.6671,9.1853,8.9618,7.1682,6.5869,7.5737000000000005,8.4919,9.2564,8.7272,10.010100000000001,8.1754,7.0143,5.3115000000000006,6.987399999999999,8.5456,11.016000000000002,2.8866,2.5434,13.98,4.7578
2008-07-03,1695.1094000000005,861.1751000000005,833.9343,444.7166000000001,416.4585000000001,418.94010000000014,414.9941999999999,7.4169,5.9546,8.4049,3.3387000000000002,9.1953,7.606299999999999,26.613799999999998,7.8953,5.3194,9.4111,5.3624,10.7033,10.8329,11.3201,6.1187,5.9546,4.7327,12.0995,8.5548,7.5545,6.6174,11.771900000000002,5.9546,10.7834,15.5013,7.023499999999999,8.346,6.2637,5.582300000000001,7.7532,5.2862,7.811,5.6876,6.087899999999999,5.835799999999999,12.0611,5.9546,6.334800000000001,7.3637,7.9595,16.0431,9.390799999999999,9.6298,23.787599999999998,17.5574,5.9546,6.7821,8.088799999999999,9.8027,7.3104,5.8811,9.746,10.210799999999999,12.5085,8.98,11.5411,7.4144000000000005,3.1077,10.299299999999999,4.767,5.8906,6.634,4.158399999999999,5.2977,25.7783,5.9546,6.635,7.5528,6.588700000000001,11.0109,8.781699999999999,4.3239,8.4738,6.9028,9.4591,14.049,5.9546,7.6594999999999995,8.540700000000001,6.5108,10.0642,13.2141,7.611800000000001,7.4827,9.386,2.1425,6.4119,3.4566999999999997,20.5091,7.6778,7.0123,9.041900000000002,6.3036,7.727600000000001,9.4649,9.8242,5.9546,5.693200000000001,4.6203,12.2463,12.2969,5.9546,8.693200000000001,10.6252,8.5548,5.9546,4.4022,11.3406,6.0883,6.0782,5.9546,7.3458,7.5702,8.5548,21.2604,9.150300000000001,6.614,10.331399999999999,13.379600000000002,2.2714,5.4176,8.2532,5.9546,5.9546,11.9977,14.139,6.5344999999999995,5.4205000000000005,6.2691,10.1094,5.0186,10.3319,8.907499999999999,9.435300000000002,9.008400000000002,5.930199999999999,13.7416,3.3840000000000003,9.3949,10.584399999999999,5.612299999999999,15.238499999999998,9.6768,6.2786,2.6508000000000003,12.3075,5.271199999999999,5.1452,6.3874,12.1637,9.5079,10.867,8.5047,6.568700000000001,6.8925,5.9546,9.514499999999998,5.4182999999999995,7.2292,8.0911,7.7431,14.2235,11.4097,9.5747,8.8993,13.479300000000002,10.3854,4.653699999999999,6.747,12.4435,5.575699999999999,9.174,3.9672,9.021,9.686499999999999,8.2226,3.9653,7.3029,5.9996,18.3903,4.1145,11.3384,9.254100000000001,8.5865,7.09,7.5859,8.238399999999999,8.261,8.5014,11.0816,7.5646,6.526299999999999,5.3361,7.2438,10.6968,9.8525,3.2878,2.4704,13.9133,4.638
2008-07-05,1106.9654,552.9680000000002,553.9973999999997,280.5392000000001,272.4288,285.2287999999999,268.7686,5.619,4.777,5.1610000000000005,2.5564,6.234999999999999,5.315200000000001,5.866099999999999,5.3939,3.596,7.403899999999999,3.7699,6.5572,9.1553,5.702400000000001,4.7202,4.777,3.4259,7.638,4.6883,6.2842,4.9009,5.775,4.777,7.8641000000000005,6.7968,3.7691999999999997,7.870100000000001,5.2615,3.2949,4.8939,3.4598,4.832599999999999,3.3390999999999997,4.1030999999999995,3.8746,7.1638,4.777,4.077,4.6209,5.295699999999999,5.603400000000001,6.349600000000001,6.6629000000000005,20.1171,7.278099999999999,4.777,4.4777,5.4674,5.604100000000001,4.813,10.5749,7.2966,4.5039,5.7237,6.2287,7.9872000000000005,4.9544,2.7047999999999996,7.477399999999999,4.717499999999999,3.0484,4.5804,3.6553,3.5672,16.0182,4.777,4.2789,6.2314,4.7214,6.612900000000001,5.9849,2.28,6.0309,5.0685,7.3370999999999995,3.7272,4.777,5.5106,4.8801000000000005,4.287599999999999,4.3916,10.8972,5.4401,4.935499999999999,5.3561,1.6722,4.1041,2.348,5.955500000000001,5.1825,5.9571,7.415800000000001,3.5597,4.7686,7.8179,6.3504000000000005,4.777,3.1949000000000005,2.9089,5.8515999999999995,7.836399999999999,4.777,5.719899999999999,7.7312,6.9428,4.777,4.126,7.8366999999999996,4.434200000000001,4.8294,4.777,5.1644000000000005,5.7848999999999995,6.9428,7.290600000000001,6.1284,5.1469000000000005,6.427199999999999,6.624700000000001,2.2771,4.777,5.4063,4.777,4.777,5.976500000000001,6.843100000000001,4.5108,3.6424000000000003,3.7223,7.7073,3.692,5.9317,6.9138,5.9077,5.6882,4.124899999999999,13.611899999999999,2.4868,5.997299999999999,7.5939000000000005,3.7692,11.337299999999999,6.6754,5.4071,4.777,6.7298,2.6404,4.6526,4.517899999999999,5.0596,4.7256,6.5522,5.8284,3.434,4.8740000000000006,4.777,6.465200000000001,3.678,5.0201,5.3872,5.9946,5.000400000000001,6.070499999999999,5.8414,5.874899999999999,6.018600000000001,8.2964,9.9145,5.5941,6.6307,3.7908,5.1719,2.3786,5.687100000000001,7.4183,5.8450999999999995,1.9517,4.2089,3.48,7.1947,2.8655999999999997,5.4538,7.0725,5.275,5.2432,5.6518999999999995,5.9312000000000005,4.6667000000000005,6.1149000000000004,6.8984000000000005,4.1347000000000005,4.3279,3.8022,6.4467,6.8551,7.3466,2.9001,1.3858,9.9946,3.2967999999999997
2008-07-06,1070.6374999999998,537.7889999999999,532.8485,272.65819999999997,265.1308,270.82990000000007,262.01859999999994,7.6065000000000005,4.0254,4.7156,4.0254,5.925799999999999,4.5616,5.0862,4.796799999999999,3.3202,7.352600000000001,3.5164,6.1485,12.6668,5.3483,5.2554,4.0254,3.4576000000000002,7.1561,4.3133,7.4752,4.4514,5.6689,4.0254,7.427499999999999,7.6417,3.4112999999999998,8.7438,5.2275,2.8512999999999997,4.2556,3.3223,4.325699999999999,3.023,4.2099,3.6384,6.4269,4.0254,3.6535999999999995,4.145,4.9155999999999995,4.9256,6.3396,7.1492,18.4613,6.5054,4.0254,4.1906,4.9497,5.029400000000001,4.9127,9.4271,7.081100000000001,4.1226,5.1288,5.6727,8.0366,4.997999999999999,2.8296,7.5696,4.7241,2.6831,4.5358,3.5352,3.8089999999999993,15.3544,4.0254,4.6125,5.9276,4.5752999999999995,6.2621,7.6704,2.1733000000000002,5.4148,4.5553,7.4883,3.6183,4.0254,5.337400000000001,4.4382,4.0992,3.9139999999999997,10.981200000000001,5.785299999999999,4.640499999999999,4.9216,1.6928999999999998,3.4625000000000004,2.2182,5.5165,4.866700000000001,7.9241,9.1731,3.1329000000000002,4.3707,7.8073,5.8566,4.0254,2.851,2.9632,5.2959,7.3585,4.0254,5.7172,7.969900000000001,5.8507,4.0254,4.562,7.883799999999999,4.2034,5.1800999999999995,4.0254,5.3812,5.433999999999999,5.8507,6.695600000000001,6.1905,4.8506,6.1732000000000005,6.5852,2.1009,4.0254,5.4055,4.0254,4.0254,5.2635000000000005,6.186699999999999,4.0465,3.3417000000000003,3.5536,7.2139,3.4675000000000002,5.61,6.700799999999999,5.3357,5.0455,4.116299999999999,14.188500000000001,2.3041,5.7594,6.9391,3.6657,11.925300000000002,6.5804,5.884,4.0254,6.1694,2.2666,4.8370999999999995,4.1233,4.7345,6.894800000000001,6.6373,5.7285,3.739,4.5374,4.0254,6.4613,3.387,4.9463,5.517099999999999,5.7544,4.8425,5.4106000000000005,5.340199999999999,5.7516,5.382599999999999,8.2856,8.280000000000001,5.7536,6.5162,3.8452,4.6626,2.1444,5.3926,7.4422,5.5416,1.8221,3.9375000000000004,3.4098000000000006,6.496599999999999,2.5636,4.9948,6.7518,5.0537,5.020199999999999,5.5062,5.6782,4.4306,5.9216999999999995,6.2257,3.9531000000000005,4.0081,3.5995,9.1164,6.8199,6.914299999999999,3.3637,1.2893999999999999,10.072199999999999,2.8495
2008-07-07,1484.6019000000001,752.1965999999999,732.4053000000001,378.55069999999995,373.6458999999999,373.7441000000001,358.66119999999995,7.2512,5.5933,7.535,5.5933,7.630600000000001,6.4183,9.696100000000001,7.3599,4.908399999999999,8.6388,4.4413,10.4705,11.2956,8.1914,5.9857000000000005,5.5933,4.4787,10.137799999999999,6.726099999999999,7.402900000000001,6.1432,9.7629,5.5933,10.5099,13.1241,5.5999,7.943899999999999,6.119599999999999,4.4245,7.0023,4.1422,6.6933,5.7728,5.6974,5.4518,9.4971,5.5933,6.7867,6.5195,7.2784,6.2744,9.0517,6.6964,24.055,11.805399999999999,5.5933,6.369299999999999,8.9204,7.8605,6.92,5.780199999999999,9.1746,5.886800000000001,8.2487,9.0383,10.561499999999999,7.075699999999999,3.1104000000000003,9.7508,5.4085,5.9613,6.3866000000000005,3.9388,5.0385,20.9223,5.5933,5.6585,7.1988,6.1929,8.5433,7.048299999999999,4.0349,7.8983,6.291599999999999,9.132,5.4841999999999995,5.5933,7.4028,7.5969999999999995,6.1301000000000005,6.1898,30.3481,7.624499999999999,7.3148,7.4725,1.897,7.668799999999999,3.307,9.198,8.6717,7.2615,8.8662,5.9005,6.900399999999999,9.0531,7.3922,5.5933,4.0710999999999995,4.324999999999999,8.508099999999999,9.2575,5.5933,7.2305,10.125499999999999,7.933000000000001,5.5933,3.9587000000000003,10.5494,5.962999999999999,6.009600000000001,5.5933,6.9335,9.2817,7.933000000000001,11.9172,8.046800000000001,5.8774999999999995,7.702800000000001,8.2989,2.1894,5.5933,7.7858,5.5933,5.5933,8.4506,16.2372,6.178100000000001,4.71,5.5243,9.2754,4.7028,9.0166,7.411999999999999,7.649800000000001,8.2519,5.7008,16.8179,3.0583,8.3562,10.969899999999999,4.6702,13.953500000000002,9.072099999999999,6.2529,5.5933,7.997,5.0701,4.8799,5.816599999999999,7.5731,7.611400000000001,10.5972,7.2265,6.598199999999999,6.6317,5.5933,8.9054,5.2177,7.0306999999999995,7.731299999999999,7.5630999999999995,7.5835,8.244299999999999,8.965499999999999,8.3458,8.871400000000001,9.947199999999999,6.2073,6.5440000000000005,8.5611,5.252599999999999,7.650400000000001,3.6667000000000005,7.0494,9.0448,7.7112,3.7685999999999997,6.5898,4.7941,13.5866,3.8758,6.2853,8.7707,6.491899999999999,6.1127,7.3417,8.346499999999999,8.8554,7.2165,7.713799999999999,6.132399999999999,6.0266,5.147499999999999,7.9152,8.1149,10.0032,2.8109,2.1727,11.8278,4.4089
2008-07-08,1587.9305000000002,793.5971000000003,794.3333999999999,406.63739999999996,386.95970000000005,395.3750999999999,398.9583000000001,7.416600000000001,5.765700000000001,7.6955,5.765700000000001,7.5859,6.577500000000001,7.773199999999999,8.2052,5.436699999999999,9.2925,4.5459,11.5809,10.4985,8.5644,10.2756,5.765700000000001,4.576099999999999,11.0556,8.852699999999999,7.0355,6.277,12.124100000000002,5.765700000000001,10.817599999999999,14.610500000000002,8.410899999999998,7.379,6.4352,4.6647,7.7982,4.1471,7.1361,6.0252,5.9565,6.657500000000001,9.3169,5.765700000000001,5.9453,6.7722,8.1952,6.6427,9.6515,7.081299999999999,23.8992,15.9817,5.765700000000001,8.8214,8.43,8.6721,7.2258,4.645,11.126999999999999,6.359800000000001,8.954799999999999,8.7955,10.455300000000001,7.265700000000001,3.1319999999999997,9.980699999999999,5.4215,7.5574,6.612,4.0232,5.3167,24.691899999999997,5.765700000000001,6.3917,7.2127,6.431000000000001,9.2615,6.9308,4.0584999999999996,8.351700000000001,6.7306,9.469,6.8370999999999995,5.765700000000001,7.9329,7.7397,6.486,7.823599999999999,15.180699999999998,7.4876000000000005,8.870899999999999,9.9632,2.0057,8.4391,3.4897,13.192700000000002,10.6604,6.729799999999999,8.9491,6.9351,7.062800000000001,9.1462,7.623099999999999,5.765700000000001,4.2584,4.5088,9.164,5.030799999999999,5.765700000000001,7.8114,10.234499999999999,8.2845,5.765700000000001,3.6985,10.8757,6.2536000000000005,9.4621,5.765700000000001,7.543900000000001,10.8005,8.2845,14.9703,8.144400000000001,6.171199999999999,8.4219,10.7361,2.2510000000000003,5.765700000000001,8.3428,5.765700000000001,5.765700000000001,9.5214,8.3927,9.1783,5.0014,5.841199999999999,9.1567,4.8685,9.0676,7.538900000000001,7.8481000000000005,9.7542,5.8094,19.0053,3.3136,9.7327,11.2983,4.8386,14.500499999999999,9.4337,11.3191,2.7203999999999997,10.616499999999998,5.4137,4.8936,6.145,8.2538,7.4918000000000005,10.3344,10.132100000000001,7.7075000000000005,7.1800999999999995,5.765700000000001,9.0701,5.7575,7.073499999999999,7.9841,7.775599999999999,10.3751,8.1927,10.0334,8.734300000000001,9.7309,10.1203,6.812799999999999,6.053,8.1759,5.4722,9.405399999999998,3.8093999999999997,8.6603,9.262900000000002,8.4161,4.079000000000001,7.2059,5.310700000000001,15.648700000000002,4.552,7.8229999999999995,9.1968,7.9658,6.3138000000000005,7.5121,8.6865,9.5698,7.7512,8.1266,8.934999999999999,7.692,5.582,16.6087,8.2812,10.8718,2.7766,2.3398,11.7995,4.8027
2008-07-09,1622.8933,819.8586000000003,803.0346999999997,410.3677000000002,409.4909,399.76439999999997,403.2702999999999,7.4739,5.873099999999999,7.781700000000001,5.873099999999999,8.3712,6.7278,8.2052,9.5762,5.6342,9.1126,4.7278,10.4965,10.791900000000002,8.5872,6.0234000000000005,5.873099999999999,4.5997,10.5587,8.5746,7.0696,10.3429,13.1553,5.873099999999999,11.2786,13.0384,7.151700000000002,8.758,6.6527,4.6659,7.503799999999999,4.1317,7.0672,6.0675,5.998099999999999,6.4947,10.1683,5.873099999999999,6.093299999999999,6.814000000000001,7.929800000000001,4.9741,9.994,7.5264,22.9105,17.3943,5.873099999999999,9.4539,8.4959,9.3249,7.431,4.6893,10.6343,6.7544,10.475999999999999,8.9365,10.1408,7.3946,3.1839,10.4223,5.4612,7.6033,6.7844999999999995,4.0169,5.363999999999999,25.7778,5.873099999999999,6.814299999999999,9.9972,6.4711,9.4062,8.0404,4.2973,8.5009,7.2402,9.385200000000001,10.860199999999999,5.873099999999999,7.9954,8.1553,6.4994000000000005,9.8024,18.270899999999997,7.5389,8.901299999999999,8.3161,2.0304,8.9592,3.5113000000000003,14.995900000000002,10.6527,6.8475,8.981300000000001,6.784000000000001,7.1218,9.8494,8.239899999999999,5.873099999999999,4.298800000000001,4.7372,10.729700000000001,9.160599999999999,5.873099999999999,8.3515,10.6404,8.3916,5.873099999999999,3.7411000000000003,11.3502,6.376799999999999,5.9562,5.873099999999999,7.6381,11.0457,8.3916,16.227899999999998,8.3459,6.3119,5.43,13.991700000000002,2.2523,4.6174,8.4214,5.873099999999999,5.873099999999999,10.754000000000001,8.6069,10.808300000000001,4.990500000000001,5.917400000000001,9.7643,5.0104,9.5894,7.637200000000001,8.2939,8.813500000000001,5.7979,19.018,3.2252,9.6206,11.3268,5.0721,13.876199999999999,9.2512,6.2574,3.1813,10.1099,5.4678,4.9031,6.206499999999999,10.2568,8.041699999999999,10.6204,10.308900000000001,6.7204999999999995,7.109,5.873099999999999,9.3356,5.6615,7.0764,8.2021,7.732099999999999,15.259,9.3073,10.0036,8.9912,12.6965,10.9221,6.962899999999999,6.1197,8.3112,5.400399999999999,9.4775,4.0092,7.7817,9.671800000000001,8.6357,4.0824,7.1464,5.566700000000001,15.943599999999998,5.100199999999999,7.478300000000001,9.0293,8.0109,6.3852,7.565200000000001,8.6984,10.2563,7.7909,8.3011,8.8025,6.9303,5.8566,7.1056,8.309800000000001,11.1966,2.8042000000000002,2.4929,12.8655,5.3203
2008-07-10,1645.4429000000005,830.7161000000003,814.7268,426.55300000000005,404.16310000000004,403.1779999999999,411.5487999999999,8.418299999999999,5.9546,8.003799999999998,5.9546,8.3817,6.967200000000001,10.5114,11.232,5.932600000000001,9.189,4.8271999999999995,10.9103,12.043299999999999,8.7041,6.2953,5.9546,4.742799999999999,11.391300000000001,7.2948,7.2063,7.0783000000000005,12.8276,5.9546,11.8958,14.5806,7.3673,6.1484000000000005,6.572699999999999,5.0118,7.7732,4.4204,7.4059,6.123799999999999,7.1263000000000005,5.9487000000000005,10.9557,5.9546,7.041499999999999,7.0784,8.016200000000001,7.745500000000001,9.787199999999999,7.975,22.766199999999998,20.025799999999997,5.9546,9.4801,9.7662,10.3999,7.4555,4.8004,12.350000000000001,6.809,9.5448,9.3034,9.4407,7.617799999999999,3.1184000000000003,10.6719,5.5672,7.3936,6.6794,4.0861,5.3597,28.1371,5.9546,6.4319,7.8312,6.6279,9.884799999999998,8.2261,4.3156,8.6267,7.057499999999999,9.272200000000002,10.4481,5.9546,7.992800000000001,8.418099999999999,6.76,7.8757,13.7274,7.9836,8.0796,8.7442,2.1571000000000002,9.2326,3.6154,13.0254,10.9284,7.0281,9.6527,6.7818,7.3766,9.7512,8.7116,5.9546,4.4899000000000004,4.6186,9.747,8.2507,5.9546,8.839,10.9453,8.5548,5.9546,3.9064,11.5208,6.0744,6.1264,5.9546,8.0161,11.816400000000002,8.5548,14.4075,8.6212,6.5453,6.2376000000000005,12.6678,2.266,5.9546,8.5296,5.9546,5.9546,9.571,9.1132,14.948,5.1937,5.978899999999999,9.540199999999999,5.165699999999999,10.1038,7.718399999999999,9.1746,9.2928,6.0206,16.872999999999998,3.4032999999999998,8.7065,11.815299999999999,5.1424,14.2196,9.692599999999999,6.4155,2.8726000000000003,9.105,5.465400000000001,4.9556000000000004,6.6413,8.4413,9.9917,11.203700000000001,11.126600000000002,7.0206,7.1286,5.9546,9.556000000000001,5.6532,7.4315999999999995,8.2483,7.8887,13.2379,8.8946,10.5085,9.3068,10.1558,10.5845,10.1724,6.150200000000001,9.4812,5.5567,8.607199999999999,4.693600000000001,7.883199999999999,9.9347,8.3031,4.2007,7.3107999999999995,5.9254999999999995,15.8275,5.1838,9.5675,9.1385,8.2055,6.5120000000000005,7.5981,8.7374,9.778400000000001,7.896000000000001,8.2868,9.5385,6.9079,5.6492,7.3332999999999995,9.157,11.1219,2.9,2.5067,12.313299999999998,5.278499999999999
2008-07-11,1674.987,843.7075999999998,831.2794000000001,435.8972999999999,407.8103,414.3537,416.9257,7.6068999999999996,6.146800000000001,8.2886,6.146800000000001,8.7545,7.345999999999999,20.602799999999995,8.2247,5.4656,8.9494,4.9734,11.104199999999999,12.6443,9.1316,6.1578,6.146800000000001,4.8353,11.315,7.2148,7.4716000000000005,8.4436,12.226500000000001,6.146800000000001,11.8531,13.8438,6.7399000000000004,11.2759,6.419700000000001,5.5538,8.698400000000001,4.948,7.591200000000001,5.9966,6.177999999999999,6.2369,9.506699999999999,6.146800000000001,7.3276,7.1627,8.2657,8.356300000000001,9.4144,8.3687,24.614,16.045199999999998,6.146800000000001,8.7194,8.877,8.7392,7.5277,4.8787,10.0359,8.7087,9.661,9.0455,10.0334,7.5612,3.1834,10.7075,5.534,6.6972,6.8349,4.133,5.4745,24.686700000000002,6.146800000000001,6.6386,8.785699999999999,6.9595,10.7286,8.8385,4.3463,8.9417,7.1334,9.3334,13.595500000000001,6.146800000000001,7.776700000000001,7.5248,6.769200000000001,8.4643,12.9189,7.7031,8.298300000000001,10.397400000000001,2.2578,8.1006,3.607,15.811700000000002,9.272400000000001,7.234,9.2368,6.3894,7.5653,9.4738,9.0433,6.146800000000001,4.578899999999999,4.6991,9.770300000000002,8.758000000000001,6.146800000000001,9.0452,10.9077,8.7141,6.146800000000001,4.356999999999999,11.399999999999999,6.3134999999999994,6.11,6.146800000000001,7.5467,7.645200000000001,8.7141,16.9244,9.1301,6.7163,10.4819,18.158,2.2597000000000005,4.7632,8.483799999999999,6.146800000000001,6.146800000000001,9.4805,16.538800000000002,8.1902,5.3507,6.3893,10.1556,5.0313,8.8168,8.190999999999999,8.1404,10.6249,6.039200000000001,16.3801,3.3131,9.0342,11.0774,5.1927,14.5734,10.6319,6.3405000000000005,2.7394,9.7656,5.4219,5.0868,6.411300000000001,8.2738,10.642800000000001,10.7662,9.8149,7.0181000000000004,6.9018,6.146800000000001,9.614899999999999,5.4641,7.5363999999999995,8.2834,8.5136,21.3384,8.456900000000001,10.078299999999999,9.5521,10.102799999999998,10.4698,8.840599999999998,6.551500000000001,10.2002,5.667599999999999,8.5653,3.7554999999999996,8.1778,9.7729,8.335,4.0793,7.5412,5.603,17.258499999999998,4.2073,9.6085,9.574200000000001,7.1091,6.749300000000001,7.6601,8.5993,8.663400000000001,7.994000000000001,9.0037,8.7074,7.538,5.662699999999999,7.973800000000001,8.9789,11.1447,3.2145,2.5936000000000003,12.176300000000001,4.7172
2008-07-12,1277.3912,646.9349000000001,630.4562999999999,334.4433999999999,312.49150000000003,314.96579999999994,315.49050000000005,6.1446000000000005,4.777,6.2587,4.777,7.1042000000000005,5.8134,6.824300000000001,6.5026,4.3431,7.603999999999999,3.8433,8.0087,10.0152,6.7318,5.0374,4.777,3.9542,9.1793,5.3187999999999995,6.6175,5.9712,6.7038,4.777,9.0444,11.111999999999998,4.6713000000000005,10.5331,5.6474,4.0146,6.0931,4.1489,5.815900000000001,3.9492999999999996,4.7867999999999995,4.977600000000001,7.885800000000001,4.777,4.85,5.4946,6.677199999999999,9.0439,7.1644,7.6486,22.5442,11.8708,4.777,6.6025,6.721300000000001,6.7998,5.707800000000001,7.177699999999999,8.4743,5.5317,7.0537,7.2293,9.9328,5.7629,2.8586,8.2427,5.247999999999999,3.6802,5.3577,3.7812,4.1363,19.732,4.777,5.3004999999999995,7.1126,5.5867,9.842600000000001,6.467499999999999,2.7114000000000003,7.2958,5.8845,7.6929,6.2513000000000005,4.777,6.2504,6.013599999999999,4.49,5.443099999999999,10.756999999999998,6.2815,6.2657,6.9639999999999995,1.9076,5.0389,2.8229,6.954299999999999,6.017799999999999,6.081200000000001,8.281500000000001,4.5276,5.7137,8.2958,7.2886999999999995,4.777,3.7778,3.4138999999999995,7.228599999999999,6.8842,4.777,6.7898,8.4841,6.9428,4.777,4.0983,8.5987,5.5876,5.0809999999999995,4.777,5.844799999999999,6.5161,6.9428,8.535599999999999,7.3253,5.829600000000001,4.504300000000001,11.6167,2.1170999999999998,4.1889,6.397399999999999,4.777,4.777,7.1727,7.817199999999999,5.4515,4.4442,4.7062,8.7406,4.323,6.861800000000001,7.4566,6.850099999999999,7.1327,4.8145,13.4576,2.9476,6.8091,8.6384,4.167199999999999,12.778199999999998,8.5576,5.5408,2.5072,7.8798,3.2209999999999996,4.9261,5.1568000000000005,6.437200000000001,7.7702,7.8713,6.306100000000001,4.4464,5.3856,4.777,7.5501,4.1051,5.7279,6.3838,6.566800000000001,10.649000000000001,6.9338,7.1546,6.914,7.4427,9.188500000000001,6.5992999999999995,6.6478,7.8568999999999996,4.4895,6.5226,2.9665999999999997,6.4283,7.9717,6.965099999999999,2.5589,5.5799,3.9375,13.5001,3.7497999999999996,4.7887,8.0244,6.8004,5.7547,6.2344,6.4117999999999995,5.6226,6.8648,7.7829999999999995,4.8138000000000005,5.3361,4.494200000000001,6.6452,7.4295,8.1689,3.1966,1.5761000000000003,10.781400000000001,3.817
2008-07-13,1128.9315000000001,572.3767,556.5548,289.31919999999997,283.0575,283.6932,272.8616000000001,6.0131,4.0254,5.199299999999999,4.0254,6.1975,5.0484,5.6126000000000005,5.4107,3.6310000000000002,7.229799999999999,3.965,6.861699999999999,8.4842,5.4043,4.9627,4.0254,3.5003,7.6967,4.7963000000000005,6.544700000000001,4.902699999999999,6.2585999999999995,4.0254,7.9808,7.3891,3.8514,12.4598,5.2799,3.2349,4.8941,3.6961000000000004,7.1428,3.292,4.4407,3.9785,6.945799999999999,4.0254,3.9775,6.8002,5.4581,6.0088,6.616,6.7988,19.0366,7.334999999999999,4.0254,4.689299999999999,5.5785,5.640000000000001,4.9225,4.0619,7.5652,4.6891,5.7393,6.253299999999999,7.9807,5.0535,2.7988,7.9079,5.107500000000001,3.1352,4.622,3.6449,3.8772000000000006,15.9635,4.0254,4.2052,6.2999,4.9084,6.7939,6.0962,2.2985,6.044200000000001,5.1121,7.0463,5.081300000000001,4.0254,5.691800000000001,4.936,4.6093,4.3497,23.4497,6.0823,5.0642,5.284,1.7033,5.2185,2.4913000000000003,5.900499999999999,5.3934,6.419499999999999,7.5531999999999995,3.4749,4.8071,7.6142,6.3668,4.0254,3.2946,3.0700000000000003,5.920999999999999,6.0129,4.0254,5.8802,8.280299999999999,5.8507,4.0254,4.2845,8.2048,6.2546,4.9252,4.0254,5.142,5.8337,5.8507,8.7873,6.6765,5.2599,4.1409,8.31,2.1276,4.0254,5.462400000000001,4.0254,4.0254,5.8477,6.6766000000000005,4.5747,3.7726999999999995,3.9787,7.388999999999999,3.7630000000000003,5.920999999999999,6.8978,5.7415,5.721500000000001,4.181,14.096100000000002,2.4333,6.2524999999999995,7.546199999999999,3.7336,12.3208,7.976099999999999,5.6388,4.0254,6.7124999999999995,2.7573,4.9367,4.2595,5.1026,5.8154,7.0817,6.0488,4.1251,4.8686,4.0254,6.7936,3.652,4.9768,5.5419,6.0121,6.511500000000001,5.842700000000001,5.989700000000001,5.9802,6.0248,8.0758,8.543299999999999,4.2537,6.990499999999999,4.010199999999999,5.1759,2.4052,5.452500000000001,7.7725,5.8009,2.0248,4.4705,3.7512000000000003,7.0154000000000005,2.8473999999999995,5.0809,7.0736,5.1213999999999995,5.2511,5.7057,5.886099999999999,4.8603000000000005,6.301399999999999,6.7066,4.4345,4.566599999999999,3.8364,7.1874,7.413,7.4085,3.3634000000000004,1.4022999999999999,10.0504,3.3319
2008-07-14,1521.5799999999995,771.4565999999998,750.1233999999998,396.88410000000005,374.5725000000001,376.7303999999999,373.39300000000014,7.4594000000000005,5.5933,7.620900000000001,5.5933,8.0103,6.617900000000001,10.629399999999999,7.7248,4.979900000000001,8.4711,4.4976,9.9084,10.6247,8.0708,5.9536999999999995,5.5933,4.5407,10.1065,6.943899999999999,7.1821,9.9659,11.128899999999998,5.5933,11.394,12.478,7.909099999999999,15.4422,6.4669,4.6996,7.5714999999999995,4.2392,6.794500000000001,6.0442,5.665,5.5733,8.5855,5.5933,5.8538,6.4389,7.523999999999999,6.8822,9.4815,7.414,23.8744,13.095600000000001,5.5933,6.5285,7.4878,8.23,7.2137,4.481,9.274899999999999,6.128299999999999,8.6538,9.2089,10.0029,7.2367,3.0518,10.497900000000001,5.3104,7.6109,6.5672,4.082000000000001,5.1480999999999995,22.0606,5.5933,5.8469999999999995,9.7101,6.5227,9.0794,7.886,4.122,8.4498,6.5994,8.9635,5.691699999999999,5.5933,7.7803,7.4161,6.474600000000001,6.666600000000001,12.6827,8.119299999999999,7.33,7.5504,1.9478,7.8645,3.5056,11.9024,12.729600000000001,7.2730999999999995,9.027999999999999,6.3416,6.956200000000001,8.7914,7.6419,5.5933,4.1855,4.4895,8.9285,7.9324,5.5933,9.0734,10.7249,7.933000000000001,5.5933,4.2411,11.2297,8.517800000000001,5.9129,5.5933,7.1926000000000005,9.4383,7.933000000000001,13.634899999999998,8.4076,6.011100000000001,5.5968,8.576500000000001,2.2586,5.5933,8.454199999999998,5.5933,5.5933,9.2183,8.028500000000001,6.3642,4.782,5.6278999999999995,9.4184,4.8363,8.3848,7.5387,7.3255,9.4498,5.8024000000000004,16.098,3.3003,9.0266,11.351199999999999,4.7544,14.0142,10.113199999999999,6.1525,5.5933,8.468399999999999,5.6865000000000006,4.9185,5.9246,7.923299999999999,6.7887,10.1053,7.048399999999999,6.7141,7.0756,5.5933,8.775500000000001,5.5746,7.001799999999999,7.9988,7.510199999999999,8.1033,7.9167,9.2823,8.828800000000001,9.454699999999999,9.7452,7.3448,6.1536,8.4936,5.2743,7.8979,3.6506000000000003,7.8768,9.893900000000002,7.9339,3.9991,6.8355,6.079000000000001,16.931399999999996,4.103300000000001,6.6814,9.239799999999999,7.2193000000000005,6.3167,7.3437,8.593200000000001,9.2714,7.515599999999999,7.8424000000000005,7.4472000000000005,6.737300000000001,5.263999999999999,7.4664,8.2767,10.7004,2.8375,2.3878000000000004,11.564300000000001,4.7029
2008-07-15,1594.4079000000002,811.1809999999999,783.2269000000001,410.46889999999996,400.7121,389.0643999999999,394.16250000000014,7.6122,5.765700000000001,7.864700000000001,5.765700000000001,8.066,6.7781,11.959,7.961,5.2664,9.6611,4.5583,10.8159,10.443200000000001,8.5556,6.0816,5.765700000000001,4.5873,11.8731,7.5241,7.8705,8.0435,11.7224,5.765700000000001,10.8912,12.5716,7.2845,8.354899999999999,6.393800000000001,5.245,7.5457,4.1757,7.4076,6.9447,5.807300000000001,6.8884,10.2637,5.765700000000001,6.1638,6.8866,7.838999999999999,7.577999999999999,10.2218,8.1571,24.4606,16.1614,5.765700000000001,7.2507,8.3969,8.406600000000001,7.3341,5.7165,10.9154,6.363199999999999,9.547,10.9222,10.1161,7.3904,3.0931,10.6718,5.4013,7.8171,6.659700000000001,4.2181999999999995,5.264399999999999,23.5813,5.765700000000001,6.4037,8.339500000000001,6.6776,9.314499999999999,7.3935,4.327,8.7909,6.7581999999999995,9.264999999999999,7.241299999999999,5.765700000000001,8.1141,7.4254999999999995,6.683599999999999,8.3818,13.2564,8.4632,8.6768,8.6695,2.0606,7.3632,3.6706999999999996,13.028300000000002,15.213799999999999,9.6875,8.5724,7.3435,7.152899999999999,10.155,8.285,5.765700000000001,4.3535,4.928100000000001,9.7407,8.1859,5.765700000000001,9.013,10.4189,8.2845,5.765700000000001,3.9373000000000005,11.383799999999999,7.817399999999999,5.9056999999999995,5.765700000000001,7.468999999999999,12.247300000000001,8.2845,14.1288,8.331199999999999,6.3842,5.7232,9.9455,2.2306,4.6814,8.516499999999999,5.765700000000001,5.765700000000001,10.332,8.5592,6.46,4.9783,5.935300000000001,9.5139,4.792999999999999,9.9649,7.5864,9.0559,9.0718,5.825500000000001,15.4634,3.4250999999999996,10.1836,12.3203,5.0131,14.144100000000002,9.2955,6.1413,3.0417,9.9344,6.493,5.1686,6.1472999999999995,8.499600000000001,8.147,11.4712,7.9465,6.683399999999999,7.1255999999999995,5.765700000000001,8.957699999999999,5.6925,7.1842,8.0457,7.8735,10.247799999999998,9.0689,10.0211,9.223400000000002,10.303899999999999,10.6514,7.9666999999999994,6.355300000000001,8.1753,5.4629,8.2927,3.6463,8.089,9.6047,8.4283,4.0199,7.1173,5.582699999999999,15.277899999999999,6.4976,6.9033999999999995,9.1996,7.655799999999999,6.124,7.2387,9.8799,11.9786,8.2395,8.1189,8.175899999999999,6.622199999999999,5.8796,7.1681,8.1279,10.493100000000002,2.809,2.5864,12.8023,5.233499999999999
2008-07-16,1612.3632000000005,805.4205000000004,806.9427000000001,409.88190000000003,395.5386,392.6125,414.33020000000005,7.5433,6.376200000000001,8.0186,6.376200000000001,8.5742,6.8691,14.9398,7.925800000000001,5.4702,9.1182,4.6757,10.4915,10.718399999999999,8.6555,6.188700000000001,4.9044,4.6831,10.758199999999999,7.331799999999999,7.6735,9.6912,12.2428,6.376200000000001,11.276299999999999,11.6268,7.3195,6.1173,6.298400000000001,5.1041,7.923500000000001,4.212300000000001,7.3041,6.174,6.0087,6.0885,9.8756,4.9044,6.0899,7.0706,7.8736000000000015,7.0916999999999994,9.5972,8.1094,25.886200000000002,15.7263,4.9044,7.4629,7.9961,8.738,7.4995,4.5409,11.640699999999999,6.68,10.1451,9.1592,9.862499999999999,7.587199999999999,2.9951999999999996,10.716999999999999,5.3025,8.7207,6.8978,4.2125,5.3873,14.4602,4.9044,6.208400000000001,9.2388,6.714099999999999,9.456,7.8576,4.1797,8.7659,6.924199999999999,9.1947,7.9307,6.376200000000001,7.989700000000001,8.0036,6.7308,8.9147,14.8467,7.5741,8.1582,9.0961,2.0435,8.2579,3.6549,13.286999999999999,12.1588,6.8184,10.174199999999999,7.0733,7.2841000000000005,9.607,8.313300000000002,8.238800000000001,4.482200000000001,6.2725,10.4993,9.883000000000001,4.9044,9.2738,10.101099999999999,8.1371,4.9044,4.041499999999999,11.6417,4.5433,6.1471,6.376200000000001,7.8529,11.4039,8.1371,15.0933,8.4205,6.4575,5.498200000000001,13.144100000000002,2.3341,4.9044,8.8934,4.9044,4.9044,10.3501,8.6292,7.013199999999999,5.0541,6.0597,9.5982,5.1734,9.7396,7.6215,8.529499999999999,9.805,5.986000000000001,16.3826,3.6917,8.631,11.543,5.0298,14.2304,9.4625,6.3739,3.3011,10.2532,7.359500000000001,4.8791,6.2351,9.7783,10.5068,10.3074,10.4962,7.7671,6.2234,8.132,9.090599999999998,5.7461,6.9497,8.355,8.1339,14.3386,8.8477,10.1626,9.2584,11.839500000000001,10.290600000000001,9.736,7.2913,8.5306,5.5519,9.444500000000001,3.8448,7.8986,10.047999999999998,8.0531,4.1964,7.1865,6.079,16.3797,5.2751,8.625700000000002,9.6291,6.9676,6.3705,7.416,8.5759,9.8345,7.814799999999999,8.3982,9.400599999999999,6.7126,7.0671,7.3969000000000005,8.5391,11.3962,2.7832,2.5766,12.7323,6.132200000000001
2008-07-17,1672.6615000000002,841.4193999999999,831.2421000000003,422.9979,418.4214999999999,408.9286,422.31349999999986,7.8378000000000005,6.4807,8.2897,6.4807,8.6491,7.6046000000000005,9.7336,9.0987,5.294099999999999,8.9449,5.5701,10.7708,11.2968,8.755199999999999,6.3019,4.980499999999999,4.8058000000000005,11.012899999999998,7.804500000000001,7.422000000000001,9.131400000000001,13.7392,6.4807,10.9055,13.488900000000001,7.905899999999999,5.8416999999999994,7.0984,5.1817,8.2598,4.4587,8.6327,6.2295,6.0550999999999995,6.153499999999999,10.8008,4.980499999999999,7.3388,9.067,8.1439,7.4488,9.7072,8.546800000000001,26.44,15.431500000000002,4.980499999999999,8.2701,8.1494,9.408800000000001,7.586699999999999,4.697900000000001,11.6525,7.8636,10.1979,9.211699999999999,10.740599999999999,7.7073,3.0385999999999997,11.1537,5.6296,8.1959,6.8961,4.2934,5.5651,14.3323,4.980499999999999,6.1888000000000005,8.8861,6.9642,9.9143,7.0959,4.3375,8.810400000000001,7.0924,9.8932,11.3331,6.4807,8.1263,8.2022,7.7261,7.9689,14.6004,7.863300000000001,8.4163,14.044,2.1012,6.7429,4.6298,15.4015,12.7854,11.4426,10.5557,7.2217,8.970499999999998,9.360600000000002,9.0032,8.6475,4.486800000000001,6.4345,10.5368,10.6264,4.980499999999999,10.2149,10.3189,8.2622,4.980499999999999,4.1667,11.7331,6.1315,6.2259,6.4807,8.6339,11.2568,8.2622,16.5244,8.6385,6.6055,5.6861,12.4601,2.3868,4.7889,9.6408,4.980499999999999,4.980499999999999,12.790000000000001,9.349,9.5428,5.158899999999999,6.0959,9.8886,5.122299999999999,10.6648,7.928800000000001,9.8673,10.002,6.1388,16.8403,3.7261,9.3812,11.576600000000001,5.116099999999999,14.576600000000001,9.8234,6.519,2.8108,10.6455,5.6143,4.9613,6.7943,9.0276,9.7246,11.1876,12.9863,6.9139,6.7745999999999995,8.2622,9.414,7.1000000000000005,7.3264,8.43,7.8178,13.4604,9.4566,10.572,10.5264,11.875399999999999,10.206100000000001,8.9401,8.1952,10.005600000000001,5.672,8.5589,3.9408000000000003,7.5093000000000005,10.1309,7.6067,4.056900000000001,7.5424,5.664199999999999,16.3367,4.303700000000001,9.415600000000001,9.3104,6.9517,6.4893,7.363099999999999,8.5902,10.157399999999999,7.7825,8.5342,10.800799999999999,6.8274,7.0579,8.4038,8.7011,11.4453,3.0114,2.7161,12.5851,5.6725
2008-07-18,1695.8677999999995,841.4568999999999,854.4108999999996,429.77069999999986,411.6862,416.3721999999999,438.0387,7.730199999999999,6.6942,8.5397,6.6942,8.5564,7.4338999999999995,20.4135,8.5326,5.471399999999999,9.1415,5.0684000000000005,10.671800000000001,12.5683,11.5245,6.2173,5.1269,4.8644,11.857000000000001,8.2542,7.427600000000001,7.6664,13.8748,6.6942,10.5196,9.6466,6.5908,7.4318,6.3370999999999995,5.392900000000001,8.0709,5.2966,7.3863,6.1906,5.7679,6.072,10.132800000000001,5.1269,6.3142000000000005,7.379600000000001,8.2351,9.6788,9.642600000000002,8.6205,25.918300000000002,15.965200000000001,5.1269,6.9952000000000005,8.444600000000001,8.7451,7.7184,5.6897,9.8889,6.7945,11.3412,9.130099999999999,11.2233,7.711099999999999,2.9863,10.9527,5.7783,6.8509,6.975,4.1809,5.4828,14.4379,5.1269,6.206900000000001,7.965599999999999,7.0626999999999995,10.2072,8.1434,4.261,8.9831,7.2398,9.2707,15.008,6.6942,7.8946,7.7713,6.952399999999999,9.5794,14.261800000000001,7.940300000000001,7.7761,8.434899999999999,2.0728,8.4975,3.6140999999999996,18.6795,10.4926,6.915799999999999,10.320599999999999,6.725,7.798500000000001,9.5755,9.5614,8.7712,4.680899999999999,6.418400000000001,11.3585,12.608999999999998,5.1269,9.0927,10.271199999999999,8.3396,5.1269,4.603300000000001,11.8201,6.0390999999999995,6.2307999999999995,6.6942,7.6785000000000005,10.1446,8.3396,14.4048,9.171800000000001,6.9662,5.765499999999999,15.0315,2.3771,5.1269,8.7228,5.1269,5.1269,9.979700000000001,23.8077,7.8765,5.340999999999999,6.2597000000000005,10.0153,5.1083,9.5012,8.1637,8.3157,9.543800000000001,6.184000000000001,16.848399999999998,3.7072999999999996,8.6973,11.5871,5.399000000000001,14.152800000000001,10.2878,6.4838000000000005,2.5399000000000003,9.8297,5.3872,5.122999999999999,6.3151,9.9803,9.236799999999999,11.5868,14.011299999999999,7.2776000000000005,5.7849,8.3396,8.5046,5.4845,7.1854000000000005,8.482600000000001,7.7138,17.3176,8.278199999999998,9.8768,9.636000000000001,12.348099999999999,10.455300000000001,11.091899999999999,9.0105,11.1343,5.6615,9.0468,3.9472,8.9496,10.1881,8.361799999999999,4.1003,7.521,5.7940000000000005,17.9775,4.2155000000000005,14.165,10.268,8.261500000000002,6.7851,7.259600000000001,8.5054,9.2604,7.9793,9.0005,10.7284,7.2774,7.030200000000001,7.776700000000001,8.7979,11.4611,3.2965,2.8202999999999996,12.9508,5.8947
2008-07-19,1270.1948999999997,643.9682999999998,626.2266,335.8112,308.15709999999996,312.9602,313.2664,6.3669,5.2874,6.6172,5.2874,7.0600000000000005,6.085699999999999,14.1328,6.384,4.261,7.896299999999999,4.0678,7.9091000000000005,10.1954,6.6981,5.1661,3.9838000000000005,4.0076,9.264700000000001,6.9178,6.896,5.5983,7.0692,5.2874,8.2783,11.4836,4.617900000000001,5.8695,4.7129,3.9164000000000003,6.062399999999999,4.1619,6.4641,3.8707000000000003,4.7759,4.8338,8.075500000000002,3.9838000000000005,4.8463,5.8738,6.449499999999999,9.6369,7.048299999999999,8.427200000000001,21.9351,9.5969,3.9838000000000005,5.3222000000000005,6.5815,6.722799999999999,5.840199999999999,10.4982,8.3858,5.517200000000001,7.3463,7.1725,9.2098,5.9579,2.7876000000000003,8.3203,5.182,3.7551,5.6565,3.8907,4.024900000000001,9.343,3.9838000000000005,4.7651,6.7215,5.5618,7.5017,6.481199999999999,2.644,7.0257000000000005,5.8019,7.7888,5.7937,5.2874,6.0319,5.9598,5.0771,5.4793,12.4409,6.2010000000000005,6.1371,6.3733,1.8623999999999998,4.9697000000000005,2.7932,7.2713,6.0065,6.156499999999999,9.1831,4.241899999999999,6.0544,8.388200000000001,7.402100000000001,6.671200000000001,4.0877,5.455,7.5091,9.2065,3.9838000000000005,6.860900000000001,8.5086,6.686400000000001,3.9838000000000005,4.1943,8.8545,4.9131,5.2376000000000005,5.2874,5.9636,6.6269,6.686400000000001,8.2872,7.3413,6.0223,4.2313,8.5582,2.1981,3.9838000000000005,6.4722,3.9838000000000005,3.9838000000000005,7.455100000000001,7.8915,5.2715,4.3878,4.5343,8.991900000000001,4.2637,7.7791999999999994,7.5435,6.8895,6.909700000000001,4.8276,14.4463,3.0300000000000002,6.7801,8.466000000000001,4.3458000000000006,12.468300000000001,8.7238,5.7098,2.3571,7.973199999999999,3.2335,4.8436,5.2473,6.534299999999999,6.547,7.6636,5.039,4.4343,4.6978,6.686400000000001,7.157299999999999,4.0706999999999995,5.6175999999999995,6.533799999999999,6.603,7.620699999999999,7.043000000000001,7.0951,6.945099999999999,7.7425,8.854,7.1151,6.1693,8.126999999999999,4.4301,6.285100000000001,2.9477,6.3237000000000005,8.1724,6.8261,2.4888,5.4248,4.4609,12.4418,3.3754,6.1201,7.927299999999999,6.9768,5.806299999999999,6.1584,6.3046999999999995,5.4859,6.8751999999999995,7.9588,5.0520000000000005,5.2056000000000004,5.8568,6.4238,7.635199999999999,7.9439,3.0155,1.6723999999999999,11.2777,4.6309000000000005
2008-07-20,1112.2179999999998,550.0756999999999,562.1423,281.79609999999997,268.27959999999996,286.88480000000004,275.25749999999994,9.3873,4.608499999999999,5.281,4.608499999999999,6.45,5.0169,5.5638000000000005,5.3071,3.5252999999999997,7.2714,3.4210000000000003,6.613300000000001,9.1266,5.4153,5.1907,3.4869000000000003,3.4911,7.4948,4.9577,7.1474,4.8247,6.104899999999999,4.608499999999999,7.3837,7.1337,3.9061,5.7814,4.279299999999999,3.1659,4.8247,3.7360999999999995,5.6541,3.2126,4.3405000000000005,4.0348,6.792999999999998,3.4869000000000003,3.8796,4.6775,5.3323,5.828,6.5364,8.0197,20.2009,7.175599999999999,3.4869000000000003,4.000500000000001,5.437900000000001,5.5739,5.0114,4.0888,7.5691,4.5517,5.820399999999999,6.216100000000001,8.1195,5.042,2.6702,7.8409,4.9932,3.1161000000000003,5.0019,3.7765999999999997,3.8215,7.6645,3.4869000000000003,3.9583999999999997,6.1781,4.7285,6.634399999999999,6.335699999999999,2.2556000000000003,6.1047,5.018800000000001,7.1924,4.848,4.608499999999999,5.5309,4.9877,4.4739,4.3081000000000005,11.1942,5.6533,5.028499999999999,5.1666,1.6408000000000003,4.6537,2.5127,5.5906,5.2405,6.567900000000001,11.5218,3.3810000000000002,4.8407,7.8126,6.268599999999999,5.645,3.263,5.3146,6.0404,7.5342,3.4869000000000003,5.973299999999999,8.280899999999999,5.8124,3.4869000000000003,4.225899999999999,8.193999999999999,4.064299999999999,5.070500000000001,4.608499999999999,5.2933,5.8934,5.8124,7.162800000000001,6.4842,5.2285,3.9227,6.8399,2.1108000000000002,3.4869000000000003,5.644299999999999,3.4869000000000003,3.4869000000000003,6.0334,11.6708,4.4224,3.6612999999999998,3.9695,7.427199999999999,3.7417,5.9444,6.9833,5.722200000000001,5.6114,4.1402,13.5624,2.7301,6.0208,7.5624,3.6835999999999993,11.714500000000001,13.518899999999999,5.7188,3.4869000000000003,6.7085,2.6798,4.8950000000000005,4.2967,5.3878,7.0005,6.895099999999999,4.4059,4.0873,4.2007,5.8124,6.477799999999999,3.6389,4.9723999999999995,5.607099999999999,6.0006,5.3202,6.9214,5.7963,5.8566,6.249499999999999,8.1045,6.3942000000000005,4.9531,6.8210999999999995,3.9426,5.2328,2.4682,5.3241,7.716199999999999,5.773999999999999,1.9913999999999998,4.3934,3.6875999999999998,7.0542,2.9557,4.992,7.0724,5.8145,5.178100000000001,5.7252,5.7949,4.7654,6.209599999999999,9.1404,4.3575,4.2722,5.2081,7.3053,7.2589999999999995,7.2699,3.3081000000000005,1.4449,9.9172,4.167
2008-07-21,1482.1852999999999,751.4015999999997,730.7837000000002,383.1622000000001,368.23939999999993,359.86519999999996,370.91849999999994,7.4301,6.105,7.601800000000001,6.105,8.7091,6.5498,7.6551,7.6825,4.934099999999999,8.5278,4.437100000000001,9.9818,10.979199999999999,8.146999999999998,5.9924,4.7128,4.5082,11.2167,7.1022,7.441700000000001,6.5055,11.450199999999999,6.105,10.4598,12.6292,6.313700000000001,7.0896,5.6484000000000005,4.7343,7.728699999999999,4.3357,6.964799999999999,5.9291,5.5477,5.3789,8.6836,4.7128,5.7745999999999995,6.6068,7.645199999999999,6.8863,9.1082,7.4026000000000005,24.966500000000003,15.045100000000001,4.7128,5.9007000000000005,7.8368,8.2044,7.0358,4.2544,10.112400000000001,6.092499999999999,9.6588,8.6904,9.7628,7.1785,2.9936,10.110800000000001,5.382099999999999,7.7239,6.620100000000001,4.2388,5.183,13.9293,4.7128,5.544700000000001,7.3019,6.3431999999999995,8.6859,8.582899999999999,4.1098,8.1677,6.5181,8.900300000000001,7.594799999999999,6.105,7.548499999999999,7.0771,6.365600000000001,8.5111,13.8161,7.428100000000001,7.275499999999999,7.7193,1.9086,7.601800000000001,3.3787,11.767799999999998,9.3659,6.934800000000001,10.1042,6.1795,6.9597999999999995,8.8345,7.391500000000001,7.5964,4.1723,6.2607,9.543099999999999,9.4631,4.7128,8.640600000000001,9.6525,7.7957,4.7128,4.2010000000000005,11.3079,5.6871,5.9831,6.105,7.045,8.701699999999999,7.7957,10.4779,8.3864,5.8896,5.7454,8.3124,2.2942,4.7128,8.2803,4.7128,4.7128,8.948799999999999,7.950099999999999,6.3629,4.780200000000001,5.6865000000000006,9.4607,4.8632,7.442,7.4985,7.346,9.1653,5.6951,15.147300000000001,3.5063999999999997,8.6126,10.717099999999999,4.682600000000001,12.9416,9.526900000000001,6.164,4.7128,8.214599999999999,6.369,4.952999999999999,5.8869,7.9025,6.691700000000001,10.1409,7.428599999999999,6.6443,5.6492,7.7957,8.5657,5.353,6.731,7.7681,7.531000000000001,8.2088,7.4326,9.1223,8.724599999999999,9.7161,9.8322,5.8353,6.918800000000001,9.832699999999999,5.3652999999999995,8.7046,3.6086,6.9272,9.3158,7.3674,3.8404,6.7499,6.8767000000000005,14.292900000000001,4.001799999999999,6.8739,9.133399999999998,6.4726,6.2298,7.1616,8.3433,9.269,7.338399999999999,7.8652,8.6077,6.434399999999999,6.6402,7.5352,8.2624,10.3355,3.0053,2.333,11.497699999999998,4.6067
2008-07-22,1559.0935000000002,782.2132000000001,776.8803,401.01830000000007,381.1949,380.3988000000001,396.4814999999999,7.5568,6.2542,7.758299999999999,6.2542,7.952,6.827,11.460999999999999,11.020500000000002,5.1636999999999995,8.894099999999998,4.5132,10.129100000000001,12.116500000000002,8.459000000000001,6.226500000000001,4.7749,4.6074,10.6028,7.8903,7.3685,6.4382,11.79,6.2542,10.9338,12.266300000000001,6.6338,4.4555,5.7093,4.8291,7.584899999999999,4.1004000000000005,7.1770000000000005,6.0633,5.862,6.0245,9.578999999999999,4.7749,6.008799999999999,6.7833,7.7903,7.1112,10.115000000000002,8.870899999999999,25.2588,15.6036,4.7749,6.9811,8.1103,10.019200000000001,7.2847,4.4198,12.1203,6.0898,9.0906,8.9227,9.741,7.3659,2.8453,10.3288,5.3184,8.5397,6.7486999999999995,4.1578,5.3677,14.454300000000002,4.7749,5.8086,7.204000000000001,6.4782,9.0919,8.2208,6.0154,8.4154,6.8027,9.296199999999999,8.6069,6.2542,7.815299999999999,7.3977,6.5084,6.7896,13.997,7.829000000000001,8.157,7.8372,2.0086999999999997,7.0763,3.5904,14.04,10.537400000000002,6.6828,10.4383,6.6277,7.0169,8.9007,7.515000000000001,7.9909,4.3707,6.2507,9.3372,10.4109,4.7749,8.1706,9.818000000000001,7.950000000000001,4.7749,3.9481,11.1214,5.9231,6.1309000000000005,6.2542,7.2780000000000005,11.2379,7.950000000000001,11.5094,8.1066,6.2577,5.5207999999999995,9.7876,2.2238,4.7749,8.522300000000001,4.7749,4.7749,9.5444,8.9158,10.6846,4.9617,5.956300000000001,9.512999999999998,5.1885,9.3503,7.546,7.862300000000001,8.818999999999999,5.7933,16.9634,4.725899999999999,8.7869,11.3804,5.074,11.1263,9.407399999999999,6.2542,2.7438000000000002,9.561,8.6856,4.842499999999999,6.3115000000000006,8.4049,7.6122,10.3212,9.0177,6.8424,6.1874,7.950000000000001,8.8569,5.6880999999999995,6.798,8.0102,8.816400000000002,10.051,8.597199999999999,9.730500000000001,8.6784,9.8992,9.8749,13.1151,7.026399999999999,8.5923,5.5855999999999995,8.1302,4.6198999999999995,7.2427,9.6051,8.94,4.0390999999999995,7.0173000000000005,6.3757,14.919300000000002,5.656499999999999,7.3932,9.304400000000001,6.6918,6.209899999999999,7.4058,8.5234,9.238299999999999,7.5729,8.1389,9.1086,6.6013,6.9688,7.1507000000000005,8.0973,10.7107,2.8226,2.5352,12.897399999999998,5.3134
2008-07-23,1642.0048000000004,806.9562000000001,835.0486000000003,408.0698000000001,398.88640000000004,407.10300000000007,427.9456,7.703400000000001,6.3799,7.871699999999999,6.3799,8.252200000000002,6.9032,9.2145,9.209600000000002,5.330699999999999,9.4827,4.6083,10.6923,10.4033,8.6279,6.2135,4.9044,4.6712,10.706399999999999,7.8976,7.3852,7.2331,11.256400000000003,6.3799,10.875900000000001,13.5549,8.183900000000001,5.2582,5.8657,5.164899999999999,8.043700000000001,4.359,7.2678,6.1238,5.9414,6.7185,10.2117,4.9044,6.0796,6.937199999999999,7.9224,7.2966,9.6784,7.934599999999999,27.5215,17.188499999999998,4.9044,8.2474,7.9956000000000005,8.820699999999999,7.3618,6.3436,11.3583,7.2822,10.2234,8.8926,10.969899999999999,7.4487000000000005,2.8550000000000004,10.7302,5.3403,8.0345,7.426800000000001,4.1396999999999995,5.401300000000001,15.7372,4.9044,5.9477,7.505599999999999,6.5837,9.6278,6.878299999999999,4.4599,8.465,7.0169,9.4649,8.9549,6.3799,7.952299999999999,7.6110999999999995,6.452299999999999,8.372499999999999,14.4409,7.6771,9.0624,9.382900000000001,2.0189,7.0498,3.6888999999999994,14.3914,14.5605,6.722,10.3555,6.898199999999999,7.234500000000001,9.5472,7.7525,8.2474,4.4519,6.3338,10.3097,10.0206,4.9044,7.6346,10.0351,8.1371,4.9044,3.9439,11.5164,5.9883999999999995,6.1614,6.3799,7.6404000000000005,11.5748,8.1371,12.4837,9.0368,6.4329,5.6854000000000005,15.0223,2.3195,4.9044,8.7117,4.9044,4.9044,10.485199999999999,20.782,9.3799,5.0259,6.1328,9.4458,5.2405,9.550699999999999,7.674799999999999,8.164100000000001,10.2812,5.8631,17.1451,3.7454,9.4422,11.458200000000001,5.0761,11.386,9.601700000000001,6.451099999999999,2.8912999999999998,9.655100000000001,7.300099999999999,4.906,9.2511,9.3836,9.5778,10.4119,9.474499999999999,6.832400000000001,6.2835,8.1371,9.0733,5.6666,6.8334,8.1372,8.444400000000002,17.977,8.901,10.1209,9.5139,11.078,10.233,20.1247,6.9596,9.131699999999999,5.5967,8.4666,4.2149,8.1416,9.9506,7.994,4.1431000000000004,7.193300000000001,6.0435,16.6478,5.4178999999999995,8.2293,9.284500000000001,7.578399999999999,6.350999999999999,7.4622,8.5751,10.1604,7.7439,8.3988,11.264199999999999,6.9699,7.0169,7.1484000000000005,8.1545,12.217199999999998,2.8826,2.8373,13.0295,5.919599999999999
2008-07-24,1665.3908000000006,833.5130000000004,831.8778000000002,417.9541,415.5589000000001,403.2292000000001,428.64860000000004,7.939400000000001,6.4807,8.218,6.4807,8.1428,7.0905000000000005,14.410400000000003,9.1128,5.3567,9.0756,4.8339,10.557200000000002,10.9219,8.7289,6.3536,4.980499999999999,4.806,10.877,7.8344,7.494199999999999,7.7029,13.1876,6.4807,11.395999999999999,12.9209,7.4419,7.035900000000001,6.259600000000001,5.051,8.319099999999999,5.4023,7.4959999999999996,6.1569,6.0464,6.1448,11.0696,4.980499999999999,6.2096,7.4423,8.0215,7.425400000000001,9.742799999999999,8.0846,26.4456,14.935900000000002,4.980499999999999,7.4502,8.0762,8.785799999999998,7.566400000000001,4.989599999999999,10.853,7.1671000000000005,10.9731,9.0451,12.351500000000001,7.6138,3.0473,10.9296,5.3728,7.5657,7.641299999999999,4.2433,5.4804,13.903500000000001,4.980499999999999,5.9102,7.7498000000000005,6.8008,9.4597,7.149,4.6195,8.738,7.427800000000001,9.280999999999999,10.5012,6.4807,8.2413,8.2477,6.731199999999999,8.6864,14.607399999999998,7.954199999999999,8.303799999999999,11.9645,2.0954,7.3655,4.2241,14.2772,11.3166,7.8568,10.6738,7.778600000000001,7.5649,9.2884,17.3223,8.6475,4.576499999999999,6.450100000000001,11.109399999999999,10.384699999999999,4.980499999999999,9.3013,10.1793,8.2622,4.980499999999999,4.190300000000001,11.7061,6.1979,6.201700000000001,6.4807,7.5046,9.600200000000001,8.2622,12.2974,8.6934,6.5363999999999995,5.6953000000000005,17.1095,2.3095,4.980499999999999,8.7984,4.980499999999999,4.980499999999999,11.005500000000001,8.776499999999999,9.4398,5.1127,6.244000000000001,9.811,5.2440999999999995,10.3249,7.7805,9.4677,10.1731,6.0025,17.671499999999998,3.8385,9.458400000000001,11.083300000000001,5.0126,12.16,10.053799999999999,6.497700000000001,4.980499999999999,10.4662,6.3641000000000005,5.0297,6.4547,10.1623,9.4252,10.616299999999999,12.108899999999998,7.1674,6.3325,8.2622,9.1539,5.695499999999999,7.0814,8.3573,7.883799999999999,21.2704,9.278099999999998,10.266100000000002,9.0474,12.0317,10.2707,8.2317,7.3425,9.905100000000001,5.7280999999999995,8.4695,4.3076,7.5366,10.067499999999999,8.2166,4.2726,7.3615,6.6223,17.0578,4.8863,10.0305,9.4557,6.9033,6.415699999999999,7.409600000000001,8.472999999999999,10.148,7.947499999999999,8.4541,14.1729,7.031899999999999,7.2878,7.2648,8.4921,11.3096,3.2224000000000004,2.6954,12.64,5.0398
2008-07-25,1672.8347999999999,842.8902999999999,829.9445,433.2881,409.6021999999999,405.60749999999985,424.3370000000001,7.762999999999999,6.6942,8.301599999999999,6.6942,8.6503,7.42,23.772,8.4376,5.3276,8.9877,4.8865,10.7867,10.7171,8.975900000000001,6.2034,5.1269,4.8870000000000005,11.9496,7.721300000000001,7.7213,6.902,12.619,6.6942,10.4567,15.1495,6.3375,8.0017,5.728199999999999,5.2245,8.668700000000001,5.8039,7.3252999999999995,6.2091,6.162,6.0167,9.8797,5.1269,6.3919,7.2015,8.2159,9.5773,9.275099999999998,7.696400000000001,25.1695,17.2986,5.1269,7.7712,9.8584,8.7869,7.5889999999999995,4.7876,9.917100000000001,10.4985,10.6752,9.376800000000001,11.3838,7.6628,3.0217,11.0644,5.8469,6.4616999999999996,7.731199999999999,4.1157,5.4344,15.192699999999999,5.1269,6.0453,7.541,7.0143,11.598300000000002,6.9964,4.3047,8.816699999999999,7.2508,9.6135,15.067899999999998,6.6942,7.6604,7.0689,6.838500000000001,8.5471,14.858900000000002,8.1774,7.6209999999999996,8.3211,2.2183,6.4437,3.6991,17.5901,8.5883,8.9971,10.3317,6.3852,7.545,9.542399999999999,8.189,8.7712,4.661300000000001,7.6014,10.7046,11.6513,5.1269,8.9567,10.2684,8.3396,5.1269,4.8580000000000005,11.7769,6.4748,6.1053,6.6942,7.4986999999999995,8.1374,8.3396,13.877099999999999,9.3718,6.883,5.8962,14.7454,2.3385000000000002,5.1269,8.5942,5.1269,5.1269,10.3011,9.2603,6.9239999999999995,6.4162,6.1941999999999995,10.2461,5.075200000000001,9.4138,8.2034,8.351099999999999,10.7887,6.107200000000001,21.583599999999997,3.6756,9.082899999999999,11.3587,5.2181,12.7814,10.4324,6.468999999999999,5.1269,8.904399999999999,5.866999999999999,5.1448,6.3588000000000005,9.881,10.5266,11.6684,8.647499999999999,7.065,5.8580000000000005,8.3396,9.237499999999999,5.5533,7.065199999999999,8.404499999999999,7.7642999999999995,16.748099999999997,8.492,9.6123,9.2702,11.4213,10.4437,8.6892,7.476400000000001,11.2532,5.6492,8.4664,3.8373999999999997,7.7743,10.0934,8.1665,4.2657,7.3184000000000005,10.65,16.8649,4.2654,10.9451,9.601700000000001,7.204000000000001,6.7802,7.2828,8.4901,9.032499999999999,7.978400000000001,9.2274,11.911999999999999,7.1709,7.0379000000000005,7.7113,9.3568,10.5355,3.5005,2.7305,12.3268,4.6247
2008-07-26,1338.7338000000004,665.6964000000004,673.0373999999999,342.15999999999997,323.5363999999999,330.6700999999999,342.36730000000006,6.418099999999999,5.2874,6.3078,5.2874,7.4307,6.0798,6.7647,6.4803,4.2665,7.8169,4.0613,8.0899,10.5365,6.729,5.084099999999999,3.9838000000000005,4.0212,9.7789,5.7941,7.0504,5.9718,7.2075,5.2874,8.2674,9.319700000000001,4.8624,5.9047,4.7191,3.9130000000000003,5.947800000000001,14.1664,6.2736,3.9227,4.9357,4.8184000000000005,8.131599999999999,3.9838000000000005,4.8126999999999995,5.6521,6.630299999999999,9.1584,7.0870999999999995,7.4075999999999995,22.1045,9.5265,3.9838000000000005,11.344,6.8525,6.914499999999999,5.7842,17.963099999999997,8.7569,5.5792,7.1644000000000005,7.319399999999999,11.0137,5.852499999999999,2.8241,8.553899999999999,4.3362,3.7746000000000004,6.4378,3.7947999999999995,4.1858,9.2755,3.9838000000000005,4.6834999999999996,6.950900000000001,5.721399999999999,7.6522,5.2136,2.6641,7.297000000000001,5.889899999999999,8.0071,5.8355999999999995,5.2874,6.1581,5.6742,5.2958,5.5615,14.1853,6.690899999999999,6.144,6.4856,2.0271,6.703200000000001,2.9324,7.2915,6.2724,7.2898,9.165099999999999,4.1633,5.8474,8.4949,7.5705,6.671200000000001,3.8285000000000005,5.6185,7.4468000000000005,8.8721,3.9838000000000005,6.9151,8.6751,6.686400000000001,3.9838000000000005,4.8551,9.1027,5.6103000000000005,5.1975,5.2874,5.9699,6.7941,6.686400000000001,8.273,7.7454,5.9883,4.326499999999999,14.020299999999999,2.2659,3.9838000000000005,6.5763,3.9838000000000005,3.9838000000000005,7.3541,8.1024,5.588699999999999,4.374700000000001,4.6887,9.144,4.3121,7.852600000000001,7.5019,6.9773,6.9762,4.8263,20.5943,3.0407,6.9907,8.8052,4.282,11.177,10.3979,5.7331,3.9838000000000005,7.9878,3.2604999999999995,5.228,5.1872,6.536099999999999,8.757200000000001,7.917199999999999,6.4147,4.4316,4.7753,6.686400000000001,7.5509,4.2892,5.6987000000000005,6.4567000000000005,6.6312999999999995,16.1107,7.165699999999999,7.0441,7.152099999999999,7.682300000000001,8.9477,12.408299999999999,5.8333,14.3249,4.3311,6.4341,2.9948,6.4844,8.436499999999999,6.840400000000001,2.5112,5.3168999999999995,5.4171000000000005,13.298399999999999,3.4966999999999997,6.1684,8.0503,6.055,5.8172,6.1971,6.331200000000001,5.5927,7.2010000000000005,8.179400000000001,6.4708000000000006,5.3442,5.9465,6.6884,7.7791,8.1523,3.4167999999999994,1.7482000000000002,11.132,4.2568
2008-07-27,1143.8729999999998,564.7368,579.1361999999998,286.9464,277.7904000000001,293.21999999999997,285.9162,7.484,4.608499999999999,5.413399999999999,4.608499999999999,6.6808000000000005,5.1287,5.664,5.4122,3.5507,7.566,3.6228000000000002,7.9422,8.2516,5.547499999999999,6.2187,3.4869000000000003,3.5586,8.1503,4.9664,7.2466,5.0718,6.342,4.608499999999999,7.5174,7.5108999999999995,4.0968,6.0656,4.254099999999999,3.216,5.0759,6.477,5.6416,3.2594,4.467700000000001,3.9254,6.9218,3.4869000000000003,4.095000000000001,4.7995,5.6675,6.227599999999999,6.549799999999999,7.5937,16.868000000000002,8.0315,3.4869000000000003,4.1471,5.7897,5.6619,4.981,6.3459,7.563899999999999,4.9947,5.967300000000001,6.2895,8.4744,5.1783,2.7867,8.091000000000001,5.1071,3.2095,5.7782,3.7042,3.9981,8.1663,3.4869000000000003,3.8294,6.3105,4.8941,6.9558,6.417,2.1671,6.204300000000001,5.3607000000000005,7.3622,4.9757,4.608499999999999,5.626999999999999,4.9989,4.6009,4.3825,10.7712,6.2108,4.9379,5.3947,1.7231,5.8102,2.6259999999999994,5.9162,6.0475,7.5335,9.5308,3.4004000000000003,5.019299999999999,7.8734,6.726699999999999,5.645,3.3047,5.3704,6.112,7.743,3.4869000000000003,5.9228,8.3845,5.8124,3.4869000000000003,4.943899999999999,8.5331,4.2975,5.1665,4.608499999999999,5.3565000000000005,5.941,5.8124,7.333699999999999,6.9202,5.446,7.1042000000000005,7.5407,2.1159,3.4869000000000003,5.693200000000001,3.4869000000000003,3.4869000000000003,9.4122,6.951799999999999,4.6754,3.6713999999999998,4.0033,7.581799999999999,3.7925999999999993,7.044,7.140199999999999,5.845300000000001,5.9756,4.2829999999999995,18.8001,2.648,6.191700000000001,7.5931,3.8160999999999996,10.2513,7.024800000000001,5.8083,3.4869000000000003,6.934,2.7435,5.8622,4.236,5.3369,6.458400000000001,7.1563,5.911499999999999,3.9563000000000006,4.3994,5.8124,6.786,3.8377,5.148300000000001,5.6168000000000005,6.0501000000000005,6.207700000000001,6.011100000000001,5.857200000000001,6.1072999999999995,6.4836,8.2881,8.8171,5.0379000000000005,8.888300000000001,4.0845,5.170400000000001,2.4928,5.484299999999999,9.126000000000001,5.6937,2.0244999999999997,4.3699,4.034,7.1850000000000005,2.9650999999999996,5.3980999999999995,7.2777,5.1743,5.392399999999999,5.7141,5.8268,4.7887,6.3349,7.0222,5.8629,4.6812000000000005,5.2746,7.4624,7.450200000000001,7.2481,3.8205000000000005,1.5642,9.9144,4.2468
2008-07-28,1496.9116000000004,758.8487000000003,738.0629000000001,383.88910000000004,374.95959999999997,365.2352,372.8276999999998,7.3755999999999995,6.105,7.5914,6.105,7.775399999999999,6.485700000000001,11.691,7.948799999999999,4.8433,11.5495,4.3583,9.8489,11.405999999999999,8.158,5.6615,4.7128,4.5032,10.2649,6.9968,7.5015,6.5122,11.2136,6.105,10.039100000000001,11.840699999999998,6.0565999999999995,5.9604,6.1529,4.721400000000001,7.4030000000000005,4.3621,6.964999999999999,5.8772,5.7461,5.4493,8.6531,4.7128,5.7584,6.475999999999999,7.5341,6.9907,9.0351,8.2918,25.3114,13.5027,4.7128,4.6864,7.644699999999999,8.187999999999999,7.103899999999999,4.3489,9.2597,6.243,8.851,8.6238,10.7423,7.213900000000001,2.9267000000000003,10.3416,5.3928,7.1562,7.6622,4.1176,5.1719,12.76,4.7128,5.5851999999999995,7.2652,6.3796,9.0532,7.9727,4.1875,8.139199999999999,6.6427000000000005,11.4192,6.9047,6.105,7.4785,6.836799999999999,6.2878,8.297999999999998,20.648799999999998,7.250299999999999,6.9709,7.563899999999999,1.9233000000000002,6.8277,3.3818,12.2042,8.1493,7.251,10.1571,6.1193,6.959,9.768699999999999,8.7833,7.5964,4.1579,6.2156,8.9514,8.9047,4.7128,9.425,9.844,7.7957,4.7128,4.180899999999999,11.099599999999999,5.3959,5.7622,6.105,7.2702,9.082899999999999,7.7957,10.9759,8.0836,6.0032000000000005,6.0985000000000005,8.8296,2.3437,4.7128,8.996599999999999,4.7128,4.7128,8.8744,8.6479,6.3588000000000005,4.798,5.646100000000001,9.3628,4.7989999999999995,7.5512,7.4504,7.413100000000001,9.0641,5.689399999999999,20.3611,3.6282,8.4571,10.8695,4.6464,11.5276,7.8391,6.032,4.7128,8.7887,5.9207,5.684,5.8517,7.7042,6.5969,10.0807,8.238999999999999,6.5804,5.6569,7.7957,8.8431,5.4708000000000006,6.934699999999999,7.869300000000001,7.7207,8.8318,7.4199,9.0276,8.4661,9.256900000000002,10.306999999999999,6.7471,6.8247,8.6426,5.3601,8.8269,3.5029999999999992,6.9839,9.514600000000002,7.550800000000001,3.8074,6.6107,5.340599999999999,14.220500000000001,4.7122,6.5787,8.9932,7.2082,6.265600000000001,7.1284,8.345299999999998,9.4559,7.271100000000001,8.031500000000001,9.9158,6.1813,6.6949,7.217899999999999,8.2983,10.3198,2.8615000000000004,2.2922000000000002,11.538799999999998,4.4867
2008-07-29,1559.9663,773.4755000000002,786.4907999999997,400.0715999999999,373.40389999999996,395.434,391.0568,7.445200000000001,6.2542,7.8453,6.2542,8.2082,6.8603,10.921600000000002,8.814400000000001,5.102399999999999,8.6154,4.5065,10.2381,10.8813,8.4345,7.7917000000000005,4.7749,4.5276,10.611899999999999,7.8903,7.3921,6.4702,11.7543,6.2542,10.8809,13.4063,7.1899999999999995,7.3331,5.6646,4.7344,7.4525,4.0501000000000005,7.193,6.1843,6.050000000000001,6.163399999999999,9.148800000000001,4.7749,6.1499,6.7688999999999995,7.903500000000001,7.0793,9.305800000000001,9.487300000000001,25.1907,15.172800000000002,4.7749,6.3705,7.9321,8.6995,7.1613,4.4285,10.1841,7.514799999999999,8.8419,10.5342,10.031500000000001,7.1786,2.8914999999999997,10.4848,4.6625,7.561999999999999,7.7021,4.1943,5.2126,14.1159,4.7749,5.6776,7.259399999999999,6.4758,9.4961,8.0991,4.2439,8.377099999999999,6.6632,8.8315,8.4179,6.2542,7.662699999999999,8.1244,6.4211,6.6563,12.1177,7.245799999999999,7.937200000000001,7.6123,1.9831999999999999,6.7384,3.4973,13.8517,8.902999999999999,6.5573,10.1249,6.3759,7.169499999999999,9.0798,7.5456,7.9909,4.2978,6.327399999999999,9.073699999999999,9.543800000000001,4.7749,8.6044,9.863199999999999,7.950000000000001,4.7749,3.9444,11.1523,5.9323999999999995,5.9513,6.2542,7.1686,10.3341,7.950000000000001,12.1875,8.1905,6.1211,8.466899999999999,9.5258,2.2697000000000003,4.7749,8.1689,4.7749,4.7749,9.332,27.118899999999996,7.8062000000000005,4.904,5.872199999999999,9.7014,5.0536,7.9003,7.5762,7.7334,8.8367,5.768800000000001,22.2152,3.6325000000000003,8.5662,11.2284,4.7316,11.8447,7.8912,6.221,2.6517999999999997,9.738199999999999,6.649,4.8331,6.1191,8.0547,9.1556,11.4267,9.1614,6.640899999999999,5.9982999999999995,7.950000000000001,9.1726,5.5326,6.908900000000001,7.8975,8.368400000000001,9.8788,8.2732,9.723400000000002,8.4853,9.6134,9.9877,7.346,6.9689,8.279599999999999,5.340199999999999,8.0835,3.9608,7.269299999999999,9.5201,7.940899999999999,3.8381999999999996,7.0207,6.4315,15.6677,4.179399999999999,7.7715,9.126100000000001,6.780900000000001,6.205299999999999,7.3008,8.565000000000001,9.8863,7.4193,8.0756,13.050699999999999,6.712299999999999,7.3824,6.9203,7.9937,9.727699999999999,2.8454,2.4276999999999997,11.8138,5.0305
2008-07-30,1605.3908000000001,801.3407,804.0501,411.4967999999999,389.84389999999996,399.0089000000001,405.04120000000006,7.5615000000000006,6.3799,7.9335,6.3799,7.903800000000001,6.8886,12.2366,9.0247,5.4830000000000005,8.9743,4.6853,10.54,12.8565,8.7824,6.347099999999999,4.9044,4.6235,10.8103,7.8976,7.4028,7.634,12.3954,6.3799,10.768999999999998,12.9281,10.3055,5.5852,6.172599999999999,4.9117999999999995,8.2009,4.284599999999999,7.214400000000001,6.1928,6.0021,7.181699999999999,9.2972,4.9044,6.1982,6.8876,7.9176,7.3238,9.704400000000001,8.726700000000001,26.1719,14.707999999999998,4.9044,6.7104,7.9309,9.015699999999999,7.321899999999999,4.5372,18.5362,6.6821,10.1418,9.066699999999999,10.3257,7.347700000000001,2.9402,10.6655,5.493,7.5645,7.841200000000001,4.161300000000001,5.3742,13.9453,4.9044,7.130800000000001,8.0264,6.6112,9.4313,8.1579,4.277699999999999,8.4572,6.7665,9.119499999999999,8.8697,6.3799,7.9016,7.4495000000000005,6.6029,8.4351,6.4927,7.910299999999999,8.6387,8.5149,2.0665,6.6007,3.5062,14.1282,11.4202,6.8443000000000005,10.243500000000001,7.2421,7.288399999999999,8.946100000000001,7.7263,8.2474,4.404400000000001,6.365699999999999,10.1131,9.3132,4.9044,9.166699999999999,10.0429,8.1371,4.9044,4.136699999999999,11.3803,6.1284,6.0154,6.3799,9.1228,10.481200000000001,8.1371,15.4396,8.4302,6.3888,6.0701,11.672899999999998,2.3033,4.9044,8.5012,4.9044,4.9044,9.7267,8.4653,9.1682,5.023999999999999,5.9852,9.6873,4.1836,9.0915,7.5748999999999995,7.6488000000000005,10.215800000000002,6.718399999999999,21.1007,3.634,17.7048,11.357,5.0563,12.1464,8.1829,6.2769,2.9135999999999997,9.094899999999999,5.7165,4.9123,6.391500000000001,9.2616,7.167200000000001,12.248999999999999,9.6919,6.8367,5.924899999999999,8.1371,9.1237,5.603400000000001,6.9337,8.0647,7.991499999999999,12.383899999999999,8.2085,10.0457,8.8264,11.0328,9.8628,8.503200000000001,7.0994,8.558599999999998,5.4485,8.5991,3.7509,9.2466,9.8046,7.8683000000000005,4.0374,7.066700000000001,7.5859000000000005,15.390600000000001,4.9018,8.1536,9.232700000000001,6.842499999999999,6.391,7.317500000000001,8.4963,10.1789,7.711,8.2074,13.290600000000001,6.7562,7.040299999999999,7.221,8.2744,11.1281,2.9270000000000005,2.4959,12.3919,5.0394000000000005
2008-07-31,1653.9173,821.3498000000002,832.5674999999999,421.93199999999996,399.41780000000006,403.94929999999994,428.6182,7.826199999999999,6.4807,8.085799999999999,6.4807,8.4869,7.2747,16.6465,8.4606,5.3289,8.7631,4.8605,10.8834,11.1861,9.086500000000001,6.3584,4.980499999999999,4.7090000000000005,10.9556,7.8344,7.6084,8.183300000000001,13.445,6.4807,10.8219,13.0103,7.4258,6.7056000000000004,6.0274,5.1166,8.0869,4.5264,7.309699999999999,6.1776,6.110199999999999,6.5423,10.090900000000001,4.980499999999999,6.7783,7.1457,8.0674,8.0243,9.9623,7.6674,26.6588,16.5126,4.980499999999999,7.5389,9.0655,8.6824,7.5099,4.6713,11.4368,7.781899999999999,10.977599999999999,9.171299999999999,11.7969,7.5726,2.967,11.0587,5.4736,7.925500000000001,7.8625,4.2091,5.4517,15.068200000000001,4.980499999999999,5.8849,7.9415,6.8031,10.039,7.988999999999999,4.2303999999999995,8.6928,7.021800000000001,9.2833,11.4465,6.4807,8.1146,7.5756000000000006,6.7469,8.5231,8.5756,7.8924,8.7044,8.771,2.0638,7.2829,3.6442,15.895900000000001,10.7417,6.9954,10.3901,7.304600000000001,7.5126,9.7337,8.1055,8.6475,4.498,6.429600000000001,11.0505,10.7882,4.980499999999999,9.5428,10.206399999999999,8.2622,4.980499999999999,4.2974,11.5411,6.0600000000000005,6.252700000000001,6.4807,7.5443,11.5241,8.2622,16.8463,8.649799999999999,6.4886,6.3246,13.3951,2.3933999999999997,4.980499999999999,8.868599999999999,4.980499999999999,4.980499999999999,10.8432,8.7241,7.241899999999999,5.1514,6.179,10.0271,4.2244,9.8217,7.7334000000000005,8.6173,9.9465,5.978300000000001,21.078000000000003,3.5836999999999994,8.7046,11.5651,5.1395,12.8607,8.5265,6.5197,4.980499999999999,10.5109,5.944100000000001,4.990499999999999,6.5219000000000005,9.9043,9.8949,10.630600000000001,19.444499999999998,6.9763,6.0014,8.2622,9.2803,5.7057,7.1527,8.2792,8.3978,14.424,8.948,10.1952,9.1158,11.652,10.628499999999999,7.807499999999999,7.4430000000000005,9.7985,5.5733,8.5427,3.8327999999999998,7.4497,9.888200000000001,9.4976,4.1548,7.3507,5.7165,16.23,4.4396,11.522300000000001,9.356000000000002,6.851100000000001,6.4975000000000005,7.3492,8.6283,10.2625,7.6692,8.4445,13.947299999999998,6.694800000000001,7.246499999999999,8.1439,8.5852,11.211100000000002,3.0498000000000003,2.6205999999999996,12.319899999999999,5.5045
2008-08-01,1675.4288000000001,840.7998000000001,834.6290000000001,441.252,399.54780000000005,405.98499999999996,428.6439999999999,7.674300000000001,6.6942,8.436800000000002,6.6942,8.5205,7.7744,25.0109,8.4948,5.477,9.0903,4.9896,11.741700000000002,11.0178,9.8511,5.9135,5.1269,4.824400000000001,11.5166,7.721300000000001,7.7132000000000005,7.669700000000001,12.541700000000002,6.6942,10.263000000000002,22.148,6.2343,6.0069,5.7981,5.1479,7.917800000000001,5.1668,7.323900000000001,6.0734,5.9383,6.0836,9.7066,5.1269,6.314499999999999,7.304499999999999,8.1746,9.9931,9.4411,8.064,25.3261,15.929499999999999,5.1269,9.5481,9.6771,8.7881,7.4398,4.7631,9.757200000000001,6.7605,10.8622,8.9314,11.8829,7.537,3.0033000000000003,10.9988,5.7821,6.5453,7.917199999999999,4.1288,5.3718,14.4714,5.1269,6.0102,7.7592,7.089,9.9603,7.4229,4.256,8.7144,7.0626,9.3536,13.5114,6.6942,7.643999999999999,8.3622,6.7877,8.812800000000001,8.515600000000001,8.145800000000001,8.174800000000001,8.5813,2.0054999999999996,6.5846,3.6185,17.0887,10.9429,8.3414,10.2835,6.3919999999999995,7.7105,9.4983,9.5299,8.7712,4.690799999999999,6.3904,11.0017,10.724,5.1269,8.8397,10.276399999999999,8.3396,5.1269,4.6690000000000005,11.6295,6.4276,6.0701,6.6942,7.578,8.9422,8.3396,18.2242,9.1643,6.7446,6.241,15.694099999999999,2.3966000000000003,5.1269,8.4596,5.1269,5.1269,11.0869,9.2857,6.8180000000000005,5.5455000000000005,6.231,10.1191,4.271699999999999,9.3686,8.1911,8.261199999999999,9.259400000000001,5.9802,21.591,3.6698000000000004,8.4323,10.8678,5.396599999999999,12.8788,10.2602,6.315099999999999,5.1269,8.755099999999999,5.4544,5.1099,6.334099999999999,10.2858,9.665199999999999,11.747,13.952000000000002,7.0382,5.7209,8.3396,8.6542,5.3845,7.1649,8.208300000000001,7.277299999999999,16.8877,8.4363,9.7882,9.0971,12.110100000000001,10.460999999999999,7.170299999999999,7.907400000000001,11.3402,5.6231,8.599,4.6761,8.9999,10.015699999999999,8.1965,4.1256,7.4806,5.7006,17.3167,4.1813,13.274999999999999,9.5134,8.2215,6.8768,7.2482999999999995,8.4516,9.1839,7.6977,9.2055,12.401299999999999,6.802099999999999,6.9037,7.6144,9.034199999999998,11.089400000000001,3.4438000000000004,2.5773,12.9846,4.854
2008-08-02,1276.3774999999998,638.1711999999999,638.2062999999999,335.73969999999997,302.43149999999997,317.71639999999996,320.4898999999999,6.4765999999999995,5.2874,6.1577,5.2874,7.783200000000001,6.139799999999999,13.5827,6.357500000000001,4.3131,8.064,3.9430000000000005,7.7883,11.0625,6.592300000000001,5.104799999999999,3.9838000000000005,3.9116999999999997,9.265600000000001,5.7941,7.861700000000001,5.6442,6.977399999999999,5.2874,8.255199999999999,9.1486,4.6706,6.2968,4.5988,3.9696000000000002,6.039100000000001,4.109400000000001,6.1587000000000005,3.897,4.8561,4.7926,8.1401,3.9838000000000005,4.7172,5.4769000000000005,6.3131,9.3861,6.9737,7.8515000000000015,22.5584,8.831,3.9838000000000005,9.1951,6.6023000000000005,6.6160000000000005,5.652,13.034400000000002,8.3065,5.4584,6.9986,7.1255,9.2682,5.7959,2.7813,8.2589,5.2636,3.6885,6.2531,3.7824,4.13,8.8277,3.9838000000000005,4.654,6.6249,5.666600000000001,7.4314,5.3749,2.6162,7.040900000000001,5.9274,7.9022,5.6479,5.2874,6.0594,5.8179,5.0115,5.3646,6.7947999999999995,6.4254,6.0088,6.5312,1.9988,4.6701999999999995,2.8188,7.224,5.931800000000001,6.416499999999999,9.1792,4.2841,5.647400000000001,8.402899999999999,7.5972,6.671200000000001,3.7817000000000003,5.4524,7.211099999999999,7.537,3.9838000000000005,6.5463000000000005,8.473600000000001,6.686400000000001,3.9838000000000005,4.324,8.7021,5.4623,5.0992,5.2874,5.895,6.604100000000001,6.686400000000001,8.7577,7.178899999999999,5.9524,4.5098,11.5956,2.2378,3.9838000000000005,6.2561,3.9838000000000005,3.9838000000000005,7.1022,8.3768,5.3492,4.3889,4.6379,8.8825,3.0980999999999996,7.8395,7.546099999999999,6.9439,6.9589,4.7132,20.163800000000002,2.9483,6.7172,8.53,4.382899999999999,10.826,7.349500000000001,5.5939000000000005,3.9838000000000005,8.0139,3.2661,4.8758,5.202500000000001,6.3144,8.2643,7.7836,6.292999999999999,4.398,4.7842,6.686400000000001,7.4565,4.230899999999999,5.743,6.293099999999999,6.0837,10.8297,7.1118,7.150399999999999,6.8925,7.4478,8.9345,7.084900000000001,6.1143,8.1491,4.3309999999999995,6.258500000000001,2.9671,6.64,8.0714,7.0598,2.4869,5.3742,4.3432,13.206199999999999,3.4160999999999997,6.0793,7.805200000000001,6.1137999999999995,5.8988,6.181100000000001,6.2932,5.6483,7.654,7.9191,6.2055,5.1693,5.8302,6.830699999999998,7.6251999999999995,7.9432,3.1199000000000003,1.6339000000000001,10.8905,3.7626000000000004
2008-08-03,1116.2673000000002,556.4216,559.8457000000002,282.58500000000004,273.83660000000003,280.77169999999995,279.0739999999999,7.8176,4.608499999999999,5.1815999999999995,4.608499999999999,6.2951,5.004300000000001,5.6071,5.5036000000000005,3.611,7.3488,3.4497999999999998,6.980500000000001,8.1731,5.5546999999999995,4.8862,3.4869000000000003,3.4383000000000004,7.8548,4.9664,7.120500000000001,4.9338,6.217099999999999,4.608499999999999,7.4486,8.136699999999998,3.912,5.9498999999999995,4.171899999999999,3.338,5.0138,3.7435,5.620100000000001,3.2449999999999997,4.5452,3.9852,7.038099999999998,3.4869000000000003,4.0926,4.7126,5.4195,6.133099999999999,6.4375,7.8487,19.5818,7.5120000000000005,3.4869000000000003,4.1407,5.778500000000001,5.680400000000001,4.8690999999999995,13.400799999999998,7.706899999999999,4.7485,5.707,6.245299999999999,8.2434,4.9756,2.5839,8.080100000000002,5.264900000000001,3.1178,5.837899999999999,3.7036000000000002,3.9393,7.8745,3.4869000000000003,3.8132,6.1416,4.8622,6.78,6.1745,2.2514000000000003,5.979099999999999,5.114999999999999,7.246900000000001,4.961500000000001,4.608499999999999,5.4722,4.9204,4.4541,4.4001,5.8763,5.7904,5.007099999999999,5.409199999999999,1.7925,5.7917000000000005,2.49,5.8708,5.1851,6.561399999999999,9.3595,3.3594,4.8149,7.7040999999999995,6.6304,5.645,3.2055,5.4383,5.8079,6.7128000000000005,3.4869000000000003,5.0131,8.3889,5.8124,3.4869000000000003,4.3191,8.3447,4.4334,5.0847,4.608499999999999,5.2616000000000005,5.969500000000001,5.8124,7.2741999999999996,6.3899,5.5219000000000005,4.1190999999999995,6.8363000000000005,2.091,3.4869000000000003,5.4796,3.4869000000000003,3.4869000000000003,5.7753000000000005,7.0379,4.6629,3.7584000000000004,3.8845,7.460699999999999,2.5786,7.0564,7.0631,5.898899999999999,5.9685,4.1110999999999995,20.1057,2.7012,6.1732,7.6992,3.8714,10.7375,6.2524999999999995,5.6538,3.4869000000000003,6.827500000000001,2.6841,4.9459,4.2413,5.227600000000001,6.073900000000001,8.2154,5.8873999999999995,3.9385000000000003,4.1243,5.8124,6.9631,3.5785,4.9482,5.4645,5.583,5.3786,6.057500000000001,5.845000000000001,6.0762,6.0341000000000005,8.32,6.703,5.4607,6.9159,3.9051,5.2507,2.4218,5.5665000000000004,7.863899999999999,5.9228000000000005,2.0459,4.3807,3.9293,7.1529,2.9508,5.197900000000001,7.1466,5.3144,5.3092999999999995,5.728899999999999,5.788600000000001,4.8487,6.2422,7.0203999999999995,5.7912,4.5247,5.224,8.768999999999998,7.557600000000001,7.1501,3.4821999999999997,1.3939,10.2446,3.5690999999999997
2008-08-04,1486.2914999999998,741.6842999999998,744.6072,387.24679999999995,354.4375,370.36139999999995,374.2458000000001,7.7482999999999995,6.105,7.3537,6.105,8.1166,6.3953,11.1289,7.9385,5.0077,8.7898,4.3148,10.117899999999999,11.2685,13.989099999999997,5.786,4.7128,4.475099999999999,9.9484,6.9968,7.5229,6.3959,10.838000000000001,6.105,9.9128,10.721800000000002,5.908,8.6582,5.651999999999999,4.4916,7.0798000000000005,4.2825999999999995,6.8894,5.838299999999999,5.7497,5.4228000000000005,8.5963,4.7128,5.765,6.4698,7.440900000000001,7.089700000000001,9.0252,8.1432,24.751399999999997,13.6674,4.7128,6.7233,7.321299999999999,7.9597,7.101000000000001,4.9776,10.2366,5.9796,8.4894,8.6267,9.866100000000001,7.1647,2.9246,10.2715,5.3901,6.8434,7.6614,4.1717,5.2226,13.0643,4.7128,5.4765999999999995,7.0443,6.4931,9.0476,8.01,4.0870999999999995,8.0203,6.478299999999999,8.9707,7.302099999999999,6.105,7.400500000000001,7.5131,6.212400000000001,6.15,8.2003,7.47,6.926500000000001,8.0304,1.915,6.1235,3.4038000000000004,10.928999999999998,7.986800000000001,7.0539000000000005,10.3285,6.0486,6.696400000000001,9.038699999999999,7.6636999999999995,7.5964,4.1373999999999995,6.2387999999999995,8.7356,9.140600000000001,4.7128,7.5684000000000005,9.795900000000001,7.7957,4.7128,4.1533999999999995,11.072099999999999,5.5252,7.7814000000000005,6.105,6.985,9.1771,7.7957,13.1615,8.137,6.207699999999999,5.9679,8.5765,2.3081,4.7128,8.3481,4.7128,4.7128,8.6531,11.514100000000003,6.2467999999999995,4.7212,5.6547,9.439599999999999,3.883,8.7842,7.5018,7.2705,8.3441,5.660500000000001,20.3544,3.4709000000000003,7.8438,10.749200000000002,4.9334,11.420100000000001,7.867000000000001,6.9041,4.7128,10.4285,6.2634,4.9403,5.9350000000000005,7.6986,8.0279,12.5988,8.0924,6.517199999999999,5.591799999999999,7.7957,8.6342,5.2905999999999995,6.8146,7.8347,7.1379,8.3139,7.6076,8.8709,8.4671,9.5556,9.9344,6.6422,7.2798,8.442900000000002,5.3337,7.741300000000001,3.6875999999999998,7.0411,9.4953,7.4856,3.7381,6.6754,7.9312000000000005,14.128499999999999,3.8714000000000004,6.088,8.878900000000002,6.524299999999999,6.0934,7.1241,8.264399999999998,8.9968,7.2257,7.9990000000000006,9.343,6.1555,6.5903,7.563899999999999,8.1476,10.0546,2.9917,2.3415,12.4818,4.8019
2008-08-05,1534.5809999999997,765.8993999999998,768.6815999999999,396.7447000000001,369.1547,378.53979999999984,390.14179999999993,7.6244000000000005,6.2542,8.2673,6.2542,8.0835,6.7882,11.733900000000002,8.1211,4.9924,8.65,4.4741,10.2995,11.851600000000001,8.5074,5.863899999999999,4.7749,4.4954,10.6579,7.8903,7.8614999999999995,6.597900000000001,11.691300000000002,6.2542,10.0046,12.5756,7.941800000000001,7.851800000000001,5.5769,4.7338,7.987,4.1783,7.048300000000001,5.969900000000001,5.8218,5.5626999999999995,8.842400000000001,4.7749,6.0615000000000006,6.657,7.8233999999999995,7.3340000000000005,9.1496,8.1903,25.880000000000003,13.581499999999998,4.7749,7.148599999999999,7.805599999999999,8.2972,7.1822,4.5556,10.2522,6.6124,8.8741,8.9555,11.0504,7.2235,2.9124,10.527199999999999,5.5068,7.025,7.6494,4.182,5.3468,12.8478,4.7749,5.6242,7.1541,6.6758999999999995,9.3956,8.7162,4.2857,8.3326,7.0804,8.9155,7.5151,6.2542,7.7379,7.418799999999999,6.485200000000001,6.9275,8.9605,7.5326,7.0045,7.6739,1.9973,7.968999999999999,3.5267,12.360600000000002,9.5462,7.0120000000000005,10.2467,6.4498,7.1627,8.9574,8.2292,7.9909,4.2089,6.3758,9.1351,9.693999999999999,4.7749,8.9789,9.934899999999999,7.950000000000001,4.7749,4.0509,11.3515,5.7059,6.143699999999999,6.2542,7.0298,11.5384,7.950000000000001,13.7933,8.2105,6.3803,5.9833,10.927299999999999,2.2933,4.7749,8.537799999999999,4.7749,4.7749,9.115300000000001,8.398499999999999,6.4923,4.8472,5.8069,9.588700000000001,4.1685,9.0481,7.5232,7.6189,10.1787,5.7068,19.5591,3.6318,8.7329,11.4815,5.3064,11.6305,8.131,6.3262,2.7384000000000004,10.122599999999998,5.468999999999999,4.919700000000001,7.441000000000001,7.9741,7.497999999999999,10.3092,8.841000000000001,6.6655999999999995,6.0017,7.950000000000001,8.921800000000001,5.5694,6.7634,7.9581,7.3808,11.2714,7.7103,9.3776,8.725000000000001,9.548200000000001,9.8904,7.7761,6.8096,9.4581,5.3935,8.1091,3.778599999999999,7.1487,9.7906,7.7637,3.9605,6.9076,8.2593,15.718200000000001,4.581799999999999,7.0583,9.212499999999999,6.665899999999999,6.214300000000001,7.3424,8.402,9.4113,7.4041999999999994,8.17,11.3685,6.9603,6.7544,7.0966000000000005,8.2528,10.7145,2.9762000000000004,2.4824,12.8156,5.0023
2008-08-06,1590.1604000000002,790.8053000000003,799.3550999999999,405.4678,385.33750000000003,399.2933,400.06180000000006,7.6292,6.3799,7.876299999999999,6.3799,8.246599999999999,6.792199999999999,10.9652,8.7713,5.1258,8.815900000000001,4.6907,10.5685,11.4179,8.6131,5.8595999999999995,4.9044,4.615600000000001,11.7735,7.8976,7.5116,9.412,11.4961,6.3799,10.4743,12.083499999999999,7.5535000000000005,7.336399999999999,5.6787,5.136100000000001,7.721299999999999,4.3439,7.178,6.2165,5.9058,5.736000000000001,9.6119,4.9044,6.3617,6.9126,7.8947,7.637099999999999,9.1755,8.865199999999998,25.1902,15.3457,4.9044,7.1633000000000004,8.302800000000001,8.3749,7.3366,4.6189,11.2537,6.403300000000001,9.0046,9.0197,11.287700000000001,7.307,3.2119,10.669799999999999,5.4655000000000005,7.8962,7.791,4.204000000000001,5.3332999999999995,14.335,4.9044,5.6042000000000005,9.094199999999999,6.7683,9.4261,8.6333,4.2499,8.6,6.7224,8.937899999999999,7.1992,6.3799,8.1347,7.5534,6.5691,7.19,8.476199999999999,7.7082,7.523200000000001,9.670200000000001,2.0246,7.0016,3.6189999999999998,12.6294,13.738199999999999,8.549299999999999,10.1873,7.6804,7.208099999999999,9.0877,8.2263,8.2474,4.3934999999999995,6.372,9.2263,9.9079,4.9044,8.2943,10.0391,8.1371,4.9044,4.0993,11.5278,5.7813,6.1103000000000005,6.3799,7.1368,10.996200000000002,8.1371,14.377500000000001,8.4073,6.516,6.0715,12.217300000000002,2.3327999999999998,4.9044,8.271,7.4857,4.9044,9.3887,22.8674,6.5316,4.9929,5.9547,9.576799999999999,4.2428,9.3068,7.631599999999999,7.8919,9.500599999999999,5.8446,19.9211,3.5846,8.7817,11.4958,5.1148,12.3914,8.073599999999999,6.3721,2.6218,9.7005,6.526400000000001,4.9686,6.084899999999999,8.0818,7.9451,12.459299999999999,9.264,6.764999999999999,6.603899999999999,8.1371,8.9359,5.7355,7.021100000000001,8.1236,7.3248999999999995,12.9148,8.3027,9.8034,8.8618,9.783100000000001,10.1173,6.6718,6.9315,9.2457,5.5017,8.1849,3.875,7.290799999999999,9.9013,7.7879,4.0431,6.9657,5.9011,15.737400000000001,4.5314,8.9553,9.314499999999999,6.7443,6.4087,7.2919,8.530100000000001,10.452000000000002,7.6480999999999995,8.3276,12.088600000000001,7.6579999999999995,6.9505,7.208400000000001,8.3498,10.1376,3.0315000000000003,2.5176,12.904399999999999,4.8751
2008-08-07,1640.9501999999998,826.7080000000001,814.2421999999996,423.8158,402.8922000000001,399.5275999999998,414.71460000000013,7.6358,6.4807,8.2154,6.4807,8.3128,6.9106,15.3235,8.408000000000001,5.2219,9.5564,4.932600000000001,10.6873,12.316500000000001,8.7936,5.934800000000001,4.980499999999999,4.7692,10.895399999999999,7.8344,7.6578,9.9835,13.333799999999998,6.4807,10.4197,13.1223,7.3341,7.1465,6.8463,5.186699999999999,7.9066,4.4983,7.3458000000000006,6.1348,6.056100000000001,7.4173,10.4283,4.980499999999999,6.214600000000001,7.2035,8.1695,7.8255,10.347000000000001,8.5023,26.127499999999998,14.8866,4.980499999999999,7.2022,10.3287,8.5899,7.4688,4.601100000000001,9.9437,9.9276,11.1347,9.363399999999999,12.1464,7.617900000000001,2.9837999999999996,11.0005,5.7002999999999995,7.8165000000000004,7.792300000000001,4.2015,5.4009,13.8246,4.980499999999999,7.6923,9.5198,6.793100000000001,10.920099999999998,9.1552,4.3108,8.5577,7.0222,9.372900000000001,10.4576,6.4807,8.0505,7.554700000000001,6.6656,8.532,8.3289,7.7776,9.6363,8.6951,2.0998,6.4854,3.6422,14.2333,9.6958,7.4024,10.3014,7.7098,7.5709,10.638,8.4749,8.6475,4.5411,6.4382,11.052699999999998,10.4296,4.980499999999999,8.8452,10.257200000000001,8.2622,4.980499999999999,4.3104,11.7065,5.9674,6.1593,6.4807,7.4746,9.065100000000001,8.2622,15.2302,8.6526,6.6103000000000005,6.2347,11.5546,2.3849,4.980499999999999,9.4003,7.686100000000001,4.980499999999999,11.6966,8.831000000000001,6.6739999999999995,5.13,6.0728,9.924,4.1837,10.0549,7.920999999999999,8.909500000000001,9.8964,6.0511,18.4192,3.6838999999999995,8.212299999999999,10.9093,5.1078,12.6878,8.555299999999999,6.4346,2.6332,10.3033,9.0291,5.0241999999999996,6.894100000000001,11.392399999999999,9.6925,11.6882,10.545,6.8447,8.9679,8.2622,9.3956,5.6995,6.6357,8.2224,7.767899999999999,12.033999999999999,8.805399999999999,9.745000000000001,8.932,11.7152,10.949000000000002,6.5518,7.1166,9.8418,5.5845,8.888,3.8281,7.4874,9.9647,7.8237000000000005,4.061599999999999,7.1973,5.8111999999999995,16.592100000000002,4.2442,11.2435,9.447299999999998,7.1018,6.458,7.3407,8.5829,9.33,7.6495999999999995,8.618500000000001,13.747000000000002,7.583900000000001,7.0588999999999995,7.515300000000001,8.568,10.9708,3.2138,2.6143,12.1228,4.6523
2008-08-08,1747.1793000000002,871.5633000000003,875.616,449.4941,422.0692000000002,419.8604,455.7556,7.8844,6.6942,8.5136,6.6942,8.7356,7.3565000000000005,22.9283,8.3658,5.2928999999999995,10.8855,5.0572,12.8105,14.271999999999998,9.0734,5.9353,5.1269,4.863099999999999,11.7374,7.9510000000000005,7.8889,7.5567,12.75,6.6942,11.1167,14.1519,6.4384999999999994,6.7877,5.9261,5.1698,9.8793,5.3106,7.380400000000001,6.0326,6.084,6.0573999999999995,9.9343,5.1269,6.3818,7.3464,10.325099999999999,12.3332,9.0877,8.6593,25.7535,17.5343,5.1269,6.9561,13.2192,8.7236,7.5832,9.4093,9.7274,13.5338,11.7139,9.157,13.4085,7.672499999999999,3.0929,11.0702,5.8421,8.1885,7.8245,4.1842,5.4825,15.389399999999998,5.1269,6.0123,7.9406,6.998600000000001,12.8429,10.0769,4.3271999999999995,9.7648,7.0962,9.5089,13.232299999999999,6.6942,7.5385,6.99,6.7417,10.196,8.1837,7.8018,7.6317,7.9749,3.0349,7.1547,3.5559000000000003,18.0225,8.418600000000001,7.8141,10.7747,6.1977,7.7979,9.6481,9.6743,8.7712,4.7943,6.3887,11.6448,11.799199999999999,5.1269,9.173000000000002,10.38,8.3396,5.1269,4.708600000000001,12.1135,6.2813,6.1394,6.6942,7.700100000000001,7.8124,8.3396,19.4335,9.0847,6.7814000000000005,6.2446,18.601,2.4236,5.1269,8.625399999999999,8.311800000000002,5.1269,12.601300000000002,10.026,6.8788,5.2436,6.236800000000001,10.2028,4.088,9.5286,8.3905,8.5502,12.6933,6.1904,18.769199999999998,3.7211999999999996,8.2719,10.500699999999998,5.348000000000001,13.614,9.2307,6.450899999999999,5.1269,9.3433,6.463,5.1793000000000005,6.359,11.3575,12.3674,14.4524,9.8654,7.0523,8.4491,8.3396,9.1227,5.464,6.866700000000001,8.3879,9.4147,24.3354,8.988,9.357700000000001,9.2752,12.575000000000001,10.503499999999999,13.7758,7.680400000000001,11.264299999999999,5.6225000000000005,9.8716,3.7272,7.910399999999999,10.973,8.004000000000001,4.1633000000000004,7.2973,7.2475,19.5601,4.1638,13.4972,9.961,7.293900000000001,6.9105,7.0069,8.3788,10.2959,7.574800000000001,9.5444,12.337099999999998,8.425899999999999,7.217499999999999,8.2896,8.9245,10.610299999999999,3.5635000000000003,2.6673,12.3546,4.8237000000000005
2008-08-09,1276.9566,636.2543000000001,640.7022999999999,329.5746,306.6796999999999,323.22090000000003,317.4814000000002,6.2088,5.2874,6.213,5.2874,7.146400000000001,5.8955,7.9462,6.3032,4.2519,7.933000000000001,4.0414,7.8078,12.237300000000001,6.525399999999999,5.0202,3.9838000000000005,3.9844,8.857800000000001,6.1892000000000005,7.1787,5.8491,7.0015,5.2874,8.113199999999999,8.233999999999998,4.5181000000000004,5.8744000000000005,4.655200000000001,3.9470000000000005,6.0187,4.2705,6.1314,3.8498,4.771800000000001,4.7172,8.165500000000002,3.9838000000000005,4.7581,5.5213,6.4516,12.5245,7.0312,8.044599999999999,21.852,10.570899999999998,3.9838000000000005,6.2058,6.479900000000001,6.690799999999999,5.7727,11.043000000000001,8.3711,5.4023,7.1384,7.3248,11.366999999999999,5.8485,2.8455000000000004,8.6177,5.2968,3.7196,6.200200000000001,3.8266,4.1127,9.8798,3.9838000000000005,4.5776,6.878299999999999,5.7219,7.385,7.5867,2.6665,7.1147,5.6738,7.8096,5.5037,5.2874,6.026000000000001,5.6927,5.124,5.4022,6.5063,6.125500000000001,5.9037,6.416799999999999,1.9459,4.6826,2.6982999999999997,7.1742,6.0083,7.4854,8.8686,4.1656,5.7279,8.5525,7.7039,6.671200000000001,3.8272,5.484,7.3039,9.2095,3.9838000000000005,6.8882,8.6847,6.686400000000001,3.9838000000000005,4.2613,8.957,5.0443999999999996,5.1711,5.2874,5.909,6.5433,6.686400000000001,8.757200000000001,7.6898,5.9521,4.5275,12.0867,2.3430999999999997,3.9838000000000005,6.4765,7.2666,3.9838000000000005,7.223999999999999,8.1199,5.4548000000000005,4.2806999999999995,4.5578,8.7266,2.9590000000000005,7.8013,7.634600000000001,6.9015,6.8885000000000005,4.8278,18.2761,3.0128,6.7641,8.5022,4.3306,11.731,7.499699999999999,5.7781,3.9838000000000005,7.8667,3.2094000000000005,4.9604,5.0784,6.4877,5.500299999999999,7.811,3.8313999999999995,4.4461,6.5069,6.686400000000001,7.3093,4.1238,5.2142,6.455299999999999,6.4945,11.866699999999998,6.929600000000001,7.1146,6.9378,7.687399999999999,9.0577,10.756599999999999,5.7752,8.2521,4.322800000000001,6.3093,2.7904999999999998,6.3053,8.3874,6.8071,2.4292000000000002,5.1886,3.9932000000000003,12.422400000000001,3.3209,6.143300000000001,7.876999999999999,5.8247,5.8658,6.0557,6.2674,5.4999,6.9411,8.0015,5.0151,5.2183,5.8236,7.0368,7.4126,7.8698,3.2443999999999997,1.6659,11.1114,3.5735
2008-08-10,1117.7006999999996,553.2047999999998,564.4958999999999,280.32929999999993,272.8755,286.04009999999994,278.45580000000007,8.4586,4.608499999999999,5.167,4.608499999999999,6.1535,4.9718,5.9434000000000005,5.2556,3.5826000000000002,7.3259,3.3925,6.6604,8.5988,5.5534,4.8889,3.4869000000000003,3.5085999999999995,7.827,5.084700000000001,7.205299999999999,4.9696,6.2323,4.608499999999999,7.270300000000001,7.4222,3.9022,5.4475,4.2898,3.2172,4.7974,3.7621,5.6095,3.1601,4.3834,3.9438999999999997,6.969100000000001,3.4869000000000003,4.0898,4.5893,5.256600000000001,6.1881,6.467700000000001,7.0802,19.7471,7.116199999999999,3.4869000000000003,4.7109000000000005,5.3671999999999995,5.491899999999999,4.983499999999999,7.7707,7.677300000000001,4.6076,5.7613,6.263000000000001,9.139800000000001,5.0489,2.7733999999999996,8.1699,5.0418,3.0999000000000003,5.659800000000001,3.6546,3.8721,7.569699999999999,3.4869000000000003,3.8521,6.277,4.9425,6.6282,5.2168,2.1209000000000002,5.9862,4.953900000000001,7.4378,4.8645,4.608499999999999,5.5012,4.839699999999999,4.4305,4.3871,5.6643,5.8924,4.9905,5.3318,1.7157,3.7247,2.4218,5.9278,5.157,13.605899999999998,9.8295,3.4108,4.803,7.852499999999999,6.817699999999999,5.645,3.1776,5.3332999999999995,5.9306,7.8742,3.4869000000000003,5.1281,8.4841,5.8124,3.4869000000000003,4.293200000000001,8.4772,4.889200000000001,5.0662,4.608499999999999,5.1424,5.801500000000001,5.8124,7.1966,6.589,5.3501,4.096,6.6423,2.0347999999999997,3.4869000000000003,5.5167,6.654999999999999,3.4869000000000003,5.7997,10.956,4.4803,3.6575,3.9004000000000003,7.3241,2.5609,6.944799999999999,7.017799999999999,5.8433,5.7195,4.193,17.5458,2.581,6.0564,7.546900000000001,3.7823999999999995,11.1401,6.553400000000001,5.712300000000001,3.4869000000000003,6.932,2.6832,4.908799999999999,4.1697,5.126399999999999,5.088000000000001,7.3081000000000005,3.3238999999999996,4.1167,5.6981,5.8124,6.6770000000000005,3.5859,4.5092,5.615900000000001,5.974,5.1525,5.9414,5.8809,6.1465,6.0858,8.2722,14.593,4.9526,7.2875000000000005,3.9739999999999998,5.1676,2.3989000000000003,5.508800000000001,7.9792,5.774000000000001,2.0035,4.1721,3.7714000000000003,7.008800000000001,2.7985,4.998200000000001,7.0174,5.1232,5.1802,5.7436,5.7623,4.6423000000000005,6.4672,6.933600000000001,4.4039,4.277900000000001,5.2347,7.6081,7.1256,7.0839,3.3873999999999995,1.4736999999999998,10.191199999999998,3.223
2008-08-11,1485.1697,742.7021,742.4676,383.26090000000005,359.44120000000004,371.9198999999999,370.5476999999999,7.276199999999999,6.105,7.455699999999999,6.105,7.5596,6.5114,8.7425,8.5141,4.8736999999999995,8.5667,4.371,10.362499999999999,11.046299999999999,8.157499999999999,5.7168,4.7128,4.5298,10.4465,7.065299999999999,7.9974,7.5903,9.8359,6.105,9.926100000000002,11.937100000000001,6.818099999999999,5.471299999999999,5.5524000000000004,5.6734,7.8515,4.416600000000001,6.9174,5.8392,5.7295,5.7917000000000005,8.7495,4.7128,5.8279,6.5154,7.5056,7.018400000000001,8.861600000000001,7.8559,25.1223,14.7642,4.7128,7.3415,7.2799000000000005,8.360299999999999,7.0615000000000006,4.3248999999999995,9.2416,5.982900000000001,8.4496,8.6273,10.0743,7.106800000000001,2.9509,10.2088,5.390000000000001,6.8834,7.5664,3.9898,5.029,13.8438,4.7128,5.49,7.971500000000001,6.3106,8.56,6.8454,4.0945,7.981,6.498200000000001,9.1939,6.8276,6.105,7.318899999999999,6.6323,6.226100000000001,6.4914000000000005,8.246699999999999,7.5899,7.5753,9.7233,1.9554,8.2031,3.3670999999999998,12.5537,8.5138,7.2363,10.7406,5.8321,6.8894,8.959900000000001,8.473500000000001,7.5964,4.1378,6.2177999999999995,8.7004,9.6585,4.7128,7.8959,9.751299999999999,7.7957,4.7128,4.086,10.8781,5.9787,5.8492,6.105,7.150399999999999,10.1852,7.7957,13.8448,8.2692,5.9376999999999995,5.9779,9.470099999999999,2.308,4.7128,8.2217,7.115600000000001,4.7128,8.7325,8.113900000000001,6.3792,4.679500000000001,5.651199999999999,9.146700000000001,4.3915,8.802999999999999,7.6328,7.3153,10.3396,5.672499999999999,19.8126,3.5001999999999995,8.2426,10.869900000000001,4.779,13.7553,8.0931,6.1761,4.7128,8.1918,5.1768,4.963699999999999,5.935,7.727399999999999,6.4379,10.181600000000001,4.8034,6.4947,8.3849,7.7957,8.6629,5.3197,6.196,7.8034,7.6225,9.1583,7.561399999999999,9.113199999999999,8.3646,9.060200000000002,9.8492,6.589,6.7222,8.8138,5.3125,7.6906,4.7859,7.3666,9.4542,7.2854,3.8026999999999997,6.53,8.0662,15.058000000000002,3.9495,6.9178999999999995,8.9087,8.4662,5.8418,6.7379999999999995,8.295,8.9983,7.306900000000001,8.0121,6.1278,6.428700000000001,6.5230999999999995,7.7904,8.2127,10.012,3.0176999999999996,2.2032000000000003,12.0328,4.478200000000001
2008-08-12,1549.7111,775.5334999999998,774.1776000000001,404.4469,371.0866,385.7828999999999,388.39470000000006,7.6006,6.2542,7.699400000000001,6.2542,7.7534,6.8214999999999995,12.1842,9.2935,5.0145,8.780000000000001,4.5304,10.3844,10.1685,8.477,6.074400000000001,4.7749,4.5562000000000005,10.9957,7.5625,7.371,9.0193,11.775099999999998,6.2542,10.436699999999998,11.3213,6.4184,6.202999999999999,8.4248,4.8058,7.9813,4.3370999999999995,7.3683000000000005,6.0968,5.8454,5.804499999999999,9.6432,4.7749,6.0761,6.7951,7.759499999999999,7.6141,9.0385,8.104800000000001,26.1304,15.821900000000001,4.7749,7.171,7.796500000000001,8.525200000000002,9.7783,4.517799999999999,10.1892,7.047700000000001,9.394200000000001,9.0795,10.408999999999999,7.383699999999999,2.706,10.474599999999999,5.4394,7.376099999999999,7.2279,3.9932000000000003,5.4023,13.1996,4.7749,5.6738,9.1256,6.5975,9.1911,7.0781,4.0276,8.2963,6.7493,9.038699999999999,6.9898,6.2542,8.34,7.5947,6.465000000000001,7.365099999999999,9.3004,7.5699000000000005,7.730300000000001,7.654699999999999,2.0576,8.499500000000001,3.5259,12.6786,9.172400000000001,6.750100000000001,9.030999999999999,7.0545,7.070500000000001,9.724,8.288799999999998,7.9909,4.1879,5.815199999999999,9.5825,9.493400000000001,4.7749,9.2148,9.7707,7.950000000000001,4.7749,4.0342,11.059099999999999,6.011699999999999,6.0815,6.2542,9.6243,11.033299999999999,7.950000000000001,14.1582,8.2806,6.1248000000000005,5.8568,10.265699999999999,2.2783,4.7749,9.9574,6.6608,4.7749,9.675899999999999,10.7016,6.7517,4.8629,5.852600000000001,9.5667,3.9777,9.1145,6.8787,8.477,10.0186,5.7498000000000005,19.9319,3.3891999999999998,8.395800000000001,11.369399999999999,4.8518,12.0287,8.1696,6.4429,2.9688,10.024000000000001,5.8533,4.684799999999999,6.2802,8.6054,9.7118,10.514700000000001,6.7594,8.0162,8.157399999999999,7.950000000000001,8.8518,5.4545,6.5608,9.5162,7.1373,10.9792,8.476600000000001,9.451600000000001,8.7093,10.1736,10.3233,7.2568,7.0541,9.0204,5.4576,8.1256,3.6506,7.1106,9.585,7.606399999999999,3.9926,6.933400000000001,6.4124,15.4727,4.2134,8.295,9.0587,6.6141000000000005,5.8609,6.6524,7.7113000000000005,9.3684,7.7936000000000005,7.975,7.9266000000000005,6.586,6.6704,7.3433,8.3859,10.511700000000001,3.0317,2.4543,11.811900000000001,5.7082
2008-08-13,1588.1178999999988,797.0546999999993,791.0631999999996,410.98319999999984,386.0715000000001,389.6777999999999,401.38540000000006,7.5724,6.3799,7.9256,6.3799,7.8292,6.731000000000001,14.005100000000002,8.493500000000001,5.0774,8.829799999999999,4.579,10.6888,10.5497,8.6621,5.9447,4.9044,4.604799999999999,10.9862,7.5459,7.4033999999999995,7.2496,12.6369,6.3799,11.002199999999998,13.329799999999999,6.5493,7.7222,5.9422,4.9387,7.9171,4.4513,7.263699999999999,6.2059,6.0386,6.4855,10.1724,4.9044,6.220599999999999,6.9314,7.9054,7.414000000000001,9.784899999999999,7.945,26.795099999999998,14.9756,4.9044,9.9847,7.936299999999999,8.5509,7.352399999999999,4.4756,13.914,7.423300000000001,9.0637,9.8611,9.7776,7.3887,2.9058,10.931700000000001,5.3162,7.3887,7.8298000000000005,4.1112,5.356199999999999,13.904200000000001,4.9044,6.0603,7.7794,6.6197,9.7012,8.111600000000001,4.2156,8.6364,6.8864,9.164399999999999,8.4867,6.3799,7.830900000000001,7.770300000000001,6.5440000000000005,6.716800000000001,9.3423,7.809099999999999,8.7274,7.8252999999999995,2.0726,9.1008,3.5608000000000004,14.4247,10.422799999999999,6.8424,10.163599999999999,6.392799999999999,7.2359,10.379299999999999,8.012599999999999,8.2474,4.3272,6.3254,9.4033,10.066500000000001,4.9044,8.253900000000002,10.1369,8.1371,4.9044,4.0389,11.3048,6.1434,6.0404,6.3799,7.2341999999999995,10.5369,8.1371,15.0622,8.3907,6.255800000000001,6.148,12.2876,2.4206000000000003,4.8105,8.4295,7.4235999999999995,4.9044,9.385,9.2473,6.604100000000001,4.949400000000001,6.0531999999999995,9.5418,4.2009,9.6304,7.619,8.4598,9.83,5.9305,20.4379,3.5466,8.388399999999999,11.306899999999999,4.8412,12.290199999999999,8.4041,6.310199999999999,4.9044,10.1191,5.9204,4.9674,6.161099999999999,8.2768,8.1151,10.6723,7.829700000000001,6.8947,8.5317,8.1371,9.148499999999999,5.461,6.566400000000001,8.1099,7.8162,13.1562,9.6531,9.663499999999999,8.7629,9.9627,11.1813,7.6190999999999995,7.4456,10.4825,5.4536,8.233699999999999,4.2753,8.1203,9.7202,7.7255,4.0885,7.0396,5.8076,17.0452,4.1312,7.7677,9.229800000000001,6.953199999999999,6.3389,7.247300000000001,8.7212,9.6537,8.3765,8.4525,9.108600000000001,7.3551,6.952299999999999,7.367800000000001,8.2156,10.220099999999999,2.9614000000000003,2.4135999999999997,11.6297,5.5702
2008-08-14,1652.5343000000003,820.6365000000003,831.8977999999998,422.8926000000001,397.74389999999994,404.2387,427.6591,9.4508,6.4807,8.1233,6.4807,8.244200000000001,7.1392,15.9505,8.6474,5.2546,8.9119,4.8369,10.7001,10.7171,8.7532,6.0853,4.980499999999999,4.705,11.123899999999999,7.974599999999999,7.6247,6.6125,12.9568,6.4807,11.5156,11.450099999999999,7.6133,5.7055,6.5869,4.9148,8.097100000000001,4.5889,7.221,6.191700000000001,6.632899999999999,6.2301,10.240400000000001,4.980499999999999,6.308999999999999,6.9415,8.7082,7.491900000000001,9.633,8.8317,26.6466,18.8559,4.980499999999999,7.3411,10.8363,8.7202,7.393299999999999,6.499,14.8246,6.592,10.0181,9.3825,12.8671,7.4704,2.956,10.9547,5.556,7.1049999999999995,7.8127,4.1325,5.4962,16.6,4.980499999999999,5.9220999999999995,7.389799999999999,6.7707,9.5238,6.9085,4.4515,9.7184,6.987100000000001,9.422699999999999,7.540799999999999,6.4807,8.0484,7.5642000000000005,6.6951,7.6362,9.016,8.0851,8.386700000000001,9.906500000000001,2.1445,8.985600000000002,3.6504000000000003,13.296000000000001,9.4363,7.0266,11.441600000000001,7.3246,7.4208,9.369599999999998,8.160499999999999,8.6475,4.520899999999999,6.4146,10.2028,10.3304,4.980499999999999,8.25,10.1909,8.2622,4.980499999999999,4.6186,11.7681,5.9824,6.2272,6.4807,7.3324,12.136800000000001,8.2622,15.0225,8.9038,6.517499999999999,6.2358,13.8068,2.4055999999999997,4.7339,8.625499999999999,7.5266,4.980499999999999,10.248899999999999,9.3289,6.82,5.039899999999999,6.200200000000001,9.6492,4.1706,10.0502,7.8508000000000004,9.0028,10.1776,6.0076,21.5385,3.8772,8.440199999999999,11.468599999999999,5.197699999999999,13.5601,8.6008,6.4734,2.8614,9.9499,8.7851,5.0636,6.2185,9.095600000000001,7.6270999999999995,12.660899999999998,8.5067,7.005999999999999,8.9252,8.2622,9.2782,5.6919,6.422599999999999,8.1414,8.0006,16.4467,8.9533,11.570699999999999,8.889,10.8842,10.280999999999999,6.5874,8.6726,10.818200000000001,5.6677,8.3412,3.8171000000000004,7.4857,10.014500000000002,7.840800000000001,4.1172,7.4068,17.044800000000002,16.688,4.6638,11.246200000000002,9.5092,6.9668,6.398999999999999,7.286300000000001,8.6157,9.6039,7.5443999999999996,8.583400000000001,9.568000000000001,7.242699999999999,6.989,7.5349,8.6317,11.1215,3.2925000000000004,2.6182,12.854899999999999,5.3373
2008-08-15,1709.4771,860.2693000000003,849.2077999999998,448.40540000000004,411.86389999999994,413.55280000000016,435.655,7.8609,6.6942,8.596300000000001,6.6942,8.1228,7.311299999999999,22.3528,8.717299999999998,5.2529,9.0475,5.0389,11.3614,13.1555,9.1218,6.0,5.1269,4.7646,11.8022,8.229299999999999,7.7904,9.199900000000001,14.0747,6.6942,10.4118,16.840799999999998,8.529,7.9085,5.7039,5.8467,7.9395,5.862,7.323400000000001,6.2105,6.2540000000000004,6.1158,10.0946,5.1269,6.5587,7.194100000000001,8.2933,10.699300000000001,9.5793,7.912700000000001,25.9914,21.2449,5.1269,7.1302,9.0876,8.901299999999999,7.5083,4.8528,9.8661,9.2931,11.6126,9.432300000000001,10.6379,7.5062999999999995,3.0191,11.193200000000001,5.6855,7.755700000000001,8.078600000000002,4.1297999999999995,5.586,18.3534,5.1269,6.053700000000001,8.9126,6.984399999999999,11.0758,7.396899999999999,4.2751,8.8871,7.1029,9.5487,13.872,6.6942,7.765699999999999,7.272,6.944800000000001,9.349,8.3521,8.3063,7.756600000000001,9.625399999999999,2.2816,9.0206,3.6635999999999997,17.904400000000003,8.366,7.416,10.3248,6.524,7.677300000000001,9.6517,9.363299999999999,8.7712,4.6328,6.3588,11.603200000000001,11.6142,5.1269,8.7386,10.455200000000001,8.3396,5.1269,4.7059,12.3629,6.3016,6.2238,6.6942,7.4917,8.251100000000001,8.3396,18.7215,9.2075,6.918900000000001,6.3939,16.4067,2.4887,5.1269,8.4931,8.2833,5.1269,11.5334,10.4036,6.977799999999999,5.3103,6.3182,10.23,4.1800999999999995,9.5266,8.264600000000002,8.4137,9.3367,6.0199,21.5061,3.6541,8.3607,11.201899999999998,5.437,13.0899,9.398299999999999,6.5436000000000005,2.7352,9.3351,6.3042,5.2307,6.4758,10.8257,11.1486,12.099,7.7951,7.0845,8.699,8.3396,9.378,5.593,6.664899999999999,8.258700000000001,7.8105,19.438299999999998,9.3876,9.8124,9.1365,12.242800000000003,10.5927,7.871600000000001,7.8189,11.714,5.7706,9.162500000000001,3.8677,8.0351,11.0487,8.0749,4.225099999999999,7.4145,6.8022,18.7695,4.3802,14.3275,10.878599999999999,7.483099999999999,6.634600000000001,7.236700000000001,8.5268,9.3354,7.7501999999999995,9.331999999999999,9.1618,7.1324000000000005,7.0552,7.9026000000000005,8.9984,11.4824,3.5892,2.688,12.887899999999998,4.8155
2008-08-16,1368.0490999999997,687.0623999999999,680.9866999999999,355.0963999999999,331.966,346.5363,334.4504,6.615200000000001,5.2874,6.4649,5.2874,8.030000000000001,6.171700000000001,20.8175,6.5684000000000005,4.306299999999999,8.016300000000001,4.174300000000001,8.488900000000001,11.0744,7.0359,5.1868,3.9838000000000005,4.0796,9.3991,6.5978,7.3218000000000005,6.0412,7.172700000000001,5.2874,8.3052,8.963099999999999,6.096399999999999,5.8001,4.738899999999999,4.0269,6.201699999999999,4.2818,6.267799999999999,3.9612000000000003,4.9367,4.9677,8.2096,3.9838000000000005,5.1921,5.7056,6.6362,10.357199999999999,7.0945,7.6274,23.2849,14.9453,3.9838000000000005,6.500500000000001,6.7771,6.9381,5.904,21.342000000000002,8.4044,5.683199999999999,7.4404,7.655899999999999,14.6533,5.9643,2.9301,9.0196,5.1545,3.8891999999999998,6.923299999999999,3.8954999999999997,4.146,12.487100000000002,3.9838000000000005,4.8343,6.978400000000001,5.834,7.639799999999999,6.9351,2.7817,7.4094999999999995,5.8766,8.107700000000001,5.6207,5.2874,6.1636999999999995,5.9796,5.1478,5.568,6.7726,6.2309,6.2701,6.471500000000001,2.0768,7.3978,2.8697,7.6219,6.2841,6.4072,9.4561,4.3604,5.9665,8.5959,7.628900000000001,6.671200000000001,3.9308,5.5306,7.6861,9.351,3.9838000000000005,7.194500000000001,8.983,6.686400000000001,3.9838000000000005,4.4028,9.5616,5.0603,5.3468,5.2874,5.999099999999999,6.8999999999999995,6.686400000000001,10.363,7.5282,6.1608,4.5565999999999995,14.944899999999997,2.1991,3.9838000000000005,6.516300000000001,7.3133,3.9838000000000005,7.5612,19.7102,5.6849,4.4224,4.7006,8.867799999999999,3.0168,7.903899999999999,7.6823,7.023,7.269500000000001,4.8962,18.9647,3.069,6.7735,9.006499999999999,4.2934,13.0401,7.5672999999999995,5.828900000000001,3.9838000000000005,8.190000000000001,3.313,4.9422999999999995,5.1864,6.6619,12.175800000000002,9.206499999999998,3.7803999999999998,4.548,6.6373,6.686400000000001,7.642499999999999,4.2417,5.3317,6.6066,6.6419,17.7601,7.180400000000001,7.1367,7.454199999999999,7.888800000000001,9.0811,6.6930000000000005,6.0494,8.405000000000001,4.4077,6.658,2.8735,6.5949,8.8245,7.0115,2.5787999999999998,5.4896,4.4821,12.179300000000001,3.4275,6.237699999999999,8.0382,6.0632,5.8614,6.218999999999999,6.3278,5.5867,6.990200000000001,8.0917,5.1284,5.3969,6.0710999999999995,7.2995,7.6889,7.8463,3.3731999999999998,1.7942,10.6233,4.1377999999999995
2008-08-17,1128.0664000000002,562.5864,565.4800000000001,292.75939999999997,269.82699999999994,287.7066,277.7734,9.746599999999999,4.608499999999999,5.2848,4.608499999999999,6.2508,5.2684,6.702399999999999,5.4193,3.5445,7.2622,3.6212999999999997,6.9825,13.074600000000002,5.9041999999999994,5.3313,3.4869000000000003,3.5208,7.626899999999999,5.1131,7.197300000000001,5.0907,6.0155,4.608499999999999,7.4609,7.763599999999999,3.9358,6.212,4.3146,3.2123,4.9099,3.8278000000000003,5.579700000000001,3.3387,4.598599999999999,3.9409,6.8861,3.4869000000000003,4.2551,4.6075,5.5274,6.139,6.5388,7.7017,19.9624,7.7343,3.4869000000000003,4.7787,5.67,5.6738,4.9464,4.1325,7.529,4.7867,5.973599999999999,6.517099999999999,8.389,5.0206,2.7679,8.206499999999998,4.1234,3.1557000000000004,5.847799999999999,3.6896,3.9581000000000004,7.9039,3.4869000000000003,3.8677,6.351699999999999,5.1146,6.8365,7.6484000000000005,2.2367,6.6615,5.0725,7.324300000000001,4.887,4.608499999999999,5.587999999999999,5.0056,4.525600000000001,4.5267,5.9192,5.8363,5.0062,5.2165,1.7727,4.601,2.4947,5.8776,5.364800000000001,6.7629,12.032300000000001,3.5006999999999997,4.8696,7.7577,6.578200000000001,5.645,3.3441,5.3356,6.1683,7.9449,3.4869000000000003,5.9531,8.4931,5.8124,3.4869000000000003,4.4954,8.4922,4.6152,5.3383,4.608499999999999,5.2951,5.9735,5.8124,7.2649,6.6631,5.4883,4.1475,7.884799999999999,2.2268,3.4869000000000003,5.5968,6.6853,3.4869000000000003,6.0906,6.9044,4.7977,3.6605,4.7259,7.74,2.5938,5.9703,7.0314,5.914299999999999,5.8271999999999995,4.1794,17.705600000000004,2.6528,6.186300000000001,7.772799999999999,3.7755,11.1807,6.888,5.9262999999999995,3.4869000000000003,6.958200000000001,2.6422,4.988899999999999,4.277800000000001,5.0899,7.2177,7.7924999999999995,3.2774,3.9442,6.0134,5.8124,7.0062999999999995,3.7391,4.4889,5.529,5.9939,6.5992999999999995,5.989,5.8994,6.1322,6.357,8.2772,6.257899999999999,4.9474,7.244300000000001,4.031000000000001,5.372199999999999,2.4785000000000004,5.5918,8.0016,5.8875,2.0795000000000003,4.3337,4.026999999999999,7.025,2.9165,5.1251,7.1594,5.2067,5.3684,5.7344,5.9193999999999996,4.9059,6.2779,6.9466,4.3728,4.5433,5.3255,7.8288,7.4193999999999996,7.254400000000001,3.5726999999999998,1.5126,9.6406,3.3967
2008-08-18,1518.6583,770.6202999999998,748.0380000000004,397.6518,372.96850000000006,372.26929999999993,375.7687,7.5894,6.105,7.4992,6.105,7.7863999999999995,6.5692,17.395699999999998,8.421499999999998,5.745100000000001,8.8166,4.4066,9.964,11.207999999999998,8.1984,7.613299999999999,4.7128,4.5051000000000005,10.142499999999998,7.1925,8.0579,6.3401,13.3323,6.105,10.0341,14.1938,5.967,5.875,5.549300000000001,4.6309000000000005,7.214700000000001,4.3308,6.9269,5.9351,5.5790999999999995,5.3936,8.5808,4.7128,5.7695,6.5097000000000005,7.5383,6.958200000000001,9.104,8.1049,25.2601,15.2425,4.7128,7.010400000000001,7.419,8.2433,7.0436000000000005,6.9616,9.2791,6.0801,8.5702,8.808800000000002,11.8932,7.1055,2.9653,10.1824,5.4815,7.503800000000001,7.554,4.1015,5.004300000000001,14.333200000000001,4.7128,5.4436,7.1401,6.3827,8.9412,8.7746,4.217600000000001,8.274899999999999,6.4806,9.1814,10.179,6.105,7.422300000000001,7.4965,6.2392,7.1978,7.992,7.605400000000001,6.8381,7.3178,3.0328,7.1701,3.3865,14.0043,10.9314,7.02,10.267,6.0335,6.8782,9.814799999999998,7.7135,7.5964,4.18,6.3309999999999995,8.841899999999999,9.2749,4.7128,8.6813,9.690999999999999,7.7957,4.7128,4.3086,10.9283,5.8115,5.9682,6.105,7.047499999999999,11.1103,7.7957,14.8327,8.2899,6.0437,6.0763,8.144300000000001,2.3884000000000003,4.7128,8.1995,7.3238,4.7128,8.781,9.355599999999999,6.4221,4.706899999999999,5.7467999999999995,9.743500000000001,3.931,8.878300000000001,7.5417000000000005,7.5008,8.5681,5.5939,18.887300000000003,3.5648999999999997,7.959400000000001,10.7881,4.824199999999999,12.2109,8.077300000000001,6.5738,4.7128,9.2567,5.1893,4.984,6.1072,7.6959,8.613700000000001,10.526,6.562399999999999,6.6655999999999995,8.384799999999998,7.7957,8.5699,5.3235,6.2679,7.7604999999999995,7.711899999999999,7.8748,7.6418,9.0083,8.3983,9.2711,10.1517,6.235,6.7408,9.739899999999999,5.472099999999999,7.9466,3.5182,7.087199999999999,9.3659,8.7632,4.1236,6.596299999999999,6.478999999999999,16.5341,4.0846,6.9306,9.403199999999998,6.5025,5.7406,6.7088,8.4246,9.0424,7.608600000000001,7.9309,7.7608999999999995,6.363099999999999,6.7242999999999995,7.810599999999999,8.065999999999999,9.9749,3.1587,2.3372,11.0013,5.065099999999999
2008-08-19,1566.2375,789.2770999999999,776.9604,415.35100000000006,373.92609999999996,387.44350000000003,389.5168999999999,7.6973,6.2542,7.8012999999999995,6.2542,8.6191,6.929899999999999,12.858300000000002,8.365100000000002,4.9321,8.8636,4.537000000000001,10.681799999999999,10.601199999999999,8.4077,7.2375,4.7749,4.5551,10.4052,7.6981,7.9918000000000005,6.5398000000000005,13.379599999999998,6.2542,11.3193,13.6617,7.8957,6.5624,6.385400000000001,7.6373,7.77,4.2377,7.2279,6.129199999999999,5.8475,6.4431,10.0888,4.7749,8.918099999999999,6.899,8.1674,7.2173,9.6169,7.688700000000001,25.4901,15.2954,4.7749,7.932799999999999,9.9502,8.5256,7.254700000000001,6.0908999999999995,9.5668,6.5619000000000005,9.2545,9.2314,10.291800000000002,7.3309,2.9905999999999997,10.3376,5.3453,7.3835999999999995,7.632200000000001,4.1729,5.3653,14.107999999999999,4.7749,5.622199999999999,7.2545,6.4688,9.336699999999999,8.7929,4.3299,8.4191,6.6989,9.0717,7.0875,6.2542,7.8035,7.8019,6.5271,7.2422,9.1715,7.6455,8.7439,7.82,2.0414,7.2120999999999995,3.5706999999999995,12.001800000000001,10.3609,6.966200000000001,10.6115,6.920400000000001,7.1017,9.1631,7.4702,7.9909,4.2549,6.2713,9.4584,9.495700000000001,4.7749,9.410599999999999,9.8163,7.950000000000001,4.7749,4.0672,11.1473,5.6886,6.121499999999999,6.2542,7.1989,10.930900000000001,7.950000000000001,13.8477,8.3923,6.4178999999999995,5.993600000000001,9.246500000000001,2.3916,4.7749,9.255199999999999,7.3622,4.7749,9.636600000000001,9.655,6.5598,4.898199999999999,5.878499999999999,9.6939,4.1213999999999995,9.957699999999999,7.5367,9.028500000000001,9.4544,5.777699999999999,19.6295,3.6223,9.0398,11.639500000000002,4.8991,12.6636,8.0521,6.2311000000000005,4.7749,9.9758,6.4279,4.9478,7.266699999999999,8.037199999999999,8.3032,10.562199999999999,8.1671,6.9742999999999995,8.572199999999999,7.950000000000001,8.9006,5.496,6.400099999999999,8.0332,8.316400000000002,9.2394,8.696200000000001,9.5474,8.645999999999999,10.0191,10.1553,5.2165,7.1073,8.553,5.4468,8.2906,3.9073,7.979699999999999,9.680600000000002,7.059099999999999,4.2296000000000005,6.8787,6.640999999999999,17.2453,5.8342,7.3850999999999996,9.4848,7.2179,5.721400000000001,6.707000000000001,8.503,10.0233,7.8088999999999995,8.081800000000001,9.1967,6.8171,6.96,7.1639,8.187999999999999,10.5343,3.0107,2.6029999999999998,10.6024,5.459199999999999
2008-08-20,1629.7263000000005,816.1643000000004,813.5620000000001,420.76450000000006,395.39979999999997,403.6517,409.91029999999995,7.738,6.3799,7.9685999999999995,6.3799,8.028500000000001,7.0826,18.8357,8.591899999999999,5.4116,9.2254,4.6506,10.7167,10.961300000000001,8.470300000000002,6.347799999999999,4.9044,4.6927,10.6034,7.9315,8.0418,7.7395000000000005,15.3787,6.3799,10.8464,12.0792,7.6179,6.8172,6.412000000000001,4.9058,8.0405,4.1313,7.1317,6.0565,6.0306,6.7051,9.9305,4.9044,6.052300000000001,6.8636,8.042300000000001,7.218,9.7966,7.573799999999999,26.3766,17.5489,4.9044,7.6845,8.537199999999999,8.666,7.4305,6.5468,10.997499999999999,7.067799999999999,10.0709,9.1792,11.2371,7.459999999999999,3.039,10.869700000000002,4.7888,8.0216,7.614,4.1512,5.287,16.176099999999998,4.9044,6.4056999999999995,7.9923,6.6693,9.6381,8.284099999999999,4.324299999999999,8.432400000000001,6.7883000000000004,9.5128,10.668,6.3799,8.1529,7.855499999999999,7.173399999999999,8.44,10.2449,7.7652,9.3875,8.7873,2.1438,7.0329,3.6039999999999996,15.053299999999998,9.1716,6.9508,10.345099999999999,6.9359,7.2940000000000005,9.182099999999998,7.8582,8.2474,4.377800000000001,6.3614,10.528500000000001,10.119299999999999,4.9044,9.1262,10.1149,8.1371,4.9044,4.1364,11.508500000000002,6.377800000000001,6.3433,6.3799,7.244,11.5213,8.1371,15.826400000000001,8.3752,6.6797,5.9689,13.503899999999998,2.4221,4.9044,8.6905,7.388299999999999,4.9044,11.6151,9.7179,6.7501999999999995,5.0733,5.9631,9.8229,4.145300000000001,9.784099999999999,7.6184,8.7129,9.6406,5.9075,20.1837,3.7129,9.0221,11.5693,5.0819,12.1702,7.950099999999999,6.8149999999999995,4.9044,10.556700000000001,6.836,4.889,6.3726,11.2181,9.5512,10.599499999999999,12.3683,6.7925,8.5534,8.1371,9.2293,5.6068999999999996,6.593299999999999,8.2568,8.758099999999999,14.951899999999998,8.2699,10.4534,9.2355,12.1741,10.0937,6.9051,7.322,8.4202,5.4976,8.7869,3.8042999999999996,7.5562000000000005,9.8227,7.8488999999999995,4.0996,7.167800000000001,5.9375,17.3439,4.7186,8.0261,9.5383,7.0351,6.2074,4.9044,8.543700000000001,9.3702,8.1342,8.3125,10.7103,7.3368,7.0874,7.4912,8.380099999999999,11.0519,2.9274,2.6957,12.2152,5.0862
2008-08-21,1709.5031000000004,862.8314000000001,846.6717000000003,447.43080000000003,415.4006,418.59530000000007,428.07639999999986,7.837,6.4807,8.3399,3.6186,8.4083,7.189500000000001,20.125999999999998,9.275,5.7262,9.536000000000001,4.8032,10.9231,11.202300000000001,8.7964,10.4967,4.980499999999999,4.825200000000001,11.1647,8.3003,8.1969,13.3598,15.2813,6.4807,11.2778,13.668,8.997399999999999,7.9107,7.4225,4.911199999999999,7.8877,4.4538,7.4002,6.2357,6.066800000000001,6.721299999999999,10.331900000000001,4.980499999999999,6.271599999999999,7.241300000000001,8.046299999999999,7.6696,9.768600000000001,9.4146,26.2738,19.7045,4.980499999999999,7.597300000000001,9.9475,9.2605,7.6409,7.891500000000001,11.7832,7.2591,10.0063,9.2278,12.4656,7.7516,3.0381,11.9459,5.5619,7.759600000000001,7.853999999999999,4.156000000000001,5.3706000000000005,17.6282,4.980499999999999,5.9829,11.426199999999998,6.7229,9.9221,8.5654,4.382099999999999,8.7492,7.8163,10.001199999999999,10.995000000000001,6.4807,8.219999999999999,8.248999999999999,6.8435,7.9189,8.884300000000001,8.049,9.1242,9.2332,2.2607,9.7383,3.6618,15.3821,9.8699,7.7213,10.542100000000001,7.9873,7.5982,9.8003,8.9133,8.6475,4.565200000000001,6.3956,10.071,10.2905,4.980499999999999,10.321200000000001,10.7957,8.2622,4.980499999999999,4.2115,11.7934,6.4622,6.7017,6.4807,9.0616,10.318000000000001,8.2622,16.0107,8.552,6.7656,6.195600000000001,13.6664,2.4741999999999997,4.7865,9.7802,7.621700000000001,4.980499999999999,12.153199999999998,9.9849,7.771599999999999,5.206199999999999,6.130800000000001,9.92,4.2919,10.174700000000001,7.776199999999999,9.3852,9.6365,6.1452,19.9289,3.774,8.739,11.2592,5.3877,13.492700000000003,8.335799999999999,9.8943,4.980499999999999,10.915,6.3948,4.964799999999999,7.4499,10.747,9.9898,11.969000000000001,13.289000000000001,6.9575,8.8747,8.2622,9.399,5.6634,6.7475000000000005,8.429499999999999,7.8713999999999995,15.216,9.2913,10.1568,9.1946,10.721800000000002,10.5424,6.6351,7.348099999999999,10.0291,5.6705000000000005,8.5607,3.9478999999999997,8.0974,10.5127,8.1669,4.1804,7.4677,6.6228,18.3021,5.5175,9.9945,9.6558,8.5292,6.381,7.4030000000000005,8.6603,10.032,8.2784,8.6287,10.8884,7.1255,7.1777,7.4329,8.6915,10.5123,3.2021,2.7236,12.989,6.1357
2008-08-22,1741.947,876.8461,865.1008999999999,458.09029999999996,418.7557999999999,421.2178,443.88309999999984,8.0031,6.6942,8.5407,6.6942,9.060599999999999,7.420700000000001,22.3643,8.6168,5.5273,9.354800000000001,5.5649,12.1675,12.9528,8.9512,7.755599999999999,5.1269,4.7461,11.809399999999998,5.907,7.9315999999999995,6.690899999999999,14.511800000000001,6.6942,10.3189,13.869499999999999,7.4544999999999995,15.576899999999998,7.3573,5.2423,7.9489,5.493,8.0978,6.2377,6.1848,6.1378,10.2646,5.1269,6.436800000000001,8.4969,8.3127,9.2323,10.1655,8.0563,28.2384,22.7972,5.1269,7.3804,9.125,8.8155,7.508900000000001,10.468399999999999,10.014600000000002,7.2847,10.4999,9.201799999999999,12.417100000000001,7.5442,3.0319,10.8252,4.9704,6.3248,7.7832,4.152099999999999,5.2654,19.585900000000002,5.1269,10.202300000000001,7.3416,7.0122,10.270299999999999,8.4157,4.3483,9.7361,8.093799999999998,9.672699999999999,11.7582,6.6942,7.649900000000001,7.695600000000001,6.7562,8.7169,8.160400000000001,8.298300000000001,8.0412,8.6196,5.1793000000000005,9.5046,3.7462,16.7416,9.623099999999999,7.8214999999999995,10.9481,6.4893,7.7066,9.5907,8.8506,8.7712,4.5904,6.4342,10.778400000000001,10.933,5.1269,10.244800000000001,10.1201,8.3396,5.1269,4.6894,11.5439,6.1709,6.3862000000000005,6.6942,9.3273,7.815499999999999,8.3396,18.531499999999998,9.056,7.1265,6.359500000000001,17.1701,2.5159000000000002,5.1269,10.1659,7.6899999999999995,5.1269,11.400699999999999,10.1837,6.8759999999999994,5.3764,6.366900000000001,10.391300000000001,4.2886999999999995,9.5556,8.096,8.4627,9.6094,6.6121,19.830599999999997,3.6795999999999998,9.266300000000001,10.870899999999999,5.3144,13.371400000000001,11.598700000000001,6.605699999999999,5.1269,10.2603,5.4078,5.120699999999999,6.594,11.223499999999998,11.069099999999999,11.907000000000002,10.496599999999999,7.114700000000001,8.7595,8.3396,9.5504,5.6112,7.5908999999999995,8.2623,7.986599999999999,22.1157,9.1984,10.6723,9.8933,11.8173,10.6692,6.8166,7.460999999999999,14.827300000000001,5.7224,8.656600000000001,3.9736,8.155899999999999,10.119499999999999,8.532,4.3358,7.412,6.4453,19.2184,4.3719,12.948299999999998,9.8296,7.569500000000001,6.5171,7.4008,8.4924,9.441200000000002,8.435400000000001,9.0814,9.323,6.9460999999999995,7.5979,7.725600000000001,11.4168,10.9205,3.4756,2.9654000000000003,11.8107,4.8834
2008-08-23,1338.0747999999999,669.3053000000001,668.7694999999999,350.1819999999999,319.1233,333.2574,335.5120999999999,6.4949,5.2874,6.663399999999999,5.2874,7.3537,6.3801,10.3111,6.5992999999999995,4.4201999999999995,8.1582,4.368,8.2335,12.4418,6.811,5.1901,3.9838000000000005,4.1719,9.0627,5.2414000000000005,7.3332,5.901,10.6547,5.2874,8.2203,8.688,4.6792,7.6272,4.714,4.218999999999999,6.1199,4.0892,6.2766,3.9657,5.0931,4.9693,8.3296,3.9838000000000005,4.9654,5.8012,6.7126,8.8342,7.1187,7.828,22.6312,17.6806,3.9838000000000005,8.043399999999998,6.8446,7.1575999999999995,5.9696,11.282,8.6084,5.6328,7.517100000000001,7.5678,10.159300000000002,6.0964,2.8043,8.4616,5.087,3.8028000000000004,6.4194,3.8563,4.201700000000001,14.5497,3.9838000000000005,4.8081,6.9283,5.5489999999999995,7.5936,8.2058,2.8424,7.1838999999999995,6.801000000000001,8.0515,5.6729,5.2874,6.1524,6.0022,5.2462,5.6675,6.4772,6.4496,6.3130999999999995,6.6997,2.0401,4.959899999999999,2.8943,8.4069,6.2189,7.0225,9.195500000000001,4.3818,6.0989,8.5012,7.5982,6.671200000000001,4.009499999999999,5.527899999999999,7.6343,9.1386,3.9838000000000005,7.0604000000000005,8.6191,6.686400000000001,3.9838000000000005,4.4472000000000005,8.978000000000002,5.433199999999999,5.4688,5.2874,5.9007000000000005,6.7631,6.686400000000001,11.5686,7.5178,6.171200000000001,4.6184,13.072299999999998,2.2668,4.591200000000001,6.5739,7.089499999999999,3.9838000000000005,7.597700000000001,8.4286,5.8086,4.633,4.7517,9.4581,3.1527,7.8402,7.5558,7.0691,7.1831000000000005,5.0221,18.5261,3.1620000000000004,6.7661,8.8605,4.368099999999999,11.589500000000001,7.5402,5.8975,3.9838000000000005,8.2175,3.3133,4.8601,5.251799999999999,6.5298,8.428799999999999,8.780899999999999,6.5389,4.6370000000000005,6.4901,6.686400000000001,7.950900000000001,4.1544,6.1137999999999995,6.7,6.6915,14.8933,7.2743,7.2057,6.9581,7.9128,9.2087,6.1602,6.0851999999999995,8.362100000000002,4.418200000000001,6.6318,2.9985,6.707500000000001,8.291699999999999,7.110399999999999,2.6283000000000003,5.5577,3.7973999999999997,14.671999999999999,3.4578,6.3097,8.0095,6.1845,5.8065,6.1922,6.329,5.702999999999999,7.3077000000000005,8.188200000000002,6.5212,5.4607,6.1911000000000005,7.026400000000001,8.200299999999999,8.977,3.1412,1.7847,10.816,3.8588000000000005
2008-08-24,1142.4246000000003,563.4916000000001,578.9330000000002,291.6852,271.8064,297.44900000000007,281.484,8.775,4.608499999999999,5.4266000000000005,4.608499999999999,6.2865,5.1561,5.9773,5.375,3.6359000000000004,7.3978,3.6905,6.8232,9.2655,5.7704,7.9317,3.4869000000000003,3.6468,7.8580000000000005,5.0677,7.054499999999999,4.9756,6.1002,4.608499999999999,7.3399,7.552099999999999,3.9036,6.4564,4.3227,3.2617000000000003,4.9219,3.4917,5.7697,3.2768,4.6756,4.0703,8.2202,3.4869000000000003,4.0716,4.9249,5.4578999999999995,6.6321,6.5099,7.116399999999999,19.4525,7.4986,3.4869000000000003,6.0354,5.5363999999999995,5.5977,5.0887,5.631500000000001,7.8897,4.7667,6.0054,6.4904,8.474,5.2594,2.9442999999999997,8.246599999999999,4.8203000000000005,3.1117999999999997,5.6251,3.6994,4.0326,7.829899999999999,3.4869000000000003,3.9525,6.301799999999999,4.835,6.8381,5.3197,2.2496,5.988300000000001,4.9773,7.5798,4.9722,4.608499999999999,5.6183000000000005,4.9664,4.558199999999999,4.5158000000000005,5.9672,5.7832,5.138400000000001,6.0731,1.7104,5.9213000000000005,2.5251,6.1521,5.3115,7.5093,10.308499999999999,3.5781,5.0883,7.8464,6.7245,5.645,3.3885,5.3154,6.224600000000001,7.993,3.4869000000000003,5.4425,8.5413,5.8124,3.4869000000000003,4.2815,8.5948,4.734500000000001,5.9939,4.608499999999999,5.2513000000000005,5.9754000000000005,5.8124,7.449399999999999,6.8844,5.3614999999999995,4.1628,8.186399999999999,2.0044999999999997,3.4869000000000003,5.6747,6.6918999999999995,3.4869000000000003,6.209,11.692,4.585100000000001,3.8343000000000003,4.0226,7.6539,2.6494,7.6679,7.0227,6.6556,5.8781,4.4321,18.1674,2.6873,6.0931,7.782499999999999,3.999,10.9868,6.3986,7.8664,3.4869000000000003,7.088,2.6836,4.7668,4.4205000000000005,5.3147,6.9518,7.3801,4.5114,4.2911,5.7058,5.8124,7.1598,3.638,5.417199999999999,5.7007,6.1045,6.9078,6.2139,5.9664,6.130900000000001,6.5392,8.285499999999999,7.0898,5.3269,7.1088,4.0155,5.3304,2.7934,5.9802,8.0031,5.9263,2.043,4.5047,3.6662999999999997,7.219799999999999,2.9240000000000004,4.9888,7.095299999999999,5.280899999999999,5.267999999999999,5.8622,5.832000000000001,4.7828,6.5779,7.2402,4.4998,4.5164,5.3641000000000005,7.4206,7.354799999999999,7.283399999999999,3.103,1.5016,9.5474,3.3161
2008-08-25,1572.6529000000005,787.5459000000003,785.1070000000002,408.9074000000001,378.6385000000001,401.95700000000005,383.1499999999999,7.393599999999999,6.105,7.339099999999999,6.105,8.2425,6.662299999999999,10.533100000000001,8.4025,5.1781999999999995,10.043800000000001,4.3433,10.0634,11.120099999999999,8.239799999999999,10.494800000000001,4.7128,4.4437,9.9938,7.2868,8.3503,6.517200000000001,14.3033,6.105,10.2134,13.1546,6.8063,11.589500000000001,5.711600000000001,4.814,7.7799,4.246499999999999,6.933400000000001,5.8753,5.834999999999999,8.9116,9.4991,4.7128,5.7257,6.4854,7.5946,7.0492,9.6269,6.7748,25.344899999999996,16.0439,4.7128,8.5124,7.463,8.453600000000002,7.0578,7.6392,9.4207,6.090300000000001,8.4072,8.7622,10.5014,7.120699999999999,3.5027,10.3056,4.7745,7.0306,7.5556,4.0613,5.12,14.9013,4.7128,8.4772,7.2317,6.2833000000000006,9.0213,7.6599,4.1982,8.0559,6.743399999999999,11.235600000000002,6.7512,6.105,7.556900000000001,7.0322000000000005,6.325100000000001,6.7325,8.285,8.4878,11.8252,8.084900000000001,2.0258,9.8118,3.5927000000000002,12.478200000000001,9.0959,7.9651,10.267100000000001,6.3852,6.846,10.1304,7.5045,7.5964,4.1132,6.224399999999999,8.6034,9.3498,4.7128,9.157399999999999,9.8043,7.7957,4.7128,4.1053,11.0109,5.7787999999999995,7.6301,6.105,7.3267,11.4064,7.7957,13.8883,8.2164,6.1999,6.110600000000001,8.6905,2.3561,4.7128,8.6441,7.3233,4.7128,9.116800000000001,21.4075,7.0855999999999995,5.0793,5.6884999999999994,9.7656,3.9590999999999994,9.4411,7.401200000000001,8.3035,10.1499,5.627,21.1053,3.5336000000000003,8.2797,10.866800000000001,5.0136,14.0889,8.0206,10.1906,4.7128,10.5016,5.297000000000001,4.9138,7.0565,7.8046,7.3525,10.3479,9.3884,6.7324,8.140999999999998,7.7957,8.878599999999999,5.225300000000001,7.266300000000001,7.8367,7.6936,8.5732,8.4636,10.1861,8.4711,8.9144,10.6759,6.5123,7.6582,8.3234,5.2085,7.8939,3.5979000000000005,7.8508000000000004,9.6655,7.697900000000001,3.5189000000000004,6.5537,5.0914,15.1908,5.6503,6.1311,8.9761,8.065100000000001,6.193199999999999,7.265199999999999,8.407399999999999,9.2749,8.3354,7.9541,8.810300000000002,6.632199999999999,6.4700999999999995,7.5976,8.1251,10.5033,2.8240999999999996,2.4514,11.534300000000002,5.242900000000001
2008-08-26,1743.1462000000001,833.9015,909.2447,421.06110000000007,412.84040000000005,437.52160000000003,471.7231,7.7018,6.2542,7.726,6.2542,8.129299999999999,6.864000000000001,11.842199999999998,8.9909,6.075900000000001,9.7118,4.4566,11.2577,10.8655,8.4087,10.3349,4.7749,4.527699999999999,10.7629,7.6981,7.6164,6.5345,14.277999999999999,6.2542,11.005799999999999,13.590499999999999,9.133799999999999,7.492100000000001,6.3093,5.0394000000000005,8.165799999999999,4.0318000000000005,7.0034,6.0383,5.9674,6.942,9.8545,4.7749,6.0998,6.6599,7.8034,7.046799999999999,9.6856,7.981,24.747300000000003,17.172,4.7749,10.9366,9.245000000000001,9.0381,7.2013,11.354,11.1652,6.4437,10.1234,8.9512,10.3362,7.2683,16.930999999999997,10.2344,5.2295,7.9498000000000015,7.7249,4.1703,5.214600000000001,16.0054,4.7749,5.940300000000001,7.311300000000001,6.4825,9.2689,6.7577,4.3823,8.235700000000001,7.8724,9.779599999999999,7.2076,6.2542,8.1467,8.4038,6.4708000000000006,8.3307,8.5711,8.035699999999999,9.3803,10.370999999999999,4.4952,10.3201,3.9981,12.993500000000001,9.9833,8.375599999999999,10.4657,7.4407,7.357600000000001,9.843800000000002,7.768400000000001,7.9909,4.2172,6.261900000000001,10.248999999999999,9.4616,4.7749,8.8964,9.751600000000002,7.950000000000001,4.7749,3.8429999999999995,10.960700000000001,6.1919,8.6429,6.2542,7.1215,11.513499999999999,7.950000000000001,14.710700000000001,8.1768,6.619299999999999,6.147,47.28199999999999,2.2862,4.9185,9.264499999999998,7.2225,4.7749,10.094899999999999,8.408199999999999,7.7906,5.215599999999999,5.9119,10.5153,4.6623,9.706299999999999,7.385799999999999,8.4559,10.8464,5.7256,20.753,3.6073,10.423300000000001,11.497,5.0986,11.769400000000001,7.7703,10.8869,4.7749,9.6786,6.845,4.8859,6.8305,8.4926,9.4163,10.4632,10.4941,7.1089,8.893,7.950000000000001,9.108,6.0812,7.426399999999999,7.895899999999999,7.808,70.84949999999999,8.9498,11.1356,8.688,11.031199999999998,10.5631,6.4714,7.521,8.572099999999999,5.354699999999999,8.5733,5.173700000000001,9.0114,9.607399999999998,8.5343,3.78,7.0328,6.0115,17.570099999999996,5.963099999999999,8.6619,9.3607,8.9665,6.222200000000001,7.3056,8.5374,9.68,8.7127,8.159600000000001,9.3721,7.226699999999999,6.7676,6.9299,7.944699999999999,10.7973,2.7182,2.6047000000000002,12.7105,6.0058
2008-08-27,1651.0418999999997,827.5541999999999,823.4876999999999,429.9678,397.5864000000001,405.92079999999993,417.5669,7.6376,6.3799,8.2551,6.3799,8.1782,6.9107,9.7794,8.7202,7.486,10.601299999999998,4.608599999999999,11.8836,11.2128,8.5486,10.259,4.9044,4.5908999999999995,10.7604,7.9315,7.7954,6.4902999999999995,14.3589,6.3799,11.3939,14.8021,9.4207,9.7348,6.1493,5.2822,8.1313,4.106400000000001,7.4482,6.1841,5.9209,7.3145,10.761899999999999,4.9044,6.1674,7.2697,8.3371,7.260199999999999,11.0364,7.370799999999999,26.869500000000002,17.7517,4.9044,7.3999999999999995,7.8429,8.7242,7.4262,10.264800000000001,11.006899999999998,6.6072,9.0222,8.9235,10.879100000000001,7.3870000000000005,4.8766,10.3812,5.193999999999999,7.9376999999999995,7.7566,4.1276,5.2036999999999995,16.508499999999998,4.9044,7.1629000000000005,7.300699999999999,6.5825,9.521799999999999,7.6584,4.338,8.3645,8.1979,10.307200000000002,6.9948,6.3799,8.2257,7.951,6.4223,7.6305000000000005,8.7585,8.050600000000001,9.7955,7.4365000000000006,2.1026999999999996,10.6021,3.5476,12.6223,12.3134,7.6091,10.2863,7.2529,7.4526,9.8743,7.6494,8.2474,4.3437,6.2734000000000005,9.349,9.5948,4.9044,9.0528,9.8159,8.1371,4.9044,3.7349999999999994,11.216899999999999,6.1624,8.58,6.3799,7.2851,12.1497,8.1371,14.471699999999998,8.3084,6.4211,6.116200000000001,8.1371,2.4086,4.9044,9.677600000000002,7.350999999999999,4.9044,9.734300000000001,8.5897,8.269,5.3071,5.956299999999999,10.0612,4.1518999999999995,10.447099999999999,7.4921,9.5969,10.049900000000001,5.811,21.4634,3.583,11.1192,11.4238,5.183,12.2057,8.0721,10.905999999999999,4.9044,10.9927,6.659800000000001,4.831300000000001,8.0989,8.255,7.3438,10.4177,8.7385,7.0852,8.7786,8.1371,9.2087,5.8573,7.597700000000001,8.1944,7.8149999999999995,16.7544,9.8946,11.8034,9.046,9.8797,10.550699999999999,7.823,7.0901,8.288499999999999,5.5229,8.5945,3.7993,9.546199999999999,9.6007,9.775400000000001,3.8776,7.2754,6.650199999999999,16.8681,5.6476,7.7707999999999995,9.3531,9.1922,6.1928,7.3399,8.679400000000001,9.9387,8.711500000000001,8.2718,9.1146,7.116099999999999,7.317699999999999,8.7177,8.3105,11.1759,2.7279,2.6502999999999997,12.347999999999999,5.175699999999999
2008-08-28,1697.8691999999996,862.9132999999997,834.9559,434.53639999999996,428.37690000000015,408.65070000000014,426.30520000000007,7.754099999999999,6.4807,8.0806,3.6186,8.3232,7.143800000000001,15.995999999999999,9.7332,7.4317,9.4945,4.7508,11.173,10.2783,8.7664,10.1479,4.980499999999999,4.665900000000001,11.9788,8.3003,7.8529,8.8927,14.4808,6.4807,10.886700000000001,14.334,8.8422,6.2757000000000005,5.9907,5.2013,8.122,4.3393,7.3029,6.283799999999999,6.159700000000001,7.693000000000001,9.924700000000001,4.980499999999999,6.7048,7.1066,8.0711,7.2531,10.7613,7.153899999999999,24.715799999999998,20.985,4.980499999999999,7.2181,9.636199999999999,9.4561,7.352,11.1492,10.3082,7.165100000000001,9.638300000000001,9.6057,12.478,7.479699999999999,5.0867,10.7622,5.1914,8.7181,7.985099999999999,4.0649999999999995,5.4902,18.618000000000002,4.980499999999999,9.2529,8.7173,6.7034,10.0002,8.3732,4.236700000000001,8.4489,8.6405,10.254,7.5985,6.4807,8.2744,8.131200000000002,16.774,8.3361,8.723099999999999,8.1343,10.550899999999999,6.753299999999999,3.2736,10.3448,3.9118000000000004,14.0695,10.7105,10.639600000000002,10.331199999999999,7.5083,7.401,9.6995,8.2538,8.6475,4.5002,6.2448,9.735800000000001,10.382000000000001,4.980499999999999,8.972000000000001,10.092099999999999,8.2622,4.980499999999999,3.8723,11.4572,6.5142999999999995,8.339500000000001,6.4807,7.6502,9.9733,8.2622,15.913599999999999,8.5842,6.6982,6.122,8.2622,2.4183000000000003,4.980499999999999,9.1187,7.5075,4.980499999999999,10.3434,9.2554,9.424199999999999,5.426699999999999,6.2452000000000005,10.0002,4.3244,9.7109,7.8546,8.5417,10.1223,5.966200000000001,21.9506,3.6681999999999997,10.4202,11.3933,5.1434999999999995,11.837399999999999,8.6859,11.0729,4.980499999999999,8.2906,7.6485,4.9465,7.918699999999999,8.674,8.9938,11.157300000000001,9.6629,6.8179,8.6686,8.2622,9.443900000000001,5.6855,7.6392999999999995,8.191400000000002,7.9863,17.1581,9.193,12.9527,8.8203,10.1425,10.657800000000002,8.1531,7.326099999999999,10.7913,5.589,8.6549,4.0202,8.1633,9.8217,9.335899999999999,4.0222,7.4681999999999995,5.505800000000001,17.2468,5.225299999999999,9.7941,9.4372,8.3228,6.405,7.402799999999999,8.7744,10.299199999999999,7.853800000000001,8.2813,9.9621,7.2117,7.576500000000001,7.0508999999999995,8.6132,12.6127,2.9025,2.742,11.8698,6.4359
2008-08-29,1711.503,849.4784999999997,862.0245000000002,440.1062999999999,409.3722000000001,430.8876000000001,431.1368999999999,7.401,6.6942,8.1079,6.6942,8.8701,7.3307,28.0543,8.6877,5.5362,9.728,4.8921,10.7961,10.4838,9.0353,5.7308,5.1269,4.5561,11.6806,8.3437,7.614199999999999,6.779800000000001,13.3708,6.6942,10.258199999999999,14.2833,6.232200000000001,7.6231,8.248899999999999,5.4279,8.019,5.0209,7.336499999999999,5.902100000000001,6.1846000000000005,6.4404,9.9678,5.1269,6.3611,7.1678999999999995,8.0749,9.094100000000001,9.3659,7.9534,27.3006,20.353199999999998,5.1269,6.6712,8.5268,8.7159,7.1139,6.731299999999999,9.8777,7.145499999999999,11.1739,9.1887,11.9524,7.258900000000001,5.0093,10.8378,5.421100000000001,6.079400000000001,7.805,3.9736000000000002,5.3518,17.848599999999998,5.1269,6.122800000000001,7.436800000000001,6.8309999999999995,10.235599999999998,7.748600000000001,4.1172,8.5956,6.9646,9.6065,13.858,6.6942,7.9026,8.006,6.2124999999999995,11.1509,8.338299999999998,7.913399999999999,8.8841,6.8952,2.1779,9.3326,3.4787,19.664900000000003,8.017100000000001,6.831499999999999,10.187999999999999,7.7193,7.4371,9.649899999999999,9.4248,8.7712,4.5745,6.3596,11.449300000000001,12.731300000000001,5.1269,7.896600000000001,10.170200000000001,8.3396,5.1269,4.3377,11.6991,6.693099999999999,6.0184,6.6942,10.3308,9.2624,8.3396,21.17,9.2542,6.9451,6.1004000000000005,8.3396,2.3890000000000002,5.1269,11.290300000000002,8.649000000000001,5.1269,11.0754,22.977400000000003,6.9128,5.5754,6.429200000000001,9.9696,4.2103,9.575,8.325800000000001,8.7081,9.4405,5.8385,22.4503,3.5153999999999996,8.1111,11.221699999999998,5.684000000000001,15.651799999999998,9.8492,6.2269,5.1269,9.0562,5.367900000000001,5.0961,6.2517,11.0822,10.4983,11.238,8.3505,7.081300000000001,8.469100000000001,8.3396,9.4981,5.3541,7.2902000000000005,7.8888,7.6076,17.4557,9.1968,10.308,10.0633,12.2564,10.586500000000001,7.733899999999999,8.7986,12.770000000000001,5.6439,10.2821,3.9299999999999997,8.7925,9.9972,8.556999999999999,3.7800999999999996,7.5764,6.4716,18.506700000000002,4.1688,11.3812,9.6844,8.6645,6.6629000000000005,7.0058,8.4407,9.0701,8.0086,9.3368,7.9934,7.1782,7.2079,7.2088,8.976099999999999,10.2488,3.2803,2.7371,13.859099999999998,5.701099999999999
2008-08-30,1254.4552999999996,631.2480999999999,623.2071999999998,334.02340000000004,297.2246999999999,311.2691,311.9380999999999,5.9575,5.2874,6.2654,5.2874,7.220000000000001,6.1099,20.1951,6.2678,4.1033,7.6217999999999995,4.1262,7.8302,8.698999999999998,6.7081,4.7663,3.9838000000000005,3.7071000000000005,9.029,6.614300000000001,6.802499999999999,5.2096,6.540299999999999,5.2874,7.9887,8.6265,4.3474,6.638999999999999,4.440899999999999,3.9137,5.887200000000001,4.3329,6.074,3.4122000000000003,4.7561,4.617999999999999,8.17,3.9838000000000005,4.6977,5.5182,6.1838999999999995,11.6615,6.7600999999999996,7.356,21.9128,11.9008,3.9838000000000005,4.8889,6.350899999999999,6.5976,5.401400000000001,10.8787,7.926000000000001,5.4068000000000005,7.2036,6.7275,8.4585,5.4321,4.212899999999999,7.627700000000001,4.8586,3.5053,6.032299999999999,3.7638000000000003,4.0416,10.7666,3.9838000000000005,4.5385,6.5229,5.1774000000000004,7.355700000000001,6.2972,2.4334,6.5748999999999995,5.5474,7.437499999999999,5.5942,5.2874,5.8682,5.5117,4.8649,5.445,6.3452,6.125299999999999,5.8909,6.016299999999999,1.8639999999999999,6.612,2.5971,7.307099999999999,5.4761,5.9516,8.8481,4.0159,5.762,8.1579,7.826700000000001,6.671200000000001,3.7545999999999995,5.3845,7.3361,9.133,3.9838000000000005,5.6465,8.0207,6.686400000000001,3.9838000000000005,4.4074,8.111,4.8962,4.8748000000000005,5.2874,5.5335,6.064499999999999,6.686400000000001,8.9574,7.6315,5.7146,4.2236,6.686400000000001,2.2574,3.9838000000000005,6.0295000000000005,8.130700000000001,3.9838000000000005,7.1418,8.6581,5.2655,4.2938,4.5561,8.8055,3.5780000000000003,7.7662,7.802600000000001,7.0251,6.8788,4.5251,17.9959,2.8201,6.545999999999999,8.049,4.1845,9.9317,8.084800000000001,5.2321,3.9838000000000005,8.122800000000002,3.0851999999999995,4.8574,4.9685,6.1966,5.3957,7.6674999999999995,4.9293,4.1589,5.9085,6.686400000000001,7.4959,3.8371000000000004,5.6891,5.9979,6.4334999999999996,12.9435,7.327400000000001,6.699300000000001,6.4425,7.8404,8.7654,5.6023,8.4486,9.8055,4.1957,6.238899999999999,2.7416,6.397399999999999,7.5147,6.4993,2.5372000000000003,5.093,4.0097000000000005,10.3556,3.0107,6.138,7.6363,5.9072,5.9079999999999995,5.9669,5.9521,4.9227,6.522399999999999,9.5482,4.7636,5.039899999999999,5.867699999999999,6.270200000000001,7.6051,7.524099999999999,3.0336,1.5387,10.7322,4.3927
2008-08-31,1106.2268,549.3964,556.8303999999999,284.9805999999999,264.41580000000005,279.7595,277.07090000000005,5.7651,4.608499999999999,5.136299999999999,4.608499999999999,6.498500000000001,4.9741,6.4934,5.3609,3.5193000000000003,7.0612,3.5541,6.515700000000001,7.790799999999999,5.476,4.729,3.4869000000000003,3.4205,7.4412,5.5403,6.7041,4.7374,5.6518999999999995,4.608499999999999,7.2766,7.025600000000001,3.8873,9.1487,4.1221,3.1934000000000005,4.8605,3.8074,5.4935,3.2382,4.2694,3.8387000000000002,7.1548,3.4869000000000003,3.8533999999999997,4.6242,5.404,8.074100000000001,6.2038,6.978999999999999,21.2046,8.1176,3.4869000000000003,6.7219999999999995,5.4268,5.5886000000000005,4.8103,5.946,7.3932,4.626799999999999,5.6876,5.8987,7.8904,4.8588000000000005,3.9476,7.2330000000000005,4.4387,3.0429,5.430400000000001,3.6097,3.7643,8.128400000000001,3.4869000000000003,3.8099000000000003,6.0106,4.57,6.6611,4.7349,2.1826999999999996,5.7718,4.961,7.040600000000001,4.8073,4.608499999999999,5.4268,4.8015,4.2846,4.3104,5.5723,6.0074,4.9060999999999995,5.303,1.6246,5.7995,2.4071,5.7785,5.0771999999999995,12.027899999999999,8.4719,3.3064,4.7531,7.6152999999999995,6.2607,5.645,3.6177000000000006,5.0823,5.7947,7.496,3.4869000000000003,6.756600000000001,7.696700000000001,5.8124,3.4869000000000003,4.2441,7.4806,4.5049,4.759600000000001,4.608499999999999,4.9253,5.511099999999999,5.8124,7.081299999999999,6.6361,5.180899999999999,4.067900000000001,5.8124,2.2808,3.4869000000000003,5.3357,6.5597,3.4869000000000003,5.832000000000001,6.9561,4.6166,3.6512000000000002,3.9981999999999998,7.321999999999999,3.6955,6.9376999999999995,6.941799999999999,5.9003000000000005,5.7348,4.0205,17.6442,2.5854,5.9482,7.2012,3.7913,11.4394,6.756600000000001,5.2732,3.4869000000000003,6.946,2.5749,4.7425,4.179600000000001,5.0728,4.8256000000000006,6.808,4.1708,3.5728999999999997,5.6105,5.8124,6.5186,3.5451999999999995,5.1737,5.4236,5.9166,9.548,6.0442,5.6528,5.513,6.0209,8.0699,6.137499999999999,7.610499999999999,9.480500000000001,3.8789999999999996,5.1324,2.4081,5.4939,7.1687,5.7059999999999995,2.2436,4.1178,3.7587,8.2376,2.7466999999999997,5.0422,7.059500000000001,5.052,5.1197,5.5687,5.751,4.828,6.0069,7.038400000000001,4.1394,4.4221,5.2765,6.9751,6.8407,6.980099999999999,3.1035000000000004,1.4099,10.1745,3.935
2008-09-02,1607.8614999999995,802.0093999999995,805.8521,413.645,388.36439999999993,400.44059999999996,405.41150000000016,7.4688,6.2542,7.41,6.2542,8.154499999999999,6.5630999999999995,11.782499999999999,8.6142,6.9796,10.5307,4.2789,10.8638,11.309999999999999,8.3277,11.5028,4.7749,4.537599999999999,10.373800000000001,7.6981,7.6636,8.643699999999999,12.814400000000001,6.2542,10.3157,13.7961,6.5508,7.5916999999999994,6.6678999999999995,5.43,7.759,4.0138,6.7948,6.3411,6.0263,6.5097000000000005,9.4633,4.7749,5.8734,6.2888,7.5642,6.888800000000001,9.4262,7.664,25.667099999999998,17.5036,4.7749,7.6087,7.521699999999999,8.4098,7.3634,10.652999999999999,13.4449,6.022500000000001,8.6838,9.3862,11.0059,7.2063999999999995,4.8468,10.0361,5.210699999999999,7.642999999999999,7.585400000000001,4.0576,5.0502,16.0175,4.7749,5.9972,8.541400000000001,6.363899999999999,8.6703,7.5706999999999995,4.2515,8.0069,7.491,10.9205,6.744199999999999,6.2542,7.872299999999999,8.4526,6.1881,6.4453,8.521999999999998,8.1329,8.693200000000001,6.9224000000000006,2.5394,9.752600000000001,3.699,12.1011,8.9496,9.4153,10.2592,6.2967,6.778599999999999,10.6099,7.183199999999999,7.9909,4.1409,6.1668,8.8157,9.280299999999999,4.7749,11.3746,9.5797,7.950000000000001,4.7749,3.8846,10.8667,6.1451,10.318000000000001,6.2542,7.7549,10.9447,7.950000000000001,14.1835,8.0474,6.2064,6.1121,7.950000000000001,2.3478,4.7749,9.4175,7.1249,4.7749,9.187700000000001,8.2193,7.4765999999999995,5.1464,5.8255,9.400099999999998,5.3104,9.6634,7.2339,8.5679,9.956900000000001,5.6640999999999995,19.739400000000003,3.5221999999999998,8.9117,11.1791,5.0603,15.3487,7.6857,12.961799999999998,4.7749,10.4722,6.0135000000000005,4.8322,7.6076,7.8871,7.7375,10.6974,8.2027,6.782399999999999,8.311499999999999,7.950000000000001,8.9146,5.3034,7.258900000000001,8.146,7.9873,14.8163,8.498999999999999,10.4756,8.220600000000001,9.2332,11.3984,11.087,8.054300000000001,8.1694,5.455299999999999,8.0707,4.8143,8.163900000000002,9.3497,8.6042,3.6166,6.9786,6.154299999999999,17.4372,3.9408000000000003,6.464900000000001,8.9373,8.424600000000002,6.0950999999999995,7.295,8.648800000000001,10.7442,9.022,7.845700000000001,8.8108,6.8156,7.1052,7.4963,7.993799999999999,10.0654,2.752,2.5362,12.5731,5.9544
2008-09-03,1653.1924,825.3842999999999,827.8081,430.844,394.54030000000006,409.0882000000001,418.7199000000001,7.2738,6.3799,7.6448,6.3799,8.4279,6.6227,11.413900000000002,8.5928,6.9358,10.0449,4.466900000000001,11.691,11.5129,8.4878,10.462299999999999,4.9044,4.4889,10.7314,7.9315,7.4504,6.83,13.351600000000001,6.3799,10.846599999999999,14.1943,9.5142,10.0898,6.5515,5.7768,8.0932,4.0084,7.0584,6.0842,5.9971,7.846799999999999,10.0094,4.9044,6.0555,6.5884,7.9016,7.0029,9.8521,8.9974,26.732300000000002,19.9412,4.9044,7.2299999999999995,10.4072,8.5867,7.2638,9.674800000000001,11.3347,6.235799999999999,10.096499999999999,8.970500000000001,11.0946,7.1212,4.7424,10.014,4.418,8.4142,7.627800000000001,4.034,5.1667000000000005,17.686700000000002,4.9044,7.7376000000000005,7.4998000000000005,6.4312,9.2059,8.2997,4.3613,8.963000000000001,8.1729,10.3798,6.849399999999999,6.3799,8.0489,7.5847999999999995,6.3582,6.9802,8.702300000000001,7.6699,10.2698,7.3658,2.1509,10.1259,3.4457,11.3244,11.4787,6.7995,10.1263,7.5685,6.969799999999999,9.584600000000002,7.4946,8.2474,4.2348,6.244300000000001,9.9482,9.517700000000001,4.9044,11.810199999999998,9.5776,8.1371,4.9044,3.5890999999999997,10.8363,6.1091,9.094100000000001,6.3799,7.2527,11.3222,8.1371,14.4596,8.1167,6.4145,6.3296,8.1371,2.3277,5.5687999999999995,9.2959,7.2864,4.9044,10.1877,8.3829,7.284599999999999,5.3265,5.9112,9.816500000000001,5.1159,10.4063,7.4107,10.5348,10.258099999999999,5.6855,21.0234,3.6178999999999997,10.0365,11.2468,5.1019000000000005,12.5842,7.702800000000001,12.0738,4.9044,10.4527,6.8221,4.8224,8.4526,9.5134,7.372199999999999,10.1827,7.2858,6.8432,8.353200000000001,8.1371,9.143600000000001,5.2675,7.3409,8.0212,8.261199999999999,16.0289,9.0351,10.627500000000001,8.5653,10.6963,10.3856,10.9577,7.5242,8.0655,5.4825,8.2958,3.9715,8.441600000000001,9.248899999999999,8.7223,3.776,7.1843,10.855599999999999,19.5641,6.091200000000001,11.233899999999998,9.2864,8.6374,6.2197,7.354,8.5702,9.5593,9.018699999999999,8.0221,7.933199999999999,6.7995,7.3202,6.8157,8.0084,10.3568,2.7269,2.5380000000000003,12.1172,6.4738
2008-09-04,1674.4966999999997,831.0520999999999,843.4445999999998,430.0944000000001,400.95770000000005,415.8928,427.5518000000001,7.694599999999999,6.4807,8.244,3.6186,8.431999999999999,6.9961,12.304000000000002,9.4363,7.0029,10.133,4.6211,11.1792,10.267800000000001,8.7775,11.732200000000002,4.980499999999999,4.6488,10.6314,8.3003,7.748099999999999,7.913,14.895199999999999,6.4807,10.6699,13.3273,8.9941,7.9142,6.7094,5.1625,8.132,4.2376,7.191699999999999,6.1426,6.0744,7.7399000000000004,10.2301,4.980499999999999,6.1378,6.8267999999999995,7.9434000000000005,7.050599999999999,10.003599999999999,8.038,27.043400000000002,18.674599999999998,4.980499999999999,7.600900000000001,9.2656,9.1008,7.4042,5.181100000000001,11.7428,6.4129000000000005,10.0976,9.0069,11.526,7.4427,4.7852,10.379600000000002,4.7501999999999995,8.4444,7.8328999999999995,4.2326999999999995,5.401999999999999,16.6964,4.980499999999999,7.6139,7.8735,6.5803,9.5641,8.3085,4.3704,8.5151,8.0824,10.4377,8.106300000000001,6.4807,7.8547,8.1541,6.5205,8.1197,8.8616,7.963,10.448699999999999,7.3979,2.0806,10.361999999999998,3.8752,13.3106,11.4311,7.2368,10.1293,7.6713000000000005,7.32,10.1963,7.744,8.6475,4.347099999999999,6.3918,10.0471,9.8308,4.980499999999999,11.6543,9.696100000000001,8.2622,4.980499999999999,3.9160000000000004,11.0222,6.3156,10.2268,6.4807,7.2707999999999995,12.0946,8.2622,14.5167,8.3095,6.6177,6.2787999999999995,8.2622,2.4386,5.1394,9.328299999999999,6.0194,4.980499999999999,9.8676,9.2758,9.0663,5.283799999999999,6.0739,9.4815,5.1951,9.918199999999999,7.5234000000000005,8.6496,10.700000000000001,5.8323,21.2325,3.6836,10.459,11.1509,5.3004999999999995,12.985700000000001,8.1243,13.2284,4.980499999999999,10.5185,8.1714,5.0193,8.330400000000001,8.9559,7.843599999999999,10.5763,10.341099999999999,6.855600000000001,8.642399999999999,8.2622,9.2158,5.4012,7.365699999999999,8.1588,7.8403,15.3281,9.2756,11.194300000000002,8.927299999999999,10.5481,10.7778,7.533,7.6873000000000005,8.8524,5.545300000000001,8.5449,4.017100000000001,8.5418,9.4588,8.3382,3.8935999999999997,7.4318,10.136899999999999,18.424,6.910499999999999,10.171999999999999,9.7619,8.842600000000001,6.2531,7.325899999999999,8.794899999999998,11.0289,8.8697,8.2508,10.193200000000001,7.647600000000001,7.3312,7.080500000000001,8.1872,10.534500000000001,2.8003,2.7122,13.227500000000001,6.668
2008-09-05,1747.2988999999995,878.8102,868.4886999999995,451.8597,426.95050000000003,417.9222999999999,450.56640000000016,7.7501,6.6942,8.0998,6.6942,8.3705,7.2717,15.7832,9.1525,5.876799999999999,11.2102,4.7783,12.278099999999998,11.006,10.6459,9.7083,5.1269,4.7648,11.3964,8.3437,7.626,6.7112,14.5107,6.6942,10.9084,17.5568,7.316800000000001,9.7509,5.9962,5.6194999999999995,10.3924,4.7208,7.199300000000001,6.146100000000001,6.3858999999999995,7.67,10.983899999999998,5.1269,6.4413,7.0678,8.299299999999999,7.7501,9.5593,8.8636,27.9771,21.367600000000003,5.1269,7.607100000000001,8.763200000000001,9.2205,7.548299999999999,10.1521,10.4893,13.1273,9.7803,9.349499999999999,12.1364,7.5669,4.820399999999999,10.6744,5.616899999999999,6.8413,7.930199999999999,4.0175,5.4288,19.0079,5.1269,7.509,7.3924,6.9342999999999995,12.4566,7.7731,4.2392,8.732400000000002,6.993,10.9745,10.947500000000002,6.6942,7.9055,8.476,6.686999999999999,8.1614,9.0695,7.924200000000001,10.3581,7.166499999999999,2.3211,10.5559,3.7017999999999995,19.815,9.4944,7.2191,10.4991,6.787800000000001,7.4212,11.9839,8.444500000000001,8.7712,4.5228,6.965900000000001,9.9863,12.609699999999998,5.1269,10.6135,10.034400000000002,8.3396,5.1269,4.086,11.6736,6.3342,6.1703,6.6942,7.3941,10.314300000000001,8.3396,21.9129,8.9353,6.9708,6.416499999999999,8.3396,2.4703999999999997,4.741999999999999,8.7925,5.1269,5.1269,9.7664,10.3875,8.247,5.589300000000001,6.3609,10.398599999999998,5.2418,9.8196,7.8786,8.6841,12.4004,6.075900000000001,20.8287,3.6981,8.7133,11.5852,5.759600000000001,16.4516,9.3046,7.2141,5.1269,10.912799999999999,5.601699999999999,4.995,6.843500000000001,8.346,9.2778,11.514600000000002,9.0279,6.9993,8.887599999999999,8.3396,9.664200000000001,5.6821,7.492899999999999,8.2587,7.925700000000001,16.827599999999997,10.1613,11.2222,9.5808,10.7476,12.3752,11.5622,7.507999999999999,10.8175,5.645,8.8853,4.0175,8.5346,9.9266,8.7472,3.8632,8.044,20.4712,16.589100000000002,4.352500000000001,12.839899999999998,9.7495,9.0525,6.503,7.377,8.694,9.7567,8.5938,8.874699999999999,9.2072,6.7855,7.324999999999999,7.287800000000001,8.7052,10.9773,3.1722,2.7206,13.7623,6.2332
2008-09-06,1275.8348999999998,633.5503999999996,642.2845000000001,324.6309999999999,308.9194,316.26039999999995,326.0241,6.2562999999999995,5.2874,6.0404,5.2874,6.794599999999999,6.0332,8.503,6.4952,4.4551,7.6445,3.8669,8.4539,8.4207,6.6112,5.0878000000000005,3.9838000000000005,3.8111,8.937100000000001,6.614300000000001,6.6927,5.4181,6.7509,5.2874,8.133099999999999,10.437899999999999,4.761100000000001,6.790900000000001,4.1863,4.0351,6.346,3.7542,6.1854,3.7611000000000003,4.865399999999999,4.9854,8.0305,3.9838000000000005,4.721399999999999,5.3655,6.4144000000000005,6.766699999999999,6.9742,7.093,24.5041,11.4743,3.9838000000000005,5.3722,6.6111,6.8085,5.5526,10.9359,8.565700000000001,5.3241,7.1238,7.213800000000001,9.7378,5.5709,4.281599999999999,7.8995,4.9668,3.7184,6.3231,3.7547,4.0524000000000004,11.0885,3.9838000000000005,4.7983,6.5357,5.427300000000001,7.3696,6.489800000000001,2.6075,6.850299999999999,5.569599999999999,7.736300000000001,6.5463000000000005,5.2874,6.186,6.094000000000001,4.9932,5.4208,6.9816,5.6610000000000005,6.2722,6.1014,1.9788000000000001,7.3537,2.8836,7.8131,5.8398,6.2646999999999995,9.088899999999999,4.5872,5.5327,9.881800000000002,6.729,6.671200000000001,3.7402,5.8695,7.216099999999999,8.292499999999999,3.9838000000000005,8.043099999999999,8.198,6.686400000000001,3.9838000000000005,3.5928,8.4224,5.3114,5.190799999999999,5.2874,5.5712,6.4177,6.686400000000001,10.5277,6.9997,6.027100000000001,4.258699999999999,6.686400000000001,2.2302,4.2158,6.2117,3.9838000000000005,3.9838000000000005,7.257099999999999,7.8234,5.5032,4.4491,4.7998,9.326799999999999,4.1488,7.786,7.1825,6.8459,7.9498,4.6096,19.311,2.9595000000000002,6.667,8.4054,4.3748000000000005,13.6842,6.9087,5.648600000000001,2.4653,7.860399999999999,3.3191,4.714499999999999,5.198,6.2693,8.4727,7.643599999999999,4.999,4.3881,6.932500000000001,6.686400000000001,7.422000000000001,4.461600000000001,5.8007,6.257,6.7875,12.805499999999999,7.012099999999999,7.4948,6.7583,7.4323999999999995,9.466700000000001,7.5337,6.0555,7.5655,4.4338,6.5076,3.1141,6.573,7.806299999999999,7.0756,2.5564999999999998,5.3874,4.1563,14.8321,3.5137,5.558199999999999,7.929499999999999,5.9858,5.594800000000001,6.3387,6.249700000000001,5.4183,9.4983,7.7397,4.848700000000001,5.121300000000001,6.1329,6.0134,7.788200000000001,7.8413,2.7756,1.6918,10.9826,4.5832999999999995
2008-09-07,1103.9779,547.3341000000001,556.6437999999999,273.1359999999999,274.19809999999995,276.56899999999996,280.0748,5.7176,4.608499999999999,4.8549,4.608499999999999,5.9201999999999995,5.0358,5.928299999999999,5.2287,3.5274000000000005,7.0513,3.3021000000000003,6.7157,7.7292000000000005,5.5189,4.6952,3.4869000000000003,3.2624999999999997,7.5855,5.5403,6.408200000000001,7.5815,5.825399999999999,4.608499999999999,7.1693,7.1787,3.9255,5.5065,3.5164,3.181,4.7544,3.2093000000000003,5.4392000000000005,3.1101,4.515,4.1807,6.8496,3.4869000000000003,4.1889,4.3162,5.2807,5.753,6.4761,6.9971,18.0444,7.049600000000001,3.4869000000000003,5.3682,5.3614999999999995,5.404999999999999,4.6447,12.610299999999999,7.878300000000001,4.415100000000001,5.4023,6.3723,8.6907,4.6941999999999995,4.028499999999999,8.9681,4.3772,3.0305,5.8648,3.6526000000000005,3.8036000000000003,7.550800000000001,3.4869000000000003,3.8594999999999997,7.8238,4.816,6.5409,5.897500000000001,2.1652,6.0937,4.9503,6.967,5.6728000000000005,4.608499999999999,5.6263000000000005,5.040000000000001,4.4004,4.3376,6.411,5.480700000000001,4.9805,5.4013,1.8003,6.310499999999999,2.6041000000000003,5.5229,5.227399999999999,7.199999999999999,8.3994,3.5584,4.4638,7.5329999999999995,5.785299999999999,5.645,2.9692999999999996,5.6873000000000005,5.5922,6.9967,3.4869000000000003,6.9063,8.9255,5.8124,3.4869000000000003,3.8015999999999996,8.713000000000001,4.3335,4.8416999999999994,4.608499999999999,4.6517,5.7684999999999995,5.8124,6.7394,6.0779,5.4521999999999995,3.8192000000000004,5.8124,2.0069,3.4869000000000003,5.0772,3.4869000000000003,3.4869000000000003,5.5678,6.6396,4.3791,3.6512000000000002,3.9317,7.661,3.7199,6.9879,6.706099999999999,5.7312,5.6364,3.8749999999999996,17.355400000000003,2.6208,6.0432,7.5649999999999995,3.7475000000000005,13.2562,5.825099999999999,5.3369,3.4869000000000003,6.720400000000001,2.7254,4.6805,4.337899999999999,4.7894000000000005,7.059799999999999,6.957500000000001,4.3629,4.1128,5.9613,5.8124,6.7787,3.726,5.071,5.235,6.0271,12.3323,5.7992,5.9269,6.3316,5.6952,7.9813,6.564500000000001,4.668799999999999,6.3621,3.8857,5.4417,2.558,5.3833,8.2135,5.843999999999999,2.2314,4.3521,3.7808,8.5673,2.9261,4.65,6.7887,5.203900000000001,4.9582999999999995,5.693,5.7478,4.687100000000001,7.274800000000001,6.6216,4.2466,4.3111999999999995,5.3962,6.1164,6.6876,7.172599999999999,3.0009,1.5894999999999997,9.6331,4.3452
2008-09-08,1583.476,797.3905000000002,786.0854999999998,416.68659999999994,380.7039,380.67990000000003,405.40560000000005,7.334,6.105,7.163099999999999,6.105,8.5961,6.396,8.9696,8.4875,5.6864,10.8795,5.2927,13.2996,10.9326,8.1465,8.6879,4.7128,4.3771,10.0957,7.2868,7.546200000000001,8.7438,13.9829,6.105,9.8705,12.3697,8.5839,10.477500000000001,5.7116,5.3458000000000006,7.9774,4.0935,8.621,5.9262,5.764,6.102399999999999,9.710700000000001,4.7128,5.8467,8.9835,7.6749,6.8423,9.0307,10.173,24.3666,15.350100000000001,4.7128,8.2181,9.8939,8.5002,6.895,10.5703,9.395399999999999,7.0295000000000005,8.4846,8.654399999999999,10.488399999999999,6.9456,4.8682,10.0344,4.232200000000001,7.7551,7.636699999999999,4.1385000000000005,5.0388,14.1861,4.7128,5.550599999999999,8.3735,6.3342,9.4885,8.6682,4.3462,8.009500000000001,6.4634,10.5291,7.6096,6.105,7.4481,8.2489,6.1800999999999995,6.3536,8.629100000000001,7.9077,7.8182,6.9122,6.259,9.4764,3.4244,10.182500000000001,9.182,7.643700000000001,10.2052,6.307499999999999,6.6296,11.7949,7.1402,7.5964,4.0214,7.0732,8.6208,8.8406,4.7128,10.3199,9.656200000000002,7.7957,4.7128,3.9005,10.912700000000001,5.5043,7.042800000000001,6.105,6.8908000000000005,10.269200000000001,7.7957,12.711500000000001,8.0037,6.367900000000001,6.089,7.7957,2.2879,4.7128,8.2757,4.7128,4.7128,8.845799999999999,8.1733,7.513999999999999,5.0014,5.745099999999999,9.688099999999999,5.4756,9.6135,7.3129,8.3712,9.9664,5.5401,20.023600000000002,3.5879000000000003,8.078,11.1344,5.2779,14.3787,7.8317,8.583,4.7128,9.497200000000001,7.3457,4.8607000000000005,6.482,7.5100999999999996,10.810099999999998,13.552900000000001,8.067,6.7671,8.3057,7.7957,8.7514,5.3145999999999995,7.0965,7.6427,7.6952,16.6463,8.3763,9.9205,8.584299999999999,8.9522,12.182300000000001,5.416,7.3458,8.5451,5.2283,7.8625,5.2289,8.2454,9.4929,10.051400000000001,3.6884,6.6722,7.9151,16.3847,4.024,6.358,9.0166,8.2444,6.3699,7.2814,8.4743,9.5174,8.2182,7.871599999999999,8.4284,6.4863,7.0591,7.2607,7.800399999999999,9.9069,2.697,2.5323,13.6474,5.6738
2008-09-09,1627.2863999999995,822.1153999999999,805.1709999999997,426.42230000000006,395.69309999999996,398.37210000000005,406.79890000000006,8.117,6.2542,7.566999999999999,6.2542,9.4479,6.6394,11.0541,9.683399999999999,6.162699999999999,9.462499999999999,4.4381,10.9217,10.962599999999998,8.453800000000001,9.8275,4.7749,4.472099999999999,10.265699999999999,7.6981,7.5881,9.1777,14.0851,6.2542,11.0948,12.1996,8.2993,12.8168,7.0486,5.4269,7.6817,4.0798,6.8985,6.1151,5.7764,7.3032,10.649,4.7749,6.035,6.4619,7.813200000000001,6.903,9.593,8.0798,26.277199999999997,17.1149,4.7749,9.3593,7.957,9.1938,7.1327,10.309000000000001,10.7895,7.458600000000001,8.9382,9.0775,11.7984,7.078200000000001,4.8081,10.677,4.956200000000001,7.9599,7.8290999999999995,3.8994,5.2089,15.6518,4.7749,6.329,8.6843,6.485799999999999,9.7517,9.093,4.5432,8.2598,7.5752999999999995,9.805,7.5939,6.2542,7.792900000000001,7.9893,6.5516000000000005,7.9755,9.346,7.3581,11.2897,7.5738,2.2096,10.1391,3.4404000000000003,11.915299999999998,9.8882,6.9033999999999995,10.6943,6.7842,6.9223,9.6694,7.2178,7.9909,4.2174,7.1619,9.072099999999999,9.3775,4.7749,10.895900000000001,9.9871,7.950000000000001,4.7749,3.5857,11.2159,5.400399999999999,6.4483,6.2542,8.016399999999999,10.400599999999999,7.950000000000001,13.7197,8.248899999999999,6.4754,7.5024999999999995,7.950000000000001,2.3314000000000004,4.836,10.0013,4.7749,4.7749,10.325000000000001,14.729199999999999,8.7804,5.200800000000001,6.0327,9.357299999999999,4.3202,10.145299999999999,7.3407,9.1196,9.541599999999999,5.6851,18.531299999999998,3.6981,8.9417,10.8508,4.9754,15.280100000000001,7.9449,8.6517,3.1277,10.4609,7.290500000000001,4.8513,6.6466,8.8964,6.8731,10.193399999999999,9.7131,8.2366,8.2852,7.950000000000001,9.0854,5.2684,7.2948,7.909,7.7639,15.764,8.244599999999998,11.4147,9.1481,9.733600000000001,10.0638,5.4798,7.3931000000000004,8.2165,5.327500000000001,8.624200000000002,3.9663,8.177200000000001,9.7506,8.3549,3.8253000000000004,8.8215,5.548,17.038,4.3166,9.211,9.1304,8.247,6.2266,7.343,8.7236,10.1435,8.459900000000001,8.426200000000001,8.9825,7.500399999999999,7.8675,6.9489,8.0079,10.3523,2.5637,2.6703,11.848199999999999,6.3648
2008-09-10,1641.0992999999999,818.9020999999998,822.1972000000001,425.8180000000001,393.08410000000003,401.8861000000001,420.31110000000007,7.671900000000001,6.3799,7.7665,6.3799,8.6994,6.7498,10.2691,9.0738,6.662100000000001,9.8666,4.5409,11.801400000000001,10.2043,8.4844,9.4132,4.9044,4.5603,10.3088,7.9315,7.4455,10.2698,14.613199999999999,6.3799,10.819700000000001,12.706900000000001,8.4127,9.556,5.9337,5.5362,7.5636,3.9791000000000003,7.1152999999999995,6.143,6.029300000000001,6.3681,10.4282,4.9044,6.102499999999999,6.8145,7.891500000000001,7.4354000000000005,9.736799999999999,9.3367,27.2476,16.5082,4.9044,8.916,8.831199999999999,8.956600000000002,7.2638,10.739899999999999,10.7089,6.592199999999999,10.223600000000001,8.9006,10.648,7.254700000000001,4.7867,10.7985,4.7602,8.0992,7.7021999999999995,4.2073,5.247,15.198,4.9044,5.9747,9.595600000000001,6.6799,9.4354,6.7982000000000005,4.3864,8.421100000000001,7.6476,9.911399999999999,7.75,6.3799,7.7419,8.2241,6.4732,8.2908,9.020399999999999,7.6827000000000005,8.3412,7.1609,2.1807999999999996,7.9008,3.5163,12.356099999999998,11.078800000000001,8.2166,10.2899,7.055400000000001,7.065699999999999,10.052,7.484399999999999,8.2474,4.3052,6.5145,10.1334,9.323500000000001,4.9044,10.916,10.0625,8.1371,4.9044,3.6929,11.461,5.940300000000001,7.4384999999999994,6.3799,7.306000000000001,11.5191,8.1371,14.2815,8.0547,6.4743,6.1911,8.1371,2.4228,5.2573,8.8752,7.3313,4.9044,10.507200000000001,8.4394,7.5098,5.2341,6.061,9.3869,4.3536,10.489,7.3948,9.8227,9.48,5.7883,19.7811,3.6423,8.4786,11.420300000000001,5.408899999999999,15.517,7.7302,9.929300000000001,4.1306,10.7082,7.7895,4.776,7.3934,8.6615,8.1989,11.7274,10.4291,6.9726,9.1019,8.1371,9.2212,5.4013,7.3642,8.0044,7.973399999999999,17.232599999999998,9.543800000000001,10.7369,9.0327,10.5976,10.5594,4.2646,7.657100000000001,8.08,5.411899999999999,8.5144,4.4183,8.423100000000002,9.850200000000001,9.591,3.8114999999999997,7.1277,10.3414,17.6127,5.3870000000000005,8.244600000000002,9.195899999999998,8.3106,6.4182,7.4619,8.8622,9.7302,8.7441,8.1075,9.817900000000002,7.006500000000001,7.2516,6.9016,8.104700000000001,10.505500000000001,2.6305,2.7003999999999997,13.3013,6.2905
2008-09-11,1675.1197999999995,831.216,843.9037999999996,428.8078999999999,402.40810000000005,408.31080000000003,435.593,7.637600000000001,6.4807,7.929200000000001,3.6186,8.6225,6.819599999999999,12.1917,9.1408,5.733499999999999,9.7418,5.2725,10.577300000000001,10.1978,8.661100000000001,9.3522,4.980499999999999,4.626100000000001,10.5068,8.3003,7.8114,9.838799999999999,15.700999999999999,6.4807,11.8131,13.2563,8.5981,7.789700000000001,5.696400000000001,8.9506,7.7856000000000005,4.2171,7.1631,6.2908,6.1083,6.1867,9.8072,4.980499999999999,6.209899999999999,6.842199999999999,8.049,7.1122,10.292100000000001,8.932500000000001,26.8388,17.8697,4.980499999999999,7.4746999999999995,8.5223,9.476199999999999,7.341799999999999,5.405799999999999,12.255700000000001,7.228200000000001,9.3406,9.0785,11.805499999999999,7.3957,4.8419,10.7085,3.6167,8.392199999999999,7.750300000000001,4.201499999999999,5.4165,16.1396,4.980499999999999,5.9839,9.216099999999999,6.6695,9.7079,6.987800000000001,4.386100000000001,8.5375,7.5385,10.3907,8.9284,6.4807,8.379999999999999,8.564400000000001,6.673300000000001,7.093,8.963700000000001,8.2641,8.127500000000001,9.5063,2.0593000000000004,8.671399999999998,3.7125000000000004,15.723899999999999,11.0824,8.8707,10.4126,8.2703,7.3498,10.7875,7.662999999999999,8.6475,4.3624,6.2994,9.5383,10.2638,4.980499999999999,10.7319,10.1191,8.2622,4.980499999999999,3.9255999999999998,11.5939,5.8939,6.67,6.4807,7.2532,11.7634,8.2622,16.3347,8.385200000000001,6.668200000000001,6.0618,8.2622,2.4745,4.980499999999999,8.6797,7.349400000000001,4.980499999999999,9.9922,8.8921,8.7396,5.279,6.120900000000001,9.700299999999999,4.4483999999999995,9.6151,7.5573999999999995,8.5101,9.170099999999998,5.8378,21.6739,3.6804,10.1661,11.878499999999999,5.2752,16.099899999999998,8.102,8.4973,4.980499999999999,10.3171,7.5547,4.8922,7.318200000000001,8.6542,8.7041,11.049600000000002,12.687899999999999,7.067599999999999,8.994,8.2622,9.3504,5.4878,7.4162,8.1227,7.8649000000000004,17.412799999999997,9.0045,11.7623,9.197199999999999,9.9374,10.8977,7.821199999999999,7.6121,9.2276,5.518,8.6114,4.0927,10.7782,10.0878,11.0701,3.8053,7.4317,7.073,17.096400000000003,5.919599999999999,9.0526,9.7034,9.5355,6.3915999999999995,7.4344,8.959299999999999,10.2964,9.3675,8.2265,10.559,7.4467,7.2675,7.1006,8.04,11.4104,2.7701000000000002,2.8375,13.114799999999999,6.7148
2008-09-12,1725.5548999999996,865.4294000000001,860.1254999999996,453.6647,411.7647,412.3731000000001,447.75240000000014,7.9068,6.6942,8.2016,6.6942,9.7874,7.431,16.026699999999998,8.5528,5.5481,9.777800000000001,4.9292,11.0354,10.9208,8.9261,6.915,5.1269,4.804,11.1591,8.3437,7.7283,9.185599999999999,15.2041,6.6942,11.9031,13.573400000000001,11.899199999999999,11.1206,6.4701,5.970300000000001,8.318999999999999,4.7648,7.2988,6.0905000000000005,6.2804,6.519,10.739899999999999,5.1269,6.715199999999999,7.1971,8.386,8.2289,9.9898,11.3775,28.488400000000002,19.5538,5.1269,7.831900000000001,10.3604,9.115199999999998,7.6246,9.1534,10.319500000000001,11.0206,10.224599999999999,9.2454,11.9743,7.6899999999999995,4.8744,10.9262,5.738099999999999,7.5358,7.834899999999999,4.2301,5.3171,16.853900000000003,5.1269,6.2981,8.6431,6.9209,11.818200000000001,6.582800000000001,4.3661,8.648,6.9047,9.703299999999999,9.9877,6.6942,7.8418,8.4449,6.7410000000000005,8.7865,8.881799999999998,7.826899999999999,8.7915,7.585299999999999,2.1969000000000003,7.650600000000001,3.6593,18.1523,10.6288,6.9625,10.5557,7.035699999999999,7.4575000000000005,9.660599999999999,8.437999999999999,8.7712,4.4816,6.3738,10.208200000000001,11.536699999999998,5.1269,10.946200000000001,10.2375,8.3396,5.1269,4.2195,11.6256,5.8293,6.432,6.6942,8.2142,7.7168,8.3396,19.7776,8.913699999999999,6.987799999999998,6.3646,8.3396,2.5143999999999997,5.1269,9.1752,7.5920000000000005,5.1269,10.5868,10.286399999999999,7.0566,5.9338,6.486600000000001,10.4324,4.2829,9.7273,7.888299999999999,8.6603,10.3234,6.0522,20.5965,3.7011,9.322099999999999,10.755199999999999,5.832800000000001,16.052599999999998,10.446,6.3418,2.6723,11.759800000000002,5.5381,5.0156,6.3507,9.9678,9.8855,11.594,11.698900000000002,7.0663,8.7381,8.3396,9.6448,5.528700000000001,7.871700000000001,8.4155,8.0413,17.8027,10.022400000000001,12.2188,9.2987,10.8675,10.6696,8.4924,7.8616,12.2989,5.7301,9.8044,3.9029,8.6751,10.033600000000002,8.727,3.9065,7.6827000000000005,8.4656,19.0359,5.8420000000000005,12.654300000000001,9.9789,8.4128,6.6822,7.4213000000000005,8.619,10.087900000000001,8.5905,8.9769,10.0367,7.765300000000001,7.2814,7.3985,8.5835,10.946000000000002,3.0755999999999997,2.8652,14.496300000000002,5.7173
2008-09-13,1267.5741999999998,630.4674999999999,637.1066999999999,333.68309999999997,296.7844,322.0678,315.0388999999999,6.2979,5.2874,6.2198,5.2874,7.330300000000001,6.0311,8.3363,6.6476,4.3929,7.661099999999999,3.9876,7.935700000000001,8.5493,6.5024999999999995,4.9725,3.9838000000000005,4.0649,9.055299999999999,6.614300000000001,6.688000000000001,5.4593,6.670999999999999,5.2874,8.1776,13.191799999999999,4.6354,9.664,4.3893,4.041600000000001,5.952999999999999,3.8349,6.2491,3.7306999999999997,4.9300999999999995,4.992,8.001900000000001,3.9838000000000005,4.6922,5.5785,6.7324,7.127000000000001,6.9039,7.5766,22.604999999999997,13.7073,3.9838000000000005,6.0861,6.7695,6.999,5.8832,4.4863,8.6116,5.5252,7.4192,7.2084,9.3121,5.926,4.242,8.0315,2.9608,3.6925999999999997,6.2135,3.8596999999999997,4.0388,11.648599999999998,3.9838000000000005,4.7107,6.618,5.4982,7.5154,5.5364,2.5801000000000003,6.784000000000001,5.555200000000001,7.6358,6.3715,5.2874,6.1075,6.110800000000001,4.8591999999999995,5.442399999999999,6.669700000000001,5.862,6.2444,6.0615000000000006,1.9289,5.2769,2.8425000000000002,7.166,5.795000000000001,6.6038,9.1135,4.4214,5.7047,8.2219,6.7591,6.671200000000001,3.8407,6.2801,7.548399999999999,8.8492,3.9838000000000005,8.309899999999999,8.327,6.686400000000001,3.9838000000000005,3.8245000000000005,8.5994,4.7943,5.3334,5.2874,5.7883,6.3686,6.686400000000001,10.500399999999999,7.1246,5.9871,4.4405,6.686400000000001,2.4138,3.9838000000000005,6.457800000000001,6.9468,3.9838000000000005,7.3948,8.563099999999999,5.546900000000001,4.4433,4.7369,9.3247,3.2737999999999996,7.786,7.276999999999999,6.864599999999999,6.9406,4.796,19.4773,2.9463999999999997,6.6693999999999996,8.3544,4.2526,13.7241,7.175300000000001,5.597300000000001,3.9838000000000005,7.7675,3.2872000000000003,4.7069,5.1850000000000005,6.6455,0.13319999999999999,7.782400000000001,4.9759,4.3501,7.0535,6.686400000000001,7.498600000000001,4.1937,5.848,6.4986999999999995,6.6956,14.603299999999999,6.9056999999999995,7.4335,6.7399000000000004,7.847,8.7974,6.8372,6.199199999999999,7.971400000000001,4.5054,6.570499999999999,3.1239,7.2520999999999995,8.0394,6.9718,2.5895,5.3706000000000005,4.2055,12.424700000000001,3.3481,5.8530999999999995,7.7311000000000005,5.984999999999999,5.7313,6.2747,6.1779,5.4666999999999994,7.1504,7.6815,4.8451,5.4104,6.038500000000001,6.097199999999999,7.5048,7.8032,2.7789,1.6188,10.889600000000002,4.548500000000001
2008-09-14,1098.1766,539.2098000000001,558.9667999999999,279.88370000000015,259.3261,280.4169,278.54990000000004,5.9043,4.608499999999999,5.0031,4.608499999999999,6.360799999999999,4.848599999999999,7.0582,5.4385,3.5847999999999995,6.939000000000001,3.3308,6.6947,8.0191,5.2977,8.7942,3.4869000000000003,3.3198000000000003,7.4510000000000005,5.5403,6.5669,4.7393,5.7652,4.608499999999999,7.225000000000001,7.3328999999999995,3.6861,6.451599999999999,3.6391999999999998,3.2626999999999997,4.7402999999999995,3.3179999999999996,5.5651,3.1683,4.509600000000001,4.0634999999999994,6.6312,3.4869000000000003,3.8441,4.4780999999999995,5.5318000000000005,5.5893999999999995,6.426,7.0893,20.339599999999997,7.2708,3.4869000000000003,4.7806999999999995,5.5642000000000005,5.684,4.7497,4.071,7.7525,4.558400000000001,5.619199999999999,6.1672,8.065100000000001,4.787,4.1157,7.859,4.6831,3.0706,5.5629,3.6799,3.7403000000000004,7.681099999999999,3.4869000000000003,3.9493,6.1706,4.7623,6.6534,4.9611,2.1465,5.8165,4.7706,6.8414,5.4716,4.608499999999999,5.527099999999999,4.924,4.277200000000001,4.3233,5.7826,5.5578,5.0694,5.4253,1.6953999999999998,4.0045,2.4823000000000004,5.5428,5.085100000000001,8.3201,8.6293,3.6027,4.6212,7.427300000000001,5.743399999999999,5.645,3.1547000000000005,5.724600000000001,5.7093,7.140899999999999,3.4869000000000003,7.0671,8.285499999999999,5.8124,3.4869000000000003,4.1000000000000005,8.1804,4.338900000000001,4.9694,4.608499999999999,4.8282,5.8228,5.8124,6.789299999999999,6.1623,5.2105999999999995,3.9408999999999996,5.8124,2.1022000000000003,3.4869000000000003,5.2998,6.398000000000001,3.4869000000000003,5.711600000000001,7.3591,4.5999,3.6325000000000007,3.8575999999999997,7.461399999999999,2.6957999999999998,6.8303,6.7085,5.624199999999999,5.578899999999999,3.9151999999999996,18.9195,2.6022,6.0638000000000005,7.4877,3.6948999999999996,13.081299999999999,5.8781,5.4398,3.4869000000000003,6.6423000000000005,2.7191,4.7368,4.0937,4.9662,5.9374,6.979900000000001,4.2119,4.1065,6.0853,5.8124,6.964099999999999,3.5635000000000003,5.1415999999999995,5.327,5.987399999999999,10.226099999999999,5.6822,5.9508,5.9083,5.8843,7.8875,8.184999999999999,6.784299999999999,6.6652000000000005,3.9092999999999996,5.3394,2.4708,5.4283,7.7912,5.837499999999999,2.2404,4.3832,4.041599999999999,7.0848,2.8049999999999997,4.754300000000001,6.9456,5.0797,5.0257000000000005,5.7242999999999995,5.7914,4.746,6.3601,6.507200000000001,4.127,4.4689,5.375900000000001,6.5302999999999995,6.763,7.084200000000001,3.0812,1.4112,10.030000000000001,4.1217
2008-09-15,1563.2734999999998,773.6304000000003,789.6430999999995,408.3105000000001,365.31989999999996,396.3087999999999,393.3343000000001,7.4185,6.105,7.1802,6.105,8.8991,6.2673000000000005,9.8154,7.6631,5.9043,9.874600000000001,4.2726,10.3858,11.140699999999999,8.142199999999999,15.805299999999999,4.7128,4.412,9.9215,7.2868,7.5474,6.742899999999999,13.616699999999998,6.105,10.345300000000002,15.038300000000001,7.3625,12.790299999999998,5.5542,4.9642,7.8365,4.0713,6.7603,5.9898,5.7919,6.0866,9.415700000000001,4.7128,5.703100000000001,6.2745,7.535100000000001,6.6850000000000005,9.5819,7.3077000000000005,25.4255,13.5981,4.7128,6.744800000000001,7.392,8.2114,7.0947,6.841599999999999,9.8751,6.190300000000001,8.4425,8.775500000000001,9.8591,7.035,4.7931,10.2766,5.364,7.8352,7.5151,4.1845,4.9962,12.9344,4.7128,5.5289,7.478199999999999,6.2856000000000005,8.988900000000001,8.123999999999999,4.1505,7.9937000000000005,6.5967,9.637599999999999,7.379899999999999,6.105,7.474999999999999,8.4459,6.2493,7.068900000000001,8.1543,7.6504,7.9667,6.649,1.942,7.1823999999999995,3.3644000000000003,11.512799999999999,9.1126,7.3292,10.3217,6.2666,6.6343,9.17,7.111800000000001,7.5964,4.087400000000001,7.5181,8.610700000000001,8.9964,4.7128,10.5338,9.790299999999998,7.7957,4.7128,3.7711000000000006,10.9838,5.6106,13.1251,6.105,6.9785,9.4213,7.7957,12.835999999999999,8.009899999999998,6.1693999999999996,6.0972,7.7957,2.3451,4.7128,8.506900000000002,7.1411999999999995,4.7128,8.9296,9.293600000000001,7.1447,5.0017,5.8638,9.484,4.1826,9.4973,7.2796,8.2417,9.991399999999999,5.541,19.493000000000002,3.5376000000000003,8.6714,10.9672,4.9736,14.4525,7.7612000000000005,17.7735,4.7128,9.432,6.6183,4.879,6.3458,7.58,7.7858,9.8078,7.2825999999999995,6.813999999999999,8.3378,7.7957,8.8649,5.0624,7.0823,7.8809000000000005,7.6596,13.6427,8.4998,9.8798,8.392,8.8909,10.030000000000001,14.028499999999998,7.1297999999999995,8.1808,5.3727,7.9047,4.7973,7.8497,9.497,8.0971,3.6615,6.8091,7.5333999999999985,15.43,3.9795999999999996,6.0686,8.806799999999999,7.9961,6.0868,7.1829,8.4712,10.0974,7.9205000000000005,7.7056,8.2242,6.266,6.8942,6.8918,7.7155,10.439,2.7156000000000002,2.4031000000000002,11.9514,5.5174
2008-09-16,1644.4669999999994,822.1230999999996,822.3438999999998,429.42580000000004,392.69730000000004,414.21620000000013,408.12770000000006,7.3967,6.2542,7.4603,6.2542,9.856,6.5908,12.0978,7.8928,5.524,10.372700000000002,4.4696,10.5842,10.4688,8.2709,15.1408,4.7749,4.4878,10.5131,7.6981,7.431900000000001,7.034700000000001,15.209399999999999,6.2542,10.3307,15.1065,9.1239,14.7447,6.408200000000001,5.285399999999999,7.8567,4.0877,7.014200000000001,6.0218,5.966099999999999,6.952699999999999,10.898,4.7749,6.1148,6.6673,7.897,6.9731000000000005,9.5973,8.078,26.0976,15.8863,4.7749,6.8637,7.912800000000001,8.738199999999999,7.2154,7.875600000000001,10.5569,8.1894,9.756499999999999,8.9856,11.9682,7.213,5.2137,10.2323,5.3378,8.0724,7.811599999999999,4.2768999999999995,5.0267,14.6768,4.7749,6.7444,7.582700000000001,6.601899999999999,9.773,6.9999,4.3511999999999995,8.4747,7.353,9.8775,7.6508,6.2542,7.939,8.3091,6.395899999999999,8.3615,8.5984,7.4675,9.1714,7.110099999999999,4.4081,8.805900000000001,3.6232,11.7836,9.8391,6.581199999999999,10.7391,7.3742,6.8781,11.299599999999998,7.397799999999998,7.9909,4.2379,7.1092,9.6449,9.1895,4.7749,11.5907,9.7787,7.950000000000001,4.7749,3.8168999999999995,11.0315,5.613300000000001,14.1864,6.2542,7.1501,11.642100000000001,7.950000000000001,13.6418,7.7497,6.3728,6.0295000000000005,7.950000000000001,2.3094,4.982200000000001,9.272300000000001,7.2518,4.7749,9.804400000000001,9.509599999999999,7.6996,5.1933,6.0028999999999995,9.5379,4.356299999999999,10.773900000000001,7.4633,9.892399999999999,10.150500000000001,5.661,20.6428,3.6708,9.165199999999999,11.4533,5.0329,14.6642,7.7828,17.6674,3.3051999999999997,10.2418,7.412599999999999,4.848,7.8626000000000005,8.3839,7.525,10.452300000000001,10.2893,7.1080000000000005,8.259500000000001,7.950000000000001,9.1439,5.2445,7.3142,7.8872,7.9419,16.5244,9.6914,10.0846,9.089,10.0969,11.7468,5.8756,6.772900000000001,8.2056,5.4829,8.389700000000001,4.0427,8.909099999999999,9.603200000000001,8.4098,3.8369,7.1891,5.526400000000001,16.6766,5.443899999999999,7.0281,9.3614,8.8036,6.2112,7.3347999999999995,8.6714,9.276699999999998,7.9298,7.9649,9.788,7.0591,7.1806,6.9223,8.1973,10.9041,2.6995000000000005,2.6395,12.6056,6.8365
2008-09-17,1659.5025,832.2023000000002,827.3001999999999,436.2212,395.9811,415.9702999999999,411.3299000000001,8.787,6.3799,7.8126,6.3799,9.014299999999999,6.5108999999999995,10.9473,11.0836,6.0582,9.6541,4.5275,12.058599999999998,9.9829,8.9736,13.2287,4.9044,4.5651,10.4756,7.9315,7.3983,8.0008,14.9719,6.3799,11.0687,15.2545,9.5404,7.5945,6.5733,5.158899999999999,8.0718,4.3093,7.0981000000000005,6.434200000000001,6.0120000000000005,6.4269,9.6853,4.9044,6.0402,6.7201,7.9616999999999996,6.975499999999999,9.812,9.367,27.132499999999997,15.949600000000002,4.9044,8.6948,8.703600000000002,12.4637,7.337199999999999,9.608799999999999,10.602,8.2663,9.482,9.054300000000001,10.783199999999999,7.2898,5.103199999999999,10.830300000000001,4.3476,8.5379,7.845199999999999,4.261100000000001,5.2427,14.7484,4.9044,5.8652999999999995,8.2452,6.6361,9.7392,8.2958,4.3436,8.3924,7.407299999999999,9.7957,7.894199999999999,6.3799,7.8836,7.7407,6.524999999999999,7.656199999999999,8.691400000000002,8.5569,8.3771,6.5778,2.0395,9.383600000000001,3.5737,13.674700000000001,11.9737,7.2354,10.9117,7.188199999999999,7.127000000000001,9.9031,7.7044,8.2474,4.3109,7.378,9.4192,9.588899999999999,4.9044,11.3902,10.122399999999999,7.8863,4.9044,3.8397000000000006,11.4972,5.862,11.9133,6.3799,7.0914,10.5151,8.1371,14.5938,8.309999999999999,6.490399999999999,6.1634,8.1371,2.4206,5.2557,9.4515,7.2643,4.9044,9.658000000000001,9.625,12.418599999999998,5.3141,6.0604,9.3566,4.7940000000000005,9.8766,7.4666999999999994,8.8428,9.872800000000002,5.7934,18.877299999999998,3.7487999999999997,9.6988,11.8359,5.2888,13.630700000000001,8.1914,14.4951,4.9044,11.4822,7.783,4.8776,6.924000000000001,8.1298,8.4474,10.7106,10.572499999999998,6.9115,8.6765,8.1371,9.1479,5.4013,7.275,8.065100000000001,7.8283000000000005,16.4927,9.130099999999999,10.407100000000002,8.692499999999999,9.8923,10.649000000000001,4.6185,6.967200000000001,9.131899999999998,5.415900000000001,8.5945,5.524,8.472,9.889399999999998,8.540199999999999,3.8728,7.0716,6.183199999999999,16.5716,4.3576999999999995,6.811399999999999,9.0148,8.2549,6.3999,7.3743,9.2258,10.4742,8.9193,7.9528,10.022900000000002,7.194800000000001,7.2189,6.9979,8.026,11.3316,2.7309,2.6402,13.093,5.998899999999999
2008-09-18,1726.7335000000003,867.4658999999998,859.2676000000004,448.26750000000004,419.19840000000005,421.153,438.1146,7.6721,6.4807,7.9416,3.5235,9.9435,6.8248999999999995,11.455,8.7827,6.3718,10.6206,4.7024,11.985599999999998,10.9226,8.819,12.6234,4.980499999999999,4.6616,11.1997,8.3003,7.5574,9.3146,15.981300000000001,6.4807,10.8234,16.4075,8.8186,12.4481,6.0079,5.738700000000001,8.075600000000001,4.3609,7.213799999999999,6.2804,6.2365,8.1164,10.6551,4.980499999999999,6.0714,6.9973,8.0715,7.1966,9.701,9.2252,28.7316,18.686799999999998,4.980499999999999,9.552299999999999,8.9379,9.3601,7.446400000000001,10.5993,12.6475,8.0952,11.3071,9.1698,11.4403,7.5321,5.182,10.9805,4.9708000000000006,8.4644,7.9404,4.191500000000001,5.3001000000000005,16.7835,4.980499999999999,8.4679,8.9427,6.673,10.056099999999999,8.8162,4.4022,8.671,8.0459,10.2827,7.9270000000000005,6.4807,7.9521,8.6838,6.615399999999999,9.1835,8.7432,8.0032,10.7065,7.189499999999999,2.1429,8.7807,3.583,13.3976,12.088899999999999,9.2466,10.4926,7.2523,7.410900000000001,9.586,7.7897,8.6475,4.6399,7.5082,11.204,9.656300000000002,4.980499999999999,11.5001,10.157,7.8197,4.980499999999999,4.02,11.3538,6.128699999999999,11.2993,6.4807,7.4742999999999995,11.0068,8.2622,14.846400000000001,8.5467,6.6629000000000005,6.1698,8.2622,2.4082,4.9356,9.2912,7.396599999999999,4.980499999999999,11.1745,9.7754,8.645499999999998,5.4094,6.1754,9.817,4.4726,10.584299999999999,7.5674,9.747499999999999,10.0497,5.895,20.2816,3.7826,8.9698,11.480599999999999,5.4331,13.6527,8.3604,14.369,4.980499999999999,11.148100000000001,7.790799999999999,4.9193,7.5779,10.472900000000001,8.774,13.453100000000001,13.3946,7.379200000000001,8.377600000000001,8.2622,9.133,5.402399999999999,7.450800000000001,8.251199999999999,7.875299999999999,17.8007,9.7697,11.0505,9.2714,12.3842,10.4438,6.334099999999999,7.5663,9.840599999999998,5.6697,9.460999999999999,4.2534,8.1461,9.8295,8.630799999999999,3.8288,7.357600000000001,9.4477,18.5826,5.010100000000001,8.3983,9.3137,8.8148,6.4758000000000004,7.3991,8.932599999999999,10.3091,9.280000000000001,8.2012,11.0625,7.3123,7.347099999999999,7.3362,8.3015,10.7944,2.8681,2.7952000000000004,13.586599999999999,7.1541
2008-09-19,1765.1435999999999,887.7537999999998,877.3897999999999,458.7101,429.0437000000002,428.7323999999999,448.6574000000001,7.8765,6.6942,8.1417,6.6942,10.1802,7.1203,16.988599999999998,10.1861,5.865399999999999,11.7803,4.8995,11.4828,12.576699999999999,8.964400000000001,10.9087,5.1269,4.8183,11.2821,8.3437,7.6569,9.3271,15.117299999999998,6.6942,10.6297,14.1217,6.8591999999999995,8.8239,5.475099999999999,5.4897,9.1065,4.9005,7.1869000000000005,6.1103,6.3565000000000005,7.6892,11.728900000000001,5.1269,6.3299,7.0397,8.512699999999999,9.4143,9.668199999999999,8.7463,28.165599999999998,20.7331,5.1269,7.6846,11.183699999999998,10.2759,7.4981,8.5319,12.727099999999998,11.785799999999998,11.892499999999998,9.296800000000001,11.5358,7.5815,5.4077,10.8598,5.6061,7.8863,7.7616000000000005,4.2544,5.1924,17.9906,5.1269,7.5859000000000005,8.988,6.8323,12.0313,9.798,4.4325,8.7558,6.9793,9.738000000000001,11.483,6.6942,8.120700000000001,7.9833,6.6759,9.9877,8.6167,8.093,10.292300000000001,6.8174,2.258,8.2744,3.6936,17.7485,9.419999999999998,7.3885000000000005,11.0875,7.3465,7.4572,9.6582,8.762599999999999,8.7712,4.584899999999999,7.585500000000001,11.6646,10.9951,5.1269,10.357099999999999,10.1269,7.417,5.1269,4.3877,12.9384,6.462,7.9493,6.6942,7.285,10.38,8.3396,18.176499999999997,9.0876,7.1003,6.4565,8.3396,2.4071,4.6954,8.465200000000001,8.1774,5.1269,11.9895,10.322199999999999,10.3019,5.6309000000000005,6.5434,10.5458,4.4193999999999996,11.2562,8.1098,11.142199999999999,11.808300000000001,6.1234,19.4566,3.7971000000000004,8.3628,11.3995,5.5816,13.845199999999998,10.7144,10.8235,2.6764,13.6703,5.9688,5.0692,6.4323999999999995,11.123,10.2484,11.3044,12.170600000000002,7.0673,9.734200000000001,8.3396,9.7162,7.4003,7.5282,8.3127,7.8105,18.464100000000002,11.1949,10.717099999999999,9.213799999999999,12.7713,10.876700000000001,6.3305,7.336900000000001,12.3192,5.7212,10.011899999999999,4.0914,8.7278,11.2358,8.7358,4.3057,7.7489,7.3942000000000005,18.7042,4.4988,11.3321,9.916699999999999,8.963899999999999,6.9441,7.2909,8.5888,9.7486,7.907400000000001,9.2832,10.334000000000001,8.817,7.2945,7.575900000000001,8.7747,10.14,3.2305,2.8068,13.756900000000002,5.9188
2008-09-20,1297.5911,640.6043000000001,656.9868000000001,335.936,304.66830000000004,318.83269999999993,338.15409999999997,6.2564,5.2874,6.422599999999999,5.2874,8.302,6.039000000000001,11.0426,6.7863999999999995,4.471500000000001,7.645099999999999,4.0702,7.8115000000000006,8.753300000000001,6.5434,4.9556000000000004,3.9838000000000005,4.1110999999999995,8.901700000000002,6.614300000000001,6.758,5.5619,6.9126,5.2874,8.158900000000001,8.3051,4.9068000000000005,7.9679,4.4551,4.1949000000000005,6.1783,4.3765,6.343299999999999,3.8214,4.9628,5.0931,7.9645,3.9838000000000005,4.782,5.673,6.584,7.1819,7.0565,7.5551,22.7973,15.708799999999998,3.9838000000000005,6.747299999999999,6.6084,6.8976999999999995,5.842599999999999,4.574,8.8251,5.5312,7.446200000000001,7.264,9.4967,5.942,5.0535,8.2513,4.8472,3.7069,6.2707999999999995,3.7801,3.9497,13.181999999999999,3.9838000000000005,4.8581,6.5969999999999995,5.5479,7.4956000000000005,6.365,2.7417000000000002,7.0175,5.5729,7.606399999999999,5.4554,5.2874,6.2653,6.4445,5.0084,5.6188,6.8071,6.162000000000001,6.3264,6.1166,1.9788000000000001,5.629099999999999,2.9464,6.9619,5.962,6.4204,9.0459,4.5266,5.8881,8.3833,7.0428,6.671200000000001,3.9392,6.3159,7.5582,8.5948,3.9838000000000005,8.3683,8.4742,5.6683,3.9838000000000005,4.0639,8.705,5.15,5.1702,5.2874,5.879,6.522400000000001,6.686400000000001,8.6091,7.4293000000000005,6.087100000000001,4.4069,6.686400000000001,2.3399,4.4244,6.510299999999999,7.094900000000001,3.9838000000000005,7.450800000000001,7.855199999999999,5.5218,4.5389,4.8671999999999995,9.787299999999998,3.3207,7.7829999999999995,7.4077,6.9964,7.174899999999999,4.8687000000000005,17.2006,3.085,6.7063,8.4316,4.3048,12.4969,7.4004,5.4669,3.9838000000000005,8.0257,3.2283999999999997,4.8244,5.3887,6.606999999999999,6.6875,7.7536000000000005,5.1119,4.5026,6.6594999999999995,6.686400000000001,7.658099999999999,4.2730999999999995,6.031,6.5168,6.7188,16.9334,7.0465,7.6621999999999995,6.8316,7.8546000000000005,8.8944,14.003699999999998,7.7185,8.1526,4.606,6.771700000000001,3.1512000000000002,6.4578,8.153300000000002,7.0975,2.6404,5.602,3.3524000000000003,16.3156,3.4850999999999996,5.853800000000001,7.834999999999999,5.9536,5.8579,6.2633,6.291,5.539,7.1252,7.8206999999999995,5.023,5.3077000000000005,6.1028,6.5072,7.409199999999999,7.83,2.9750000000000005,1.7222,10.729,4.678700000000001
2008-09-21,1115.9555000000003,554.9935000000003,560.962,283.72240000000005,271.2711,281.6743,279.2877000000001,5.8789,4.608499999999999,5.1121,4.608499999999999,6.5109,5.0133,7.129199999999999,5.2942,3.6071,7.4904,3.4188,6.6975,7.744300000000001,5.3743,4.651199999999999,3.4869000000000003,3.3717000000000006,7.5161,5.5403,6.795499999999999,10.5286,5.9065,4.608499999999999,7.200300000000001,7.309200000000001,3.9570999999999996,7.994300000000001,3.7119,3.3034000000000003,4.8309999999999995,3.4114999999999998,5.5704,3.0831999999999997,4.5656,4.1491,6.8804,3.4869000000000003,4.0213,4.525200000000001,5.3359000000000005,5.8801,6.469899999999999,7.172000000000001,18.6662,7.178200000000001,3.4869000000000003,4.8222000000000005,5.451499999999999,5.526000000000001,4.8393999999999995,6.1317,8.0018,4.5085,5.7361,6.2143999999999995,9.2392,4.8176,4.6773,9.708499999999999,5.0107,3.0030999999999994,5.6911000000000005,3.6713,3.7348000000000003,7.6133,3.4869000000000003,3.9335,9.6881,4.9048,6.6083,6.0261,2.2252,5.9749,4.7314,7.1451,4.7128,4.608499999999999,5.7381,4.9863,4.4009,4.4193,5.9670000000000005,6.431000000000001,5.257300000000001,5.3792,1.7086999999999999,4.3065,2.5439,5.6072,5.1225,6.3651,8.6153,3.6780999999999997,4.6986,7.7848,6.1129,5.645,3.1235,5.748,5.8269,7.187799999999999,3.4869000000000003,7.1468,9.3306,5.2157,3.4869000000000003,4.1045,9.0976,4.3853,4.9099,4.608499999999999,4.9091000000000005,5.619300000000001,5.8124,6.825200000000001,6.1941999999999995,5.3711,3.9858,5.8124,2.2186,3.4869000000000003,5.3463,6.5824,3.4869000000000003,5.8265,6.843499999999999,4.4686,3.6788,3.8932999999999995,7.4746,2.6724,6.9215,6.9056,5.997199999999999,5.6275,4.0398,17.291800000000002,2.6541,6.0188,7.591200000000001,3.7478,12.718499999999999,6.1147,5.4148,3.4869000000000003,6.8352,2.733,4.7401,4.2871,5.0799,5.890299999999999,7.235700000000001,4.3898,4.124,5.8896,5.8124,6.9645,3.7104000000000004,5.180400000000001,5.4391,6.0729,11.586900000000002,5.865600000000001,6.0357,7.1072,6.0123,8.2873,4.4376999999999995,4.979800000000001,6.8941,3.965,5.457800000000001,2.5255,5.342,8.5127,5.8247,2.2620999999999998,4.447100000000001,3.3591000000000006,7.091900000000001,2.8453,4.8719,6.9804,5.0474,5.0762,5.7594,5.7238,4.5593,6.7873,6.7410000000000005,4.2372,4.4007000000000005,5.4416,7.0339,6.847799999999999,7.0543,3.1102,1.5937999999999999,9.9568,4.5158000000000005
2008-09-22,1581.8109000000004,794.8251000000002,786.9858000000002,413.8644,380.9606999999999,385.36440000000005,401.6213999999998,7.1876,6.105,7.2252,6.105,9.1324,6.364199999999999,11.1326,8.7558,7.0674,9.787399999999998,4.7751,10.3453,11.2465,8.040799999999999,10.1913,4.7128,4.3357,10.3614,7.2868,7.7432,6.8453,13.7948,6.105,10.044599999999999,13.4713,8.9709,6.7694,5.832800000000001,5.1249,7.4704999999999995,4.0979,7.687,5.8532,5.759,6.0235,9.1249,4.7128,5.727,7.7177999999999995,7.6579,6.7017999999999995,9.529699999999998,7.325099999999999,25.4812,16.7828,4.7128,9.8049,9.846,8.5732,8.4149,12.4509,9.517,5.926399999999999,9.723099999999999,8.5423,10.4424,6.901400000000001,5.0698,9.977400000000001,5.027200000000001,7.429100000000001,7.5014,4.1425,4.9899000000000004,15.5653,4.7128,5.5463000000000005,7.5167,6.3184,8.7404,9.4086,4.1705,7.9223,6.521100000000001,9.8717,6.6337,6.105,7.7744,7.5724,6.099,8.9284,7.9497,8.2676,7.956199999999999,6.7743,4.678,6.6488000000000005,3.3329,11.788100000000002,9.377200000000002,6.7127,10.023599999999998,7.0947000000000005,7.7971,10.2364,7.222700000000001,7.5964,4.0106,6.9269,9.519,9.3501,4.7128,11.3762,9.5758,7.3485,4.7128,3.9674,11.791899999999998,5.6488,9.243,6.105,6.9841999999999995,8.5157,7.7957,13.3024,7.948899999999999,6.2718,6.0308,7.7957,2.293,4.7128,9.0641,7.0903,4.7128,9.061,8.0036,8.773900000000001,5.0563,5.771199999999999,9.2684,4.2625,8.883099999999999,7.2387999999999995,7.382099999999999,8.965800000000002,5.4608,20.2455,3.5153,9.9764,10.5252,5.156499999999999,12.8766,7.6202,11.353500000000002,4.7128,9.540700000000001,6.1324,4.9047,6.230700000000001,8.0959,7.6164,10.1343,8.433,6.459199999999999,8.500499999999999,7.7957,8.8442,5.7763,7.0413,9.6066,7.5442,14.499799999999999,8.4955,10.8084,9.4512,10.049499999999998,10.395199999999999,11.3085,7.0512,8.1467,5.3342,8.9219,4.0748,7.3227,10.2686,9.6558,3.665,6.6601,5.9054,14.5531,5.3954,5.9986,8.749200000000002,8.175999999999998,5.9745,6.9534,8.5335,9.5289,8.6256,7.7926,9.0655,6.4584,6.8588,6.955,7.744400000000001,10.3058,2.9013,2.4515000000000002,13.154099999999998,5.6796
2008-09-23,1691.5268000000003,826.6050000000005,864.9217999999998,421.47770000000014,405.12729999999993,404.74920000000003,460.1726,7.3615,6.2542,7.612,6.2542,8.273,6.480499999999999,11.1954,9.317900000000002,8.0804,9.985700000000001,4.3744,11.8212,10.444700000000001,8.5524,11.072499999999998,4.7749,4.5516000000000005,10.2887,7.6981,7.749,9.3078,14.2635,6.2542,10.9573,14.0765,9.631,7.320899999999999,6.0634999999999994,5.283600000000001,8.025400000000001,4.0288,7.0054,6.0578,5.9827,7.079600000000001,9.6059,4.7749,6.2189,6.4952000000000005,7.8290999999999995,6.9033,9.5882,7.5611,26.108,15.982199999999999,4.7749,7.3803,7.7626,9.7226,7.290199999999999,11.381800000000002,11.801100000000002,6.3286,9.645900000000001,8.8354,10.140699999999999,7.6206,5.1623,10.511300000000002,7.1127,8.834,7.7162999999999995,4.1607,5.1325,15.069299999999998,4.7749,6.3775,8.7021,6.3813,9.116,8.514600000000002,4.1754999999999995,8.176,7.5692,10.2302,9.2003,6.2542,8.1173,8.1204,6.4242,7.810499999999999,8.1828,7.949999999999999,9.2104,6.5616,3.2907,10.063,3.4093999999999998,14.5211,9.5151,6.6056,10.208400000000001,7.8012,6.9269,10.6314,7.3336,7.9909,4.2218,11.7597,9.546299999999999,9.478200000000001,4.7749,11.0635,9.8757,8.5173,4.7749,3.7085,11.344100000000001,5.984,9.258199999999999,6.2542,7.1484000000000005,10.3366,7.950000000000001,16.0788,8.186200000000001,6.4131,6.080699999999999,7.950000000000001,2.3433,4.7193000000000005,9.3088,7.1676,4.7749,9.6701,8.3177,9.327300000000001,5.2439,5.9505,9.4905,4.4162,9.4268,7.3499,8.0203,9.901599999999998,5.7211,20.9983,3.5894,10.4808,11.0879,5.181100000000001,13.1836,7.6827000000000005,12.414299999999999,4.7749,10.8057,7.918900000000001,4.8514,7.167400000000001,8.2857,8.3383,10.25,9.3133,7.0023,8.7666,7.950000000000001,9.0236,5.8339,7.254300000000001,8.1183,7.9247,16.7932,8.416899999999998,11.581,9.084900000000001,9.9108,10.931799999999999,20.9816,6.8948,8.043000000000001,7.212899999999999,8.5024,4.0799,9.14,9.725999999999999,10.6912,3.7902000000000005,7.1422,38.1413,16.125500000000002,5.1035,6.1849,8.9107,9.715900000000001,6.116099999999999,7.3315,8.768,10.8461,8.4014,8.041699999999999,9.2117,6.91,7.1303,7.0103,7.919500000000001,10.4265,2.7153,2.7255000000000003,13.2213,6.5175
2008-09-24,1682.5371000000005,847.5254999999999,835.0116000000005,438.5173999999999,409.00810000000007,416.63220000000007,418.37940000000003,7.5238,6.3799,7.8459,6.3799,8.400099999999998,6.6251999999999995,10.4102,9.5081,8.1832,10.358999999999998,4.6134,11.273399999999999,11.4451,8.969000000000001,11.862400000000001,4.9044,4.6084,10.4208,7.9315,7.5324,11.8595,15.0516,6.3799,11.6974,13.9682,9.4526,6.2248,6.3261,5.3683,8.2745,4.1128,7.097300000000001,6.1052,6.1981,7.352399999999999,11.657599999999999,4.9044,6.249099999999999,6.7822000000000005,7.791600000000001,7.1225000000000005,10.031799999999999,8.452200000000001,27.333199999999998,17.931,4.9044,7.7883,10.0415,9.4846,7.398200000000001,11.6141,11.9051,6.355300000000001,11.0812,8.9665,10.4516,7.3647,5.129899999999999,10.589,5.1936,8.2683,7.6755,4.2402999999999995,5.3553999999999995,16.2185,4.9044,7.1545000000000005,10.3858,6.5562,9.3778,8.8846,4.4223,8.622,7.881,10.913499999999999,6.9389,6.3799,8.256,8.5134,6.397600000000001,9.150400000000001,8.7788,7.6833,10.2599,7.1527,2.0887000000000002,9.7622,3.4621999999999997,11.83,10.388200000000001,8.9272,10.338899999999999,8.0668,7.212,9.569700000000001,7.730500000000001,8.2474,4.2981,6.998100000000001,11.066099999999999,9.3568,4.9044,11.497399999999999,9.9933,7.723800000000001,4.9044,3.8099,11.4575,5.8655,10.476600000000001,6.3799,7.295999999999999,10.8608,8.1371,13.8924,8.062899999999999,6.6534,6.1022,8.1371,2.3811,5.0074,9.346700000000002,7.3003,4.9044,11.354600000000001,8.5088,9.078800000000001,5.3988,6.131900000000001,9.686499999999999,4.5893,11.4208,7.5174,10.613199999999999,10.820500000000001,5.8367,20.1951,3.7414,10.656600000000001,11.1846,5.2339,13.7147,7.8742,12.436,4.9044,10.5937,7.8428,4.834,7.8261,10.1861,8.5559,10.206399999999999,9.9159,6.9625,8.6495,8.1371,9.244299999999999,5.5707,7.4261,8.2344,7.861800000000001,17.2425,9.6435,11.682699999999999,8.863,11.9067,10.181000000000001,6.831700000000001,7.0687,8.395800000000001,6.5144,9.398900000000001,5.1248000000000005,8.0797,9.970600000000001,10.4894,3.7823,7.195,3.9109,15.509599999999999,6.0203999999999995,7.214499999999999,9.4537,8.4125,6.262499999999999,7.3364,8.6942,10.0992,8.979,8.1358,9.7735,7.041499999999999,7.124600000000001,7.0236,8.0471,10.883499999999998,2.7264,2.7597,13.3798,6.4557
2008-09-25,1724.0275000000001,861.3312,862.6963000000002,448.6618000000001,412.66939999999994,427.4551000000001,435.2412000000001,7.6985,6.4807,7.8601,3.566,8.5569,6.9945,11.314900000000002,13.313799999999999,8.1114,10.1513,4.6555,11.6543,11.7547,9.107099999999999,13.316299999999998,4.980499999999999,4.6464,10.6673,8.3003,7.5051000000000005,10.9785,16.0544,6.4807,10.878499999999999,15.0093,8.9479,8.0551,6.2553,5.783499999999999,8.0394,4.3357,7.0425,6.3536,6.2167,7.0497,10.8154,4.980499999999999,6.3457,6.6547,8.0158,7.4677,9.979600000000001,8.6838,27.7806,16.8672,4.980499999999999,7.482399999999999,9.642100000000001,13.3826,7.466799999999999,9.2557,11.7389,7.279,10.6756,9.3019,11.171299999999999,7.447700000000001,5.3502,11.4222,5.4554,8.0953,7.9823,4.2009,5.299300000000001,15.3789,4.980499999999999,6.872200000000001,9.9008,6.8631,9.6432,9.263399999999999,4.3100000000000005,8.747399999999999,7.8488,10.382399999999999,7.9893,6.4807,8.6219,8.7646,6.6875,8.9071,8.987599999999999,7.7851,9.5318,6.9665,2.1455,7.0791,3.5472,13.578899999999999,11.6675,9.4269,10.3877,8.635000000000002,7.4676,10.0619,8.241800000000001,8.6475,4.366,7.153,10.6753,10.1099,4.980499999999999,11.581100000000001,10.4689,7.6268,4.980499999999999,3.9363,13.344800000000001,6.2158,11.0148,6.4807,7.3292,10.7609,8.2622,13.9265,8.3714,6.8107999999999995,6.3056,8.2622,2.4316,4.8386,9.487300000000001,7.439500000000001,4.980499999999999,10.5942,9.3002,13.739799999999999,5.3652999999999995,6.3428,9.8523,4.6347,10.4811,7.6461,9.523100000000001,10.2774,5.8672,20.4476,3.7267,10.7839,11.437899999999999,5.416200000000001,13.831299999999999,8.2165,14.4237,4.980499999999999,10.575199999999999,7.482899999999999,4.9301,8.0255,9.6065,8.503400000000001,10.853,13.609,7.6583,8.9205,8.2622,9.3941,5.8629,7.4026,8.2649,7.830299999999999,18.171799999999998,9.854099999999999,12.2589,10.3291,11.6385,10.9753,7.419099999999999,7.1181,8.9332,5.5692,8.9609,4.5037,8.1718,10.4587,9.8902,3.8353,7.5517,3.6243999999999996,17.086,6.4122,8.326,9.0717,8.6303,6.225,7.3365,8.9148,11.3768,9.770700000000001,8.3562,11.2902,7.6044,7.2645,7.18,8.141300000000001,10.9909,2.8997,2.8974,13.445400000000001,6.196
2008-09-26,1744.0128,884.2611999999999,859.7516,455.2294999999999,429.03170000000017,411.3573,448.39429999999993,7.6729,6.6942,8.150599999999999,6.6942,8.962100000000001,7.0699000000000005,14.835700000000001,8.8438,6.007,10.2172,4.8794,13.493300000000001,11.2012,9.0214,9.071100000000001,5.1269,4.7606,11.2021,6.5226,7.6563,12.2264,15.8192,6.6942,10.8762,18.5882,8.9512,8.7619,6.0806000000000004,5.464099999999999,8.762,4.8248999999999995,7.31,6.2165,6.1607,11.9032,9.9339,5.1269,6.4373,7.2048000000000005,8.3279,8.1801,9.831399999999999,8.1482,28.112299999999998,19.552,5.1269,6.7931,8.916999999999998,9.304499999999999,7.511399999999999,10.0686,10.2635,9.130600000000001,11.6655,9.116299999999999,11.706399999999999,7.4726,5.4014,11.1387,5.6808,7.8372,9.2477,4.1514,5.4087,17.127499999999998,5.1269,8.476700000000001,10.7426,6.879499999999999,10.5319,8.668599999999998,4.4103,8.7788,7.025,10.3859,9.2965,6.6942,4.065099999999999,8.1359,6.7383,9.8061,8.5842,8.0725,17.1143,7.2683,3.845,10.3296,3.6529000000000003,16.9781,9.323799999999999,7.007,10.3229,6.9571000000000005,7.4879,9.853,8.8417,8.7712,4.5564,7.426,11.4606,11.1726,5.1269,10.9019,10.3024,7.4943,5.1269,4.3256,11.7899,6.170000000000001,6.1465000000000005,6.6942,7.481599999999999,8.6201,8.3396,17.4941,8.9723,7.544700000000001,6.4168,8.3396,2.4739,4.8822,8.8799,7.6814,5.1269,12.1664,7.7612000000000005,8.9677,5.6005,6.357200000000001,10.3418,4.381200000000001,9.4716,8.0321,8.450299999999999,11.4139,5.957599999999999,20.1203,3.7636000000000003,9.7583,11.497,5.4099,14.7956,9.2664,6.338,5.1269,11.0578,5.7162,5.0671,6.3913,10.6431,10.7594,12.1902,11.9224,7.222000000000001,9.0008,8.3396,9.5527,5.807,7.4254999999999995,8.321100000000001,7.7884,18.758,9.624600000000001,11.2753,9.5728,12.2674,10.5489,7.590599999999999,7.482399999999999,11.6272,5.7195,9.3051,4.064299999999999,8.303600000000001,10.1645,8.885299999999999,3.8979999999999997,13.679399999999998,4.2782,19.598300000000002,4.8297,11.831300000000002,9.8842,9.0703,6.346499999999999,7.267499999999999,8.7493,10.2862,8.2927,8.9946,10.1945,7.7846,7.178599999999999,7.5508,8.7304,10.706800000000001,3.3000999999999996,3.0496999999999996,13.492800000000003,5.8812
2008-09-27,1342.226,686.2186000000002,656.0074000000001,352.7880999999999,333.43049999999994,321.46539999999993,334.54200000000003,6.3607,5.2874,8.1693,5.2874,7.4894,6.145099999999999,10.4662,6.851800000000001,4.520899999999999,7.9981,3.9021,8.2148,8.9148,6.6566,5.1128,3.9838000000000005,3.9809,9.1835,5.1966,6.892399999999999,9.416599999999999,6.9916,5.2874,8.200800000000001,8.3706,4.9338,17.4025,4.3436,4.1985,5.9872,3.9374,6.167,3.894,4.9697,5.2538,8.314,3.9838000000000005,4.9162,5.3457,6.806800000000001,6.848599999999999,7.0405,7.3347,24.2286,16.3883,3.9838000000000005,7.687500000000001,6.8553999999999995,7.3387,5.7464,22.585299999999997,8.7185,5.5407,7.1476,7.5312,14.0119,5.788500000000001,5.13,8.2526,5.096500000000001,3.7380999999999998,6.594200000000001,3.8303000000000003,4.2007,13.7325,3.9838000000000005,4.9544999999999995,9.028300000000002,5.627699999999999,7.4281999999999995,6.6296,2.8550000000000004,7.158499999999999,5.677,8.042200000000001,5.5761,5.2874,2.6092000000000004,6.071,5.0298,5.6068,6.5725999999999996,5.7521,6.5789,5.825900000000001,9.1298,5.0136,2.9045,7.0377,6.350300000000001,6.0941,9.013,4.6635,5.5941,8.741,6.780799999999999,6.671200000000001,3.7992,6.1652000000000005,7.2793,8.065199999999999,3.9838000000000005,8.1705,8.4557,5.761900000000001,3.9838000000000005,4.0133,8.6946,5.4154,6.2015,5.2874,5.7286,6.6720999999999995,6.686400000000001,8.397,7.3553,6.647600000000001,4.4224,6.686400000000001,2.4068,4.5173000000000005,6.401200000000001,6.8194,3.9838000000000005,7.3757,8.0091,5.7478,4.5792,4.7271,9.2616,3.2994000000000003,7.879300000000001,7.2404,7.0253,7.079700000000001,4.7372,18.8777,3.2142,6.6902,8.7803,4.3217,14.9568,7.1252,5.7705,2.4693,8.145700000000001,3.3664,4.7953,5.2295,6.0034,11.4669,8.260000000000002,5.1899,4.7065,7.192500000000001,6.686400000000001,7.6293999999999995,4.4673,5.811299999999999,6.4703,6.7094000000000005,15.198699999999999,7.2006000000000006,7.5816,6.9696,7.5338,9.288,6.8346,6.3175,7.8323,4.5999,6.701200000000001,3.1274999999999995,6.69,8.0528,7.1243,2.7472000000000003,5.7947,3.6536,15.1644,3.5199000000000003,5.8951,7.9872,6.0783,5.499499999999999,6.2462,6.3341,5.676399999999999,7.303100000000001,8.0217,5.0704,5.4528,6.114,6.3926,7.1515,8.7892,3.0521000000000003,1.9531,11.0745,3.9281
2008-09-28,1130.9202,562.0239000000001,568.8963,287.9037,274.1202,284.60299999999995,284.2933,7.6466,4.608499999999999,5.247199999999999,4.608499999999999,6.810500000000001,5.0581,7.2373,5.6686,3.6729000000000003,7.3802,3.4979,6.8826,7.908099999999999,5.6462,5.0089,3.4869000000000003,3.5127999999999995,7.707699999999999,4.656000000000001,6.7903,7.1033,5.945399999999999,4.608499999999999,7.3219,7.348299999999999,3.9960000000000004,7.9665,3.8360000000000003,3.1966,5.0309,3.5858000000000003,5.4864,3.2588,4.5698,4.1467,7.1026,3.4869000000000003,4.0341000000000005,4.1924,5.749700000000001,6.0680000000000005,6.471,7.3043000000000005,20.3504,8.2231,3.4869000000000003,4.307600000000001,5.7745,5.9039,5.0116,9.3996,8.0534,4.8869,5.9223,6.1664,8.788499999999999,4.9743,5.1093,7.916200000000001,4.3857,3.1662999999999997,5.6684,3.6862000000000004,3.8355999999999995,8.2875,3.4869000000000003,4.003,7.3489,4.785499999999999,6.736900000000001,6.2483,2.1599,6.0551,4.9421,7.2191,4.983,4.608499999999999,2.0822,4.957700000000001,4.3487,4.5394,5.7686,5.7383,5.2177999999999995,5.0179,1.7409,5.9541,2.5317,6.931,5.2005,8.107299999999999,9.276299999999999,3.6982,4.8169,7.8106,6.690499999999999,5.645,3.3012999999999995,5.8983,6.023199999999999,7.1174,3.4869000000000003,7.4167000000000005,8.3525,5.2249,3.4869000000000003,4.2955000000000005,8.1804,4.6958,4.9732,4.608499999999999,5.0485,5.688,5.8124,8.9496,6.492899999999999,5.3614,4.0922,5.8124,2.0761000000000003,3.4869000000000003,5.590400000000001,6.580299999999999,3.4869000000000003,6.1485,7.5744,4.7889,3.7969,4.0659,7.518600000000001,2.6469,7.0457,6.9343,5.9205000000000005,5.985900000000001,4.1316,16.8388,2.6267,6.104900000000001,7.465799999999999,3.873099999999999,11.4939,6.2877,5.4867,3.4869000000000003,7.0558,2.7298,4.8431999999999995,4.2437000000000005,5.1912,6.902700000000001,7.1243,4.4343,4.2021,5.7586,5.8124,6.889,3.6973,5.2428,5.650399999999999,6.0136,10.9513,6.433199999999999,6.0445,5.9140999999999995,6.1794,8.2315,5.742000000000001,5.583,6.913099999999999,4.053,5.5261,2.4834,5.542400000000001,7.7985999999999995,5.9237,2.3217999999999996,4.4513,4.2749,7.2139,2.9377,5.112299999999999,7.179899999999999,5.099,5.1868,5.721,5.8254,4.834999999999999,6.509,8.3132,4.3437,4.803599999999999,5.4313,7.001399999999999,7.2895,7.1644,3.3129,1.5623999999999998,10.0275,3.3286
2008-09-29,1546.0412000000001,773.4215,772.6197000000002,400.98019999999997,372.4413,387.5618000000001,385.05789999999996,7.247,6.105,7.2985,6.105,8.584600000000002,6.232199999999999,11.2164,8.1792,5.779299999999999,9.8137,4.3263,10.0803,11.551400000000001,8.1241,10.344999999999999,4.7128,4.356400000000001,10.099,5.6717,7.995,8.5715,12.7653,6.105,10.0136,12.8901,7.829899999999999,6.8717,6.280000000000001,5.3666,7.6476,4.1432,7.266699999999999,6.043799999999999,5.703200000000001,6.3985,8.8356,4.7128,5.76,6.9979000000000005,7.3945,6.6434,9.3978,7.3352,25.6432,15.785599999999999,4.7128,7.245699999999999,7.300700000000001,8.5196,6.9758,7.5968,9.346900000000002,5.9535,8.5626,8.6846,9.4068,7.0183,5.4251000000000005,9.9908,4.465400000000001,7.5234,7.637600000000001,4.5562000000000005,5.0511,14.7744,4.7128,6.4961,8.5821,6.0669,8.721599999999999,9.702100000000002,4.0634,7.8088,6.4516,9.676,9.1152,6.105,3.9554000000000005,7.7651,6.0783,7.4588,8.0316,8.0638,8.0784,5.931900000000001,1.8987,10.0278,3.6778000000000004,14.433,8.9795,6.7704,10.037600000000001,6.8283000000000005,6.782500000000001,9.8978,7.195,7.5964,4.0607,6.8505,8.5469,9.9269,4.7128,11.403199999999998,9.592299999999998,7.1692,4.7128,3.8971,10.668000000000001,5.5418,9.212,6.105,6.9526,11.419800000000002,7.7957,15.2693,8.0045,6.0925,6.0464,7.7957,2.3265,4.7128,9.197199999999999,7.2035,4.7128,9.038,9.291400000000001,9.0972,5.1916,5.791300000000001,9.209599999999998,4.2542,8.871,7.3788,7.3893,9.6494,5.507999999999999,18.1965,3.5631000000000004,8.143799999999999,10.4965,4.9007000000000005,12.378499999999999,7.5969,11.7623,4.7128,9.3519,6.0536,5.8623,5.855,7.5477,6.1556,10.263300000000001,6.7563,6.734400000000001,8.1166,7.7957,8.9287,5.3198,7.0884,7.7574000000000005,7.584700000000001,13.804700000000002,7.830299999999999,11.0901,8.186,9.059000000000001,10.7851,4.618600000000001,8.5295,11.584900000000001,6.3421,8.0257,3.898,8.0138,9.220400000000001,8.391200000000001,3.7098000000000004,6.8172,4.2715,15.146799999999999,4.3871,6.038399999999999,8.8509,8.1029,5.937199999999999,7.1895,8.603,9.9164,7.990499999999999,7.6892,7.2562,6.473000000000001,6.8517,7.1866,7.6905,9.8763,2.7435,2.4115,12.4813,5.5566
2008-09-30,1624.4235999999999,818.7154,805.7081999999998,429.07099999999997,389.64439999999996,401.7103999999999,403.9978000000001,7.457800000000001,6.2542,7.6288,6.2542,8.7117,6.505000000000001,11.7159,9.5455,6.7038,10.3455,4.490600000000001,13.6541,11.5348,9.346,11.4729,4.7749,4.515899999999999,11.3509,6.2064,7.477999999999999,11.310400000000001,14.607899999999999,6.2542,10.410400000000001,14.700300000000002,9.2551,5.7646,5.801900000000001,5.276199999999999,7.6466,4.0008,6.7787,6.3626000000000005,5.979699999999999,7.2454,10.0755,4.7749,6.0249,6.0532,7.7391000000000005,6.7904,9.639199999999999,7.5397,26.6798,17.9326,4.7749,7.3699,9.139199999999999,9.9312,7.2648,5.893800000000001,11.9848,7.253100000000001,9.0913,8.643799999999999,9.917100000000001,7.2302,5.3319,10.6038,4.7648,8.5984,7.6762999999999995,4.960500000000001,5.109,16.1607,4.7749,9.6477,10.2329,6.252,9.7339,9.0958,4.3517,8.1899,6.5876,9.9189,7.837400000000001,6.2542,4.1235,8.027,6.3927,7.4786,8.4811,9.846400000000001,11.006800000000002,6.911000000000001,1.9292,7.8874,3.4133000000000004,12.888700000000002,9.0637,6.9463,10.2408,7.6211,6.9574,8.7562,7.194399999999999,7.9909,4.2262,6.9679,9.1974,9.2445,4.7749,11.346,9.8991,7.3819,4.7749,3.8215999999999997,10.736699999999999,6.0032,9.365200000000002,6.2542,7.173299999999999,9.7365,7.950000000000001,14.366299999999999,8.1428,6.246999999999999,6.1332,7.950000000000001,2.3276,4.780900000000001,9.1943,7.2082999999999995,4.7749,9.5487,9.476899999999999,10.1269,5.2005,6.098199999999999,9.572,4.4629,9.8959,7.3388,8.8087,9.043500000000002,5.6983,20.0315,3.6713000000000005,9.8554,10.7871,5.2119,12.7833,7.6466,12.6506,4.7749,9.5025,8.268600000000001,6.1243,7.272500000000001,8.2713,6.4879999999999995,11.1614,8.3744,7.096399999999999,8.9134,7.950000000000001,8.9828,5.7069,7.2559,8.0348,7.8296,16.1295,9.127799999999999,10.9083,8.4567,9.671600000000002,9.739799999999999,5.5207,7.641399999999999,8.0789,7.093999999999999,8.5974,4.141499999999999,8.2112,9.231200000000001,8.7404,3.7931000000000004,6.5114,3.681,16.1478,6.5127,7.0608,8.931,8.433,6.161200000000001,7.3595,9.0825,11.1934,9.3532,7.9006,9.3041,7.010199999999999,6.985200000000001,6.9349,7.871700000000001,9.91,2.7044,2.5984,13.4893,5.984399999999999
